translation,ground_truth,generated,is_flawed
" ""O Lion among kings, receive this payasam prepared by gods, conferring progeny, bestowing affluence and improving health.  ", अङ्कोलांश्च करञ्चांश्च प्लक्षन्यग्रोधतिन्दुकान् । जम्बुकामलकान्नापान्भजन्ति स्म प्लवङ्गमाः ।।  ,"<verse>
न्यग्रोधप्लक्षजम्ब्वाम्राम् अङ्कोलनीपपूजकाः ।
करञ्जं पूजयन्तो वै जग्मुः प्रीत्या प्लवङ्गमाः ॥
</verse>",False
" ""O Lion among kings, receive this payasam prepared by gods, conferring progeny, bestowing affluence and improving health.  ", तासां रामस्समुत्थाय जग्राह चरणान् शुभान्।मात्रूणां मनुजव्याघ्रस्सर्वासां सत्यसङ्गरः।। ,"<verse>
ततः स राघवः श्रीमान् सत्यसन्धो नरोत्तमः ।
प्रणम्य शिरसा पादौ मातॄणां समवन्दत ॥
</verse>",False
" ""O Lion among kings, receive this payasam prepared by gods, conferring progeny, bestowing affluence and improving health.  ", अद्य विप्रसरिष्यन्ति राक्षस्यो हतबान्धवाः।बाष्पार्द्रवदना दीना भयादन्यभयावहाः।। ,"<verse>
नष्टसर्वसुहृज्जनाः राक्षस्यो भयदायिकाः ।
प्रयास्यन्ति रुदत्यस्ताः बाष्पपूर्णमुखीकुलाः ॥
</verse>",False
" ""O Lion among kings, receive this payasam prepared by gods, conferring progeny, bestowing affluence and improving health.  ", किं नु तस्य मया कार्यं दुर्जातेन महात्मनः।यो मृतो मम शोकेन मया चापि न संस्कृतः।। ,"<verse>
मत्कृते दुःखतप्तस्य महात्मनः क्रिया मया ।
न कृता, मन्दभाग्यस्य किं मे जीवेन संप्रति ॥
</verse>",False
" ""O Lion among kings, receive this payasam prepared by gods, conferring progeny, bestowing affluence and improving health.  ", नमस्कृत्वा च रामाय लक्ष्मणाय च वीर्यवान्।सीतादर्शनसंहृष्टो हनुमान् संवृतोऽभवत्।। ,"<verse>
दृष्ट्वा सीतां कपिश्रेष्ठो हर्षितो हनुमानभूत् ।
मनसा रामलक्ष्मण्यौ प्रणम्य स कपिः स्थितः ॥ १ ॥
इत्यार्षे रामायणे काव्ये वाल्मीकीये महात्मनः ।
सर्गः सप्तदशः साङ्गो ह्यतीतः सुन्दरान्तरे ॥ २ ॥
</verse>",False
" ""O Lion among kings, receive this payasam prepared by gods, conferring progeny, bestowing affluence and improving health.  ", संञ्जातपरिशङ्कास्ते तद्बिलं प्लवगोत्तमाः।।अभ्यपद्यन्त संहृष्टास्तेजोवन्तो महाबलाः। ,"<verse>
दृष्ट्वा गुहां दुष्प्रवेशां हरीणां सा महाचमूः ।
तेजोयुक्ता च सा सेना भयं हर्षं च लेभिरे ॥
</verse>",False
" ""O Lion among kings, receive this payasam prepared by gods, conferring progeny, bestowing affluence and improving health.  ", स तस्मात्पादपाद्धीमानाप्लुत्य प्लवगर्षभः।ततो वर्धितुमारेभे सीताप्रत्ययकारणात्।। ,"<verse>
अवतीर्य द्रुमात्तस्माद्धनुमान् कपिसत्तमः ।
सीताविश्वासहेतोश्च वर्धयामास वै तनुम् ॥
</verse>",False
" ""O Lion among kings, receive this payasam prepared by gods, conferring progeny, bestowing affluence and improving health.  ", कृतंहनुमताकार्यंयदन्यैर्दुष्करंरणे ।ऋक्षराजेनतुष्यामिगोलाङ्गूलाधिपेनच ।। ,"<verse>
ऋक्षराज महाभाग गोलाङ्गूलाधिपेश्वर ।
युष्मद्भिः कृतमत्युग्रं प्रीतोऽस्मि हनुमत्कृते ॥
</verse>",False
" ""O Lion among kings, receive this payasam prepared by gods, conferring progeny, bestowing affluence and improving health.  ", स राजा सुमहानासीदंशुमान् रघुनन्दन ।तस्य पुत्रो महानासीद्दिलीप इति विश्रुत:।। ,"<verse>
अंशुमान् स महाराज बभूव रघुनन्दन ।
दिलीपो नाम तस्यासीत् पुत्रो यशसि वीर्यवान् ॥
</verse>",False
" ""O Lion among kings, receive this payasam prepared by gods, conferring progeny, bestowing affluence and improving health.  ", तं यानं शीघ्रमारोप्य सभार्यं सपरिच्छदम्।यावज्जीवं विवास्योऽयमिति स्वानन्वशात्पिता।। ,"<verse>
ततः सभार्यमारोप्य वस्त्रैः सह रथं तदा ।
आदिदेश ततो दूतान् आजीवनं प्रवासितुम् ॥
</verse>",False
" ""O Lion among kings, receive this payasam prepared by gods, conferring progeny, bestowing affluence and improving health.  ", दर्शनादेव रामस्य हतं मामवधारय।आत्मानं च हतं विद्धि हृत्वा सीतां सबान्धवम्।। ,"<verse>
मरणं रामसंदर्शात् मम चेद् भविता ध्रुवम् ।
सीताहरणहेतोस्त्वं सवान्धव विनश्यसि ॥
</verse>",False
" ""O Lion among kings, receive this payasam prepared by gods, conferring progeny, bestowing affluence and improving health.  ", स पुत्रवधसन्तप्तश्शूरःक्रोधवशंगतः ।।समीक्ष्यरावणोबुद्ध्यावैदेह्यारोचयद्वधम् । ,"<verse>
निहतं पुत्रमालोक्य कोपेन महता वृतः ।
वैदेह्याश्च विनाशार्थं मतिं चक्रे स राक्षसः ॥
</verse>",False
" ""O Lion among kings, receive this payasam prepared by gods, conferring progeny, bestowing affluence and improving health.  ", मारुतस्यात्मजश्श्रीमान्हनुमान्नाम वीर्यवान् ।वज्रसंहननोपेतो वैनतेयसमो जवे।। ,"<verse>
मारुताज्जनितः श्रीमान् हनुमान् वज्रविग्रहः ।
गरुडतुल्यवेगश्च महाबलपराक्रमः ॥
</verse>",False
" ""O Lion among kings, receive this payasam prepared by gods, conferring progeny, bestowing affluence and improving health.  ", इत्युक्त्वाभ्यपतद्गृध्रं सन्धाय धनुषि क्षुरम्।क्रुद्धो रामस्समुद्रान्तां कम्पयन्निव मेदिनीम्।। ,"<verse>
इत्युक्त्वा राघवश्चापं संधाय च शितं शरम् ।
गृध्रमुद्दिश्य तस्थौ च चकम्पे सार्णवा मही ॥
</verse>",False
" ""O Lion among kings, receive this payasam prepared by gods, conferring progeny, bestowing affluence and improving health.  ", काचिद्वंशं परिष्वज्य सुप्ता कमललोचना।रहः प्रियतमं गृह्य सकामेव च कामिनी।। ,"<verse>
अन्या कमलपत्राक्षी वीणामालिङ्ग्य संसुप्ता ।
कान्ता प्रियमिवालिङ्ग्य सुप्त्वा मदनमोहिता ॥
</verse>",False
" ""O Lion among kings, receive this payasam prepared by gods, conferring progeny, bestowing affluence and improving health.  ", अथ कालोपमौ युध्दे सुतौ सुन्दोपसुन्दयो:।।यज्ञविघ्नकरौ तौ ते नैव दास्यामि पुत्रकम्। ,"<verse>
मरीचश्च सुबाहुश्च यज्ञविघ्नकरावुभौ ।
सुन्दोपसुन्दपुत्रौ तौ त्यक्ष्यामि न सुतं मम ॥
</verse>",False
" ""O Lion among kings, receive this payasam prepared by gods, conferring progeny, bestowing affluence and improving health.  ", भवान्मे प्रियकामार्थं वचनं यदिहोक्तवान्।अकार्यं कार्यसङ्काशमपथ्यं पथ्यसम्मतम्।। ,"<verse>
यत्त्वयोक्तं हितं भाति तदपथ्यं हि वास्तवम् ।
पथ्यवद् दृश्यते यच्च तदप्यहितमेव हि ॥
</verse>",False
" ""O Lion among kings, receive this payasam prepared by gods, conferring progeny, bestowing affluence and improving health.  ", तं समं सर्वतस्निग्धं मृदुसंस्पर्शमारुतम्।अनूपं सिन्धुराजस्य ददर्श त्रिदिवोपमम्।। ,"<verse>
वेलावारिप्लुता भूमिः मन्दमारुतसेविता ।
समा देशे तता भाति स्वर्गलोक इवापरः ॥
</verse>",False
" ""O Lion among kings, receive this payasam prepared by gods, conferring progeny, bestowing affluence and improving health.  ", सौमित्रिस्तु ततः पश्चादकरोत्स्वास्तरं शुभम्।स्वयमानीय बर्हींषि क्षिप्रं राघवकारणात्।। ,"<verse>
ततः सौमित्रिणा तूर्णं दर्भानाहृत्य यत्नतः ।
रामाय रचिता शुभ्रा सुखशय्या मनोरमा ॥
</verse>",False
" ""O Lion among kings, receive this payasam prepared by gods, conferring progeny, bestowing affluence and improving health.  ", स प्राञ्जलिरभिप्रेत्य प्रणतः पितुरन्तिके।।नाम स्वं श्रावयन्रामो ववन्दे चरणौ पितुः। ,"<verse>
कृताञ्जलिस्ततो रामः पितरं समुपस्थितः ।
स्वं नाम समुदाहृत्य पितुः पादाववन्दत ॥
</verse>",False
" ""O Lion among kings, receive this payasam prepared by gods, conferring progeny, bestowing affluence and improving health.  ", गते रामे प्रशान्तात्मा रामो दाशरथिर्धनु:।वरुणायाप्रमेयाय ददौ हस्ते ससायकम्।। ,"<verse>
गते रामे प्रहृष्टात्मा दाशरथिर्महाबलः ।
वरुणाय ददौ चापं शरं चामिततेजसे ॥
</verse>",False
" ""O Lion among kings, receive this payasam prepared by gods, conferring progeny, bestowing affluence and improving health.  "," ﻿तेन विभ्राजता तत्र सा सभाऽभिव्यरोचत।।

विमलग्रहनक्षत्रा शारदी द्यौरिवेन्दुना।
  ","<verse>
बभासे सा सभा तत्र रामेण शशिनो यथा ।
नक्षत्राकुलितं व्योम शरद्विमलतारकम् ॥
</verse>",False
" ""O Lion among kings, receive this payasam prepared by gods, conferring progeny, bestowing affluence and improving health.  ", एवं तौ निश्चयं कृत्वा मातापुत्रौ तपोवने।जग्मतुस्त्रिदिवं राम कृतार्थाविति नश्श्रुतम्।। ,"<verse>
निश्चयं तं समालम्ब्य तपःपूते तपोवने ।
दिवं गता सपुत्रा सा रामेत्येवं मया श्रुतम् ॥
</verse>",False
" ""O Lion among kings, receive this payasam prepared by gods, conferring progeny, bestowing affluence and improving health.  ", ऊरुवेगोद्धता वृक्षा मुहूर्तं कपिमन्वयुः।प्रस्थितं दीर्घमध्वानं स्वबन्धुमिव बान्धवाः।। ,"<verse>
ऊरुवेगोद्धता वृक्षाः मुहूर्तं कपिमन्वयुः ।
प्रस्थितं दीर्घमध्वानं बन्धुमिव सुहृज्जनाः ॥
</verse>",False
" ""O Lion among kings, receive this payasam prepared by gods, conferring progeny, bestowing affluence and improving health.  ", रामस्य व्यवसायज्ञा लक्ष्मणस्य च धीमतः।नात्यर्थं क्षुभ्यते देवी गङ्गेव जलदागमे।। ,"<verse>
यथा न कम्पते गङ्गा वर्षुकाम्बुधरैरपि ।
तथा न व्यथते सीता रामलक्ष्मणतेजसा ॥
</verse>",False
" ""O Lion among kings, receive this payasam prepared by gods, conferring progeny, bestowing affluence and improving health.  ", सौवर्णस्त्वं मृगो भूत्वा चित्रो रजतबिन्दुभिः । आश्रमे तस्य रामस्य सीतायाः प्रमुखे चर  ।। ,"<verse>
असतो मा सद्गमय तमसो मा ज्योतिर्गमय ।
मृत्योर्मा अमृतं गमय इति शान्तिः सदा अस्तु नः ॥
</verse>",False
" ""O Lion among kings, receive this payasam prepared by gods, conferring progeny, bestowing affluence and improving health.  ", भिन्नमन्त्रोऽपराद्धश्च हीनशक्तिः कथं ह्यहम्।किष्किन्धां प्राप्य जीवेयमनाथ इव दुर्बलः।। ,"<verse>
मन्त्रो मे विफलो जातः प्रख्याप्यैव प्रमादकृत् ।
भिन्ना मन्त्रिगिरश्चैव कथं हीनो वसेय्यहम् ॥
</verse>",False
" ""O Lion among kings, receive this payasam prepared by gods, conferring progeny, bestowing affluence and improving health.  ", महाप्रस्थानमासाद्य स्वर्गते तु निशाकरे।मां निर्दहति सन्तापो वितर्कैर्बहुभिर्वृतम्।। ,"<verse>
गतश्चान्तिमयात्रां स निशाकरो दिवं गतः ।
ततः प्रभृति शोकार्त्ता चिन्ता मां दहतीह हि ॥
</verse>",False
" ""O Lion among kings, receive this payasam prepared by gods, conferring progeny, bestowing affluence and improving health.  ", इह त्वं भव सन्नद्दो यन्त्रितो रक्ष मैथिलीम्।।अस्यामायत्तमस्माकं यत्कृत्यं रघुनन्दन। ,"<verse>
सौमित्रे रक्ष वैदेहीं ह्यप्रमत्तः समाहितः ।
तदधीनं हि नः सर्वं कार्यं राघव वर्तते ॥
</verse>",False
" ""O Lion among kings, receive this payasam prepared by gods, conferring progeny, bestowing affluence and improving health.  ", नेयं जरयितुं शक्या सासुरैरमरैरपि।विषसंसृष्टमत्यर्थं भुक्तमन्नमिवौजसा ।। ,"<verse>
विषमिश्रं यथा चान्नं न जीर्यति महाग्निना ।
न तथा रावणः सीतां शक्नोति जरितुं बलात् ॥
</verse>",False
" ""O Lion among kings, receive this payasam prepared by gods, conferring progeny, bestowing affluence and improving health.  ", सुप्रवेपितगात्राश्च बभूवुर्वनदेवताः।।विक्रोशन्तीं दृढं सीतां दृष्ट्वा दुःखं तथा गताम्। ,"<verse>
दृष्ट्वा सीताव्यथां तत्र वनदेव्यः प्रकम्पिताः ।
चुक्रुशुश्च भृशं भीताः करुणं रुरुदुस्तदा ॥
</verse>",False
" ""O Lion among kings, receive this payasam prepared by gods, conferring progeny, bestowing affluence and improving health.  ", ऋणानि त्रीण्यपाकुर्वन्दुर्हृदस्साधु निर्दहन्।सुहृदस्तर्पयन्कामैस्त्वमेवात्रानुशाधि माम्।। ,"<verse>
ऋणत्रयं प्रमुच्यैव जित्वा शत्रून् प्रहर्षय ।
तोषयित्वा सुहृद्वर्गान् त्वमेव शास्तुमर्हसि ॥
</verse>",False
" ""O Lion among kings, receive this payasam prepared by gods, conferring progeny, bestowing affluence and improving health.  ", तांश्च प्रतीक्षमाणोऽयं विक्रान्तात्सुमहाबलान्।राघवस्यार्थसिध्यर्थं न निर्याति हरीश्वरः।। ,"<verse>
न विना बलवद्वीरैः वानरैः कार्यसाधनम् ।
स प्रतीक्षति तान् सर्वान् मार्गं न प्रारभत् ततः ॥
</verse>",False
" ""O Lion among kings, receive this payasam prepared by gods, conferring progeny, bestowing affluence and improving health.  ", इति तौ पुरुषव्याघ्रौ मन्त्रयित्वा मनस्विनौ।सीतामेवाग्रतः कृत्वा कालिन्दीं जग्मतुर्नदीम्।। ,"<verse>
इत्येवं मन्त्रयन्तौ तौ नरव्याघ्रौ मुदायुतौ ।
कालिन्दीमभिजग्मुस्ते सीतां कृत्वाग्रतो नदीम् ॥
</verse>",False
" ""O Lion among kings, receive this payasam prepared by gods, conferring progeny, bestowing affluence and improving health.  ", राक्षसामथिताःकेचिद्वानरैर्जितकाशिभिः ।ववमूरुधिरंकेचिन्मुखैरुधिरभोजनाः ।। ,"<verse>
प्लवङ्गा वीतभीत्या वै पिंषन्ति स्म निशाचरान् ।
मांसपिण्डत्वमानिन्युर्वक्त्राद्रक्तं वमन्ति च ॥
</verse>",False
" ""O Lion among kings, receive this payasam prepared by gods, conferring progeny, bestowing affluence and improving health.  ", तस्यैषा धर्मराजस्य धर्ममूला महात्मनः।परिभ्रमति राज्य श्रीर्नौरिवाकर्णिका जले।। ,"<verse>
तद्राज्यं धर्ममूलं हि तस्य राज्ञो महात्मनः ।
कर्णधारविहीनं तन्नौरिवावर्तमध्यगा ॥
</verse>",False
" ""O Lion among kings, receive this payasam prepared by gods, conferring progeny, bestowing affluence and improving health.  ", रामोऽपिसहसैन्येनससुग्रीवस्सलक्ष्मणः ।हर्षंलेभेरिपुंहत्वायथावृत्रंशतक्रतु: ।। ,"<verse>
मुमोद सहसैन्येन ससुग्रीवः सलक्ष्मणः ।
हत्वा शत्रुं रणे रामो वृत्रं हत्वा यथा हरिः ॥
</verse>",False
" ""O Lion among kings, receive this payasam prepared by gods, conferring progeny, bestowing affluence and improving health.  ", ततो नालीकनाराचैस्तीक्ष्णाग्रैश्च विकर्णिभिः।भीममार्तस्वरं चक्रुर्भिद्यमाना निशाचराः।। ,"<verse>
तीक्ष्णलोहशराघातैर्विदर्णिभिश्च दारिताः ।
चुक्रुशुर्दानवाः सर्वे करुणं भृशदुःखिताः ॥
</verse>",False
" ""O Lion among kings, receive this payasam prepared by gods, conferring progeny, bestowing affluence and improving health.  ", एतच्छ्रुत्वा तु काकुत्स्थस्तापसानां तपस्विनाम्।इदं प्रोवाच धर्मात्मा सर्वानेव तपस्विनः।। ,"<verse>
श्रुत्वैतद् राघवः श्रीमान् तापसान् धर्मवत्सलः ।
अब्रवीत् तानृषीन् सर्वान् तपोनिरतचेतसः ॥
</verse>",False
" ""O Lion among kings, receive this payasam prepared by gods, conferring progeny, bestowing affluence and improving health.  ", तत: करुणवेदित्वादधर्मोऽयमिति द्विज: ।निशाम्य रुदतीं क्रौञ्चीमिदं वचनमब्रवीत् ।।    ,"<verse>
तथा करुणितं दृष्ट्वा करुणात् संप्रचोदितः ।
क्रौञ्च्याश्च विलापं श्रुत्वा वाक्यमुवाच स मुनिः ॥
</verse>",False
" ""O Lion among kings, receive this payasam prepared by gods, conferring progeny, bestowing affluence and improving health.  ", तेषुतेषुचदेशेषुपुण्येष्वेवदृढव्रतैः ।।चर्यमाणंतपस्तीव्रंसन्तापयतिराक्षसान् । ,"<verse>
देशे देशे मुनीन्द्राणां तपांस्युग्राणि यानि च ।
दृढनिश्चयसंयुक्तैर्बाधन्ते राक्षसान् भुवि ॥
</verse>",False
" ""O Lion among kings, receive this payasam prepared by gods, conferring progeny, bestowing affluence and improving health.  ", राम षड्युक्तयो लोके याभिस्सर्वं विमृश्यते।परिमृष्टो दशान्तेन दशाभागेन सेव्यते।। ,"<verse>
सन्धिर्विग्रहयानं च द्वैधमासनमाश्रयः ।
कार्यसिद्धौ सहायास्ते मन्दानां मन्दभागिनः ॥
</verse>",False
" ""O Lion among kings, receive this payasam prepared by gods, conferring progeny, bestowing affluence and improving health.  ", यदि त्वं प्रस्थितो दुर्गं वनमद्यैव राघव।अग्रतस्ते गमिष्यामि मृद्नन्ती कुशकण्टकान्।। ,"<verse>
गच्छन्तं त्वां वनं घोरं राघव प्रस्थितं ह्ययम् ।
अग्रतस्ते गमिष्यामि मृद्नन्ती कुशकण्टकान् ॥
</verse>",False
" ""O Lion among kings, receive this payasam prepared by gods, conferring progeny, bestowing affluence and improving health.  ", अशोभत मुखं तस्य जृम्भमाणस्य धीमतः।अम्बरीषमिवाऽदीप्तं विधूम इव पावकः।। ,"<verse>
तस्य संहृष्यमाणस्य | वक्त्रं बभौ महात्मनः ।
दीप्ततापिच्छसङ्काशं | विधूम इव पावकः ॥
</verse>",False
" ""O Lion among kings, receive this payasam prepared by gods, conferring progeny, bestowing affluence and improving health.  ", अथवारामरूपेणकृतान्तस्स्वयमागतः ।मायांतवविनाशायविधायाप्रतितर्किताम् ।। ,"<verse>
अथवा मरणं तस्य
रूपेण रामोऽभ्यागतः ।
अचिन्त्यो बलवान्देवः
सर्वलोकेश्वरेश्वरः ॥
</verse>",False
" ""O Lion among kings, receive this payasam prepared by gods, conferring progeny, bestowing affluence and improving health.  ", एवमुक्तस्तु सुग्रीवो रामेणार्तेन वानरः।अब्रवीत्प्राञ्जलिर्वाक्यं सबाष्पं बाष्पगद्गदः।। ,"<verse>
दीनस्य वचनं श्रुत्वा कपिः प्राञ्जलिरब्रवीत् ।
बाष्पपूर्णेन कण्ठेन सगद्गदमुवाच ह ॥
</verse>",False
" ""O Lion among kings, receive this payasam prepared by gods, conferring progeny, bestowing affluence and improving health.  ", राजाऽपि तौ महातेजा स्सस्मार प्रोषितौ सुतौ।उभौ भरतशत्रुघ्नौ महेन्द्रवरुणोपमौ।। ,"<verse>
दशरथोऽपि राजेन्द्रः सस्मार भरतादिकान् ।
विप्रोषितौ सुतावेतौ शक्रवरुणसन्निभौ ॥
</verse>",False
" ""O Lion among kings, receive this payasam prepared by gods, conferring progeny, bestowing affluence and improving health.  ", ताराप्रभृतयस्सर्वा वानर्यो हरियूथपाः।अनुजग्मुर्हि भर्तारं क्रोशन्त्यः करुणस्वन।। ,"<verse>
ततः तारा कपिस्त्रीभी रुदती नाथ मन्वगात् ।
करुणं क्रोशती दीना कपिराजस्य भामिनी ॥
</verse>",False
" ""O Lion among kings, receive this payasam prepared by gods, conferring progeny, bestowing affluence and improving health.  ", तस्य तद्वचनं श्रुत्वा यथावृत्तं न्यवेदयत्।सिद्धाश्रमनिवासं च राक्षसानां वधं तथा।। ,"<verse>
तस्य तद्वचनं श्रुत्वा विश्वामित्रो महामुनिः ।
सिद्धाश्रमनिवासं च राक्षसानां वधं तथा ॥
</verse>",False
" ""O Lion among kings, receive this payasam prepared by gods, conferring progeny, bestowing affluence and improving health.  ", सुवर्णमणिमुक्तेन प्रवालेन च शोभिताः।आगुर्विंशतिसाहास्राः कुबेरप्रहिताः स्त्रियः।। ,"<verse>
कुबेरप्रेषिता आयान् सुवर्णमणिभूषिताः ।
विंशतिश्च सहस्राणि प्रवालमुकुटस्त्रियः ॥
</verse>",False
" ""O Lion among kings, receive this payasam prepared by gods, conferring progeny, bestowing affluence and improving health.  ", शक्तौ तौ पुरुषव्याघ्रौ वाय्वग्निसमतेजसौ ।।सुराणामपि दुर्धर्षौ किमर्थं मामुपेक्षतः। ,"<verse>
वायुतेजःसमोत्साहौ नरव्याघ्रौ सुरैरपि ।
अजेयौ देवसङ्घैश्च किमर्थं मामुपेक्षतः ॥
</verse>",False
" ""O Lion among kings, receive this payasam prepared by gods, conferring progeny, bestowing affluence and improving health.  ", तं विप्रमग्न्यगारस्थं वन्दित्वा लक्ष्मणोऽब्रवीत्।सखेऽभ्यागच्छ पश्य त्वं वेश्म दुष्करकारिणः।। ,"<verse>
प्रणम्य पावकस्थाय सौमित्रिरवदत्प्रियम् ।
सखे पश्य गृहं रम्यं रामस्य दुष्करत्विषः ॥
</verse>",False
" ""O Lion among kings, receive this payasam prepared by gods, conferring progeny, bestowing affluence and improving health.  ", सा तस्य गर्जितं श्रुत्वा राक्षसस्य महाचमूः।।प्रहर्षमतुलं लेभे मृत्युपाशावपाशिता। ,"<verse>
कालपाशगता सेना महती दैत्यरक्षसाम् ।
नर्दतस्तु खरस्यैव प्रहर्षमतुलं गता ॥
</verse>",False
" ""O Lion among kings, receive this payasam prepared by gods, conferring progeny, bestowing affluence and improving health.  ", अवश्यं विनशिष्यन्ति सर्वे रावण राक्षसाः।येषां त्वं कर्कशो राजा दुर्बुद्धिरजितेन्द्रियः।। ,"<verse>
अजितेन्द्रियशत्रौ च राज्ञि क्रूरे विनश्यति ।
असुराणां ध्रुवं नाशः भविष्यति न संशयः ॥
</verse>",False
" ""O Lion among kings, receive this payasam prepared by gods, conferring progeny, bestowing affluence and improving health.  ", काममस्य त्वमेवैकः कार्यस्य परिसाधने।पर्याप्तः परवीरघ्न यशस्यस्ते बलोदयः।। ,"<verse>
एकाकी मां परित्रातुं शक्तस्त्वमरिमन्युहन् ।
जयस्ते वर्धयेद्वीर्यं यशश्चापि प्रदास्यति ॥
</verse>",False
" ""O Lion among kings, receive this payasam prepared by gods, conferring progeny, bestowing affluence and improving health.  ", नयनाभ्यां प्रसुप्तोऽपि जागर्ति नयचक्षुषा।त्यक्तक्रोधप्रमादश्च स राजा पूज्यते जनैः।। ,"<verse>
मीलिताक्षोऽपि यः पश्येद् धर्मचक्षुर्विलोकयेत् ।
क्रोधहीनः सदोद्युक्तः स राजा पूज्यते जनैः ॥
</verse>",False
" ""O Lion among kings, receive this payasam prepared by gods, conferring progeny, bestowing affluence and improving health.  ", रावणध्वजमुद्दिस्यमुमोचनिशितंशरम् ।महासर्पमिवासह्यंज्वलन्तंस्वेनतेजसा ।। ,"<verse>
ससर्प इव रामोऽसौ ज्वलन्तं तीक्ष्णबाणं च ।
मुमोच रावणं प्रति ॥
</verse>",False
" ""O Lion among kings, receive this payasam prepared by gods, conferring progeny, bestowing affluence and improving health.  ", पुष्पाणि च तमालस्य गुल्मानि मरिचस्य च।मुक्तानां च समूहानि शुष्यमाणानि तीरतः।। ,"<verse>
फुल्लैस्तमालपुष्पैश्च मरीचवल्लरीस्तथा ।
तीरेषु शुष्यमाणांश्च मुक्तापुञ्जान् ददर्श सः ॥
</verse>",False
" ""O Lion among kings, receive this payasam prepared by gods, conferring progeny, bestowing affluence and improving health.  ", भव्यो राज्यागमस्तस्य सुग्रीवस्य महात्मनः। यदयं कृत्यवान्प्राप्तः कृत्यं चैतदुपागत।। ,"<verse>
कृतकृत्यः सुग्रीवोऽपि राज्यं प्राप्स्यति निश्चितम् ।
सहायो हि महावीरो रामोऽत्र समुपस्थितः ॥
</verse>",False
" ""O Lion among kings, receive this payasam prepared by gods, conferring progeny, bestowing affluence and improving health.  ", तापसो वा भविष्यामि नियतो वृक्षमूलिकः।।नेतः प्रतिगमिष्यामि तामदृष्ट्वासितेक्षणाम्। ,"<verse>
तपस्वी वृक्षमूलेऽहं तपः कृत्वा जितेन्द्रियः।
न यास्यामि विना सीतां दृष्ट्वा तामसितेक्षणाम्॥
</verse>",False
" ""O Lion among kings, receive this payasam prepared by gods, conferring progeny, bestowing affluence and improving health.  ", तेराघवधनुर्मुक्तारुक्मपुङ्खाःशिखिप्रभाः ।सुपर्णाःकाञ्चनाभूत्वाविचेरुःसर्पशत्रवः ।। ,"<verse>
राघवास्त्रप्रमुक्तेन बभूवुः स्वर्णपक्षिणः ।
पक्षदीप्त्या सुपर्णास्ते उत्पेतूर्गगने तदा ॥
</verse>",False
" ""O Lion among kings, receive this payasam prepared by gods, conferring progeny, bestowing affluence and improving health.  ", तच्चार्वञ्चितपद्माक्षं सुगन्धि शुभमव्रणम्। अपश्यतो मुखं तस्यास्सीदतीव मनो मम।। ,"<verse>
अदृष्ट्वा चारुवक्त्रं ते पद्मसौम्यविलोचनम् ।
विषादे मज्जतीदं मे हृदयं शोकमोहितम् ॥
</verse>",False
" ""O Lion among kings, receive this payasam prepared by gods, conferring progeny, bestowing affluence and improving health.  ", अनागतविधानं तु कर्तव्यं शुभमिच्छता।आपदं शङ्कमानेन पुरुषेण विपश्चिता।। ,"<verse>
अनागतं भयं दृष्ट्वा स्वहितं चेच्छता नृणाम् ।
प्रतिकारो विधातव्यः पूर्वमेव विपत्तितः ॥
</verse>",False
" ""O Lion among kings, receive this payasam prepared by gods, conferring progeny, bestowing affluence and improving health.  ", अहंतेहृदयंरामजिह्वादेवीसरस्वती ।।देवारोमाणिगात्रेषुब्रह्मणानिर्मिताःप्रभो । ,"<verse>
हृदयं ते सुराः सर्वे जिह्वा देवी सरस्वती ।
रोमाणि तव गात्रे हि सृष्टा ये ब्रह्मणा सुराः ॥
</verse>",False
" ""O Lion among kings, receive this payasam prepared by gods, conferring progeny, bestowing affluence and improving health.  "," कुलीन:सत्त्वसम्पन्नस्तेजस्वी चरितव्रतः।

राज्यहेतोः कथं पापमाचरेत्त्वद्विधो जनः।।
  ","<verse>
कुलीनस्त्वं महातेजा बलवान् दृढविक्रमः ।
राज्यहेतोः कथं नाम पापं कर्तुमिहेच्छसि ॥
</verse>",False
" ""O Lion among kings, receive this payasam prepared by gods, conferring progeny, bestowing affluence and improving health.  ", अर्थानर्थनिमित्तंहियदुक्तंसचिवैस्तव ।तत्रदोषंप्रपश्यामिक्रियानह्युपपद्यते ।। ,"<verse>
गुणादोषममित्रस्य
बुद्ध्वा शरणमुपागतम्।
ग्राह्यः कश्चिद्यथाशक्ति
तस्मिन् दोषो न विद्यते॥
</verse>",False
" ""O Lion among kings, receive this payasam prepared by gods, conferring progeny, bestowing affluence and improving health.  ", एवमुक्त्वा वचस्सौम्यं प्रत्युत्थाय कृताञ्जलि:।उभौ मुनिवरौ राजा जनको वाक्यमब्रवीत्।। ,"<verse>
इत्युक्त्वा मधुरं वाक्यं जनको जनदीपकः ।
कृताञ्जलिपुटो भूत्वा तावूचे मुनिपुङ्गवौ ॥
</verse>",False
" ""O Lion among kings, receive this payasam prepared by gods, conferring progeny, bestowing affluence and improving health.  ", साङ्काश्यां ते समागत्य ददृशुश्च कुशध्वजम्।न्यवेदयन्यथावृत्तं जनकस्य च चिन्तितम्।। ,"<verse>
गत्वा सङ्काशिकां दूता दृष्ट्वा तं च कुशध्वजम् ।
तस्मै वृत्तं निवेद्याथ जनकस्य मतं जगुः ॥
</verse>",False
" ""O Lion among kings, receive this payasam prepared by gods, conferring progeny, bestowing affluence and improving health.  ", स महासत्त्वसन्नादः शैलपीडानिमित्तजः।पृथिवीं पूरयामास दिशश्चोपवनानि च।। ,"<verse>
गिरिपीडनशब्देन मुक्ता नादाः सुदारुणाः ।
पूरयन्तो दिशः सर्वाः वनानि च महीतले ॥
</verse>",False
" ""O Lion among kings, receive this payasam prepared by gods, conferring progeny, bestowing affluence and improving health.  ", मुहूर्तमथ विश्रान्तौ राजपुत्रावरिन्दमौ।प्राञ्जली मुनिशार्दूलमूचतू रघुनन्दनौ।। ,"<verse>
विश्रम्य च क्षणं तत्र राघवौ शत्रुतापनौ ।
ततो मुनिवरं श्रेष्ठम् इदं वचनमूचतुः ॥
</verse>",False
" ""O Lion among kings, receive this payasam prepared by gods, conferring progeny, bestowing affluence and improving health.  ", सुवेलंसाधुशैलेन्द्रमिमंधातुशतैश्चितम् ।अध्यारोहामहेसर्वेवत्स्यामोऽत्रनिशामिमाम् ।। ,"<verse>
अयं धातुशतैश्चित्रः सुवेलः शिखरी महान् ।
अत्र वास करिष्यामः सर्व एव निशां इमाम् ॥
</verse>",False
" ""O Lion among kings, receive this payasam prepared by gods, conferring progeny, bestowing affluence and improving health.  ", नाग्निस्तृप्यति काष्ठानां तृणानां च यथा तथा।हनूमान् राक्षसेन्दाणां विशस्तानां न तृप्यति।। ,"<verse>
यथा न तृप्यते वह्निः शुष्कैरिन्धनदारुभिः ।
तथा न मारुतिस्तत्र हतैराक्षसपुङ्गवैः ॥
</verse>",False
" ""O Lion among kings, receive this payasam prepared by gods, conferring progeny, bestowing affluence and improving health.  ", गृहीत्वातंमहाशैलंपाणिनैकेनमारुतिः ।सविनद्यमहानादंभ्रामयामासवीर्यवान् ।। ,"<verse>
हस्तेनैकेन शैलेन्द्रं गृहीत्वा मारुतिस्तदा ।
भ्रामयामास वेगेन नदन् भीमरवं मुहुः ॥
</verse>",False
" ""O Lion among kings, receive this payasam prepared by gods, conferring progeny, bestowing affluence and improving health.  ", अग्रे यातु बलस्यास्य नीलो मार्गमवेक्षितुम् । वृतश्शतसहस्रेण वानराणां तरस्विनाम् ।। ,"<verse>
अग्रतो यातु नीलोऽद्य पन्थानमवलोकयन् ।
बलेन महता सार्धं इति रामोऽभ्यभाषत ॥
</verse>",False
" ""O Lion among kings, receive this payasam prepared by gods, conferring progeny, bestowing affluence and improving health.  ", उपायकुशलं वैद्यं भृत्यसंदूषणे रतम्।शूरमैश्वर्यकामं च यो न हन्ति स हन्यते।। ,"<verse>
विद्यावान् कपटी शूरः सलोभः स्वामिदूषकः ।
हन्तव्यास्ते न चेद्धन्यान्नृपः शीघ्रं विनश्यति ॥
</verse>",False
" ""O Lion among kings, receive this payasam prepared by gods, conferring progeny, bestowing affluence and improving health.  ", मुद्गरैः पट्टिशैश्शूलैः प्रासतोमरशक्तिभिः।परिवार्य हनूमन्तं सहसा तस्थुरग्रतः।। ,"<verse>
मुद्गरैः पट्टिशैश्चैव शूलैः प्रासैः सशक्तिभिः ।
तूर्णमावृत्य हनूमन्तं तस्थू रणे जिघांसवः ॥
</verse>",False
" ""O Lion among kings, receive this payasam prepared by gods, conferring progeny, bestowing affluence and improving health.  ", दर्शने राक्षसेन्द्रस्य दुर्लभे तदिदं मया।।वनं राक्षसराजस्य दर्शनार्थे विनाशितम्। ,"<verse>
सत्यं ब्रूयात् प्रियं ब्रूयाद् न ब्रूयात् सत्यमप्रियम् ।
प्रियं च नानृतं ब्रूयाद् एष धर्मः सनातनः ॥
</verse>",False
" ""O Lion among kings, receive this payasam prepared by gods, conferring progeny, bestowing affluence and improving health.  ", सा तेन रुधिरौघेण वेदिर्जज्वाल मण्डिता।सहसाऽभिद्रुतो रामस्तानपश्य त्ततो दिवि।। ,"<verse>
शोणिताद्रार्द्रवेद्यां च जज्वाल रुधिराप्लुतम् ।
ततः शीघ्रं द्रुतो रामः ददर्श गगने च तान् ॥
</verse>",False
" ""O Lion among kings, receive this payasam prepared by gods, conferring progeny, bestowing affluence and improving health.  ", न तथास्मिमहाबाहो यथामामवगच्छसि ।प्रत्ययंगच्छमेस्वेनचारित्रेणैवतेशपे ।। ,"<verse>
महाबाहो न सोऽहं वै यथा मां त्वं हि मन्यसे ।
भूतपूर्वप्रमाणं मे शपे भूतकृतेन च ॥
</verse>",False
" ""O Lion among kings, receive this payasam prepared by gods, conferring progeny, bestowing affluence and improving health.  ", हनुमद्वचनं श्रुत्वा लङ्का सा कामरूपिणी।उवाच वचनं क्रुद्धा परुषं पवनात्मजम्।। ,"<verse>
श्रुत्वा हनुमतो वाक्यं क्रुद्धा सा कामरूपिणी ।
लङ्कापुरी च सा देवी परुषं वाक्यमब्रवीत् ॥
</verse>",False
" ""O Lion among kings, receive this payasam prepared by gods, conferring progeny, bestowing affluence and improving health.  ", बभूवद्विगुणंवीर्यंबलंहर्षश्चसंयुगे ।रामस्यास्त्रबलंचैवशत्रोर्निधनकाङ्क्षिणः ।। ,"<verse>
बलं वीर्यं च हर्षश्च रामस्यामित्रघातिनः ।
अस्त्रवीर्यं च युद्धेषु द्विगुणीभूतमाबभौ ॥
</verse>",False
" ""O Lion among kings, receive this payasam prepared by gods, conferring progeny, bestowing affluence and improving health.  ", अनेन धर्मशीलेन वनात्प्रत्यागतः पुनः।भ्रात्रा सह भविष्यामि पृथिव्याः पतिरुत्तमः।। ,"<verse>
प्रत्यागत्य वनादस्मात् सहानेन शुभात्मना ।
भ्रात्रा च पृथिवीपालो भविष्यामि महोदयः ॥
</verse>",False
" ""O Lion among kings, receive this payasam prepared by gods, conferring progeny, bestowing affluence and improving health.  ", कस्मान्मामपहायत्वंगतोगतिमतांवर ।अस्माल्लोकादमुंलोकंत्यक्त्वामामपिदुःखिताम् ।। ,"<verse>
गतोऽसि सद्गते रत्न! मां त्यक्त्वा क्व नु वल्लभ।
कस्मिँल्लोके गतोऽस्मात्त्वं तव त्यागेन दूयेऽहम्॥
</verse>",False
" ""O Lion among kings, receive this payasam prepared by gods, conferring progeny, bestowing affluence and improving health.  ", रूपेणाप्रतिमा लोके वरा विद्याधरस्त्रियः।दृष्टा हनुमता तत्र न तु राघवनन्दिनी।। ,"<verse>
अपश्यत्खेचरीस्तत्र रूपेणाप्रतिमां भुवि ।
न तु राघवकान्तां स अपश्यज्जनकात्मजाम् ॥
</verse>",False
" ""O Lion among kings, receive this payasam prepared by gods, conferring progeny, bestowing affluence and improving health.  ", कैलासशिखरेभ्यश्च सिंहकेसरवर्चसाम्।ततः कोटिसहस्राणि वानराणामुपागमन्।। ,"<verse>
कैलासशिखरात्तुङ्गाद् निर्ययुर्हरियूथपाः ।
सिंहकेसरसङ्काशाः कोटिशश्च सहस्रशः ॥
</verse>",False
" ""O Lion among kings, receive this payasam prepared by gods, conferring progeny, bestowing affluence and improving health.  ", एवमुक्त स्सुमन्त्रस्तु भरतेन महात्मना।हृष्टस्तदाऽदिशत्सर्वं यथासन्दिष्टमिष्टवत्।। ,"<verse>
श्रुत्वा तु वचनं तस्य भरतस्य महात्मनः ।
सुमन्त्रः प्रीयमाणस्तु चकार च यथाविधि ॥
</verse>",False
" ""O Lion among kings, receive this payasam prepared by gods, conferring progeny, bestowing affluence and improving health.  ", वैदेही बत मे प्राणान्शोचन्ती क्षपयिष्यति।।हीना हिमवतः पार्श्वे किन्नरेणेव किन्नरी। ,"<verse>
वैदेही क्रन्दती दीना हिमवत्सानुकिन्नरी ।
त्यक्ता हि किन्नरेणेव मम प्राणांस्त्यजिष्यति ॥
</verse>",False
" ""O Lion among kings, receive this payasam prepared by gods, conferring progeny, bestowing affluence and improving health.  ", एवमुक्तन्तु सौमित्रिर्लक्ष्मणश्शुभलक्षणः।भूयो दुःखसमाविष्टो दुःखितं राममब्रवीत्।। ,"<verse>
एवमुक्तस्तु धर्मात्मा लक्ष्मणः शोककर्शितः ।
प्रत्युवाच तदा रामं करुणं भ्रातृवत्सलः ॥
</verse>",False
" ""O Lion among kings, receive this payasam prepared by gods, conferring progeny, bestowing affluence and improving health.  ", स कृत्वा निश्चयं राम सोपाध्यायगणस्तदा।।यज्ञकर्मणि वेदज्ञो यष्टुं समुपचक्रमे। ,"<verse>
स दीक्षामविशद्राम उपाध्यायैः सहानघ ।
इत्यष्टात्रिंशकः सर्गो बालकाण्डे समाप्यत ॥
</verse>",False
" ""O Lion among kings, receive this payasam prepared by gods, conferring progeny, bestowing affluence and improving health.  ", ततस्त्वदर्शयन् सर्वान्भक्ष्यांश्चविविधान् बहून् ।वराहान्महिषांश्चैवबभक्षसमहाबलः ।। ,"<verse>
ततः स दृष्ट्वा ह्यनेकानि वराहमहिषाद्यन्नम्।
ततः स खादति प्रीत्या सर्वं तन्मृगभोजनम्॥
</verse>",False
" ""O Lion among kings, receive this payasam prepared by gods, conferring progeny, bestowing affluence and improving health.  ", खन्यमाने ततस्तस्मिन् ददृशु: पर्वतोपमम्।।दिशागजं विरूपाक्षं धारयन्तं महीतलम्। ,"<verse>
ते खनन्तः महीं तत्र ददृशुः पर्वतोपमम् ।
दिशागजं विरूपाक्षं धारयन्तं महीतलम् ॥
</verse>",False
" ""O Lion among kings, receive this payasam prepared by gods, conferring progeny, bestowing affluence and improving health.  ", एकस्य तु विमर्धोऽयं न द्वयोर्वदतांवर।।न हि वृत्तं हि पश्यामि बलस्य महतः पदम्। ,"<verse>
एकस्यैव हि युद्धोऽयं न द्वयोर्वदतां वर ।
न हि पश्यामि सेनायाः महत्याः पदपद्धतिम् ॥
</verse>",False
" ""O Lion among kings, receive this payasam prepared by gods, conferring progeny, bestowing affluence and improving health.  ", तस्य तद्वचनं श्रुत्वा राजा दशरथस्तदा।विषण्णवदनो दीन: प्राञ्जलिर्वाक्यमब्रवीत्।। ,"<verse>
श्रुत्वा तद्वचनं राजा विषण्णवदनोऽभवत् ।
कृताञ्जलिपुटो भूत्वा सविनयमुवाच ह ॥
</verse>",False
" ""O Lion among kings, receive this payasam prepared by gods, conferring progeny, bestowing affluence and improving health.  ", साधु क्रोधमिमं वीर नदीवेगमिवागतम्।शयनादुत्थितः काल्यं त्यज भुक्तामिव स्रज।। ,"<verse>
नदीवेग इवाक्रान्तः क्रोधस्ते धीर वालिन् ।
त्यजैनमुज्झितां मालां प्राज्ञो मुञ्चति लीलया ॥
</verse>",False
" ""O Lion among kings, receive this payasam prepared by gods, conferring progeny, bestowing affluence and improving health.  ", राजवाक्यहरैर्दूतैस्त्वर्यमाणोऽहमागतः।यदहं प्रष्टुमिच्छामि तदम्बा वक्तुमर्हति।। ,"<verse>
राजादेशकरैर्दूतैश्चोदितः समुपागतः ।
मातरप्रश्नमेकं ते प्रष्टुमिच्छामि तद्वद ॥
</verse>",False
" ""O Lion among kings, receive this payasam prepared by gods, conferring progeny, bestowing affluence and improving health.  ", तीव्रस्स्वेदश्च खेदश्च भयं चासीत्तदाऽऽवयोः।समाविशति मोहश्च तमो मूर्छा च दारुणा।। ,"<verse>
गच्छतामूर्ध्वमार्गे नः स्वेदः पीडा भयं तथा ।
ततो बभूव संमोहः तीव्रो जाड्यं च नः परम् ॥
</verse>",False
" ""O Lion among kings, receive this payasam prepared by gods, conferring progeny, bestowing affluence and improving health.  ", आसन्याश्शम्बरे मायास्सहस्रमसुराधिपे।।सर्वास्त्वयि निविष्टास्ता भूयश्चान्यास्सहस्रशः। ,"<verse>
शम्बरासुरमायानां सहस्रं यत् प्रकीर्तितम् ।
त्वयि सन्ति सहस्राणि मायानां कपटानि च ॥
</verse>",False
" ""O Lion among kings, receive this payasam prepared by gods, conferring progeny, bestowing affluence and improving health.  ", स गदाभिहतस्तेनसञ्चचालमहाबलः ।उद्यता च पुनस्तस्यजहारद्विविदोगदाम् ।। ,"<verse>
ताडितः शोणिताक्षेण मुमोह द्विविदो बली ।
समुत्थाय पुनस्तस्माद्गदां तस्य चकर्ष च ॥
</verse>",False
" ""O Lion among kings, receive this payasam prepared by gods, conferring progeny, bestowing affluence and improving health.  ", एवमुक्तस्तु रामेण वाली प्रव्यथितो भृश।।न दोषं राघवे दध्यौ धर्मेऽधिगतनिश्चयः। ,"<verse>
श्रुत्वा रामस्य वाक्यं तत् वाली व्यथितमानसः ।
धर्मभ्रमाद्विमुक्तात्मा रामं दोषेण नाक्षिपत् ॥
</verse>",False
" ""O Lion among kings, receive this payasam prepared by gods, conferring progeny, bestowing affluence and improving health.  ", इमौ जनपदौ स्फीतौ ख्यातिं लोके गमिष्यत:।मलदाश्च करूशाश्च ममाङ्गमलधारिणौ।। ,"<verse>
मलदश्च करूषश्च देशौ परमशोभनौ ।
भविष्यतः स्फीततरौ स्फीतौ जनपदान्वितौ ॥
</verse>",False
" ""O Lion among kings, receive this payasam prepared by gods, conferring progeny, bestowing affluence and improving health.  ", दत्त्वा तु सह वैदेह्या ब्राह्मणेभ्यो धनं बहु।जग्मतुः पितरं द्रष्टुं सीतया सह राघवौ।। ,"<verse>
दत्त्वा बहु धनं विप्रे रामो लक्ष्मणसंयुतः ।
सीतया सह धर्मात्मा द्रष्टुं दशरथं नृपम् ॥
</verse>",False
" ""O Lion among kings, receive this payasam prepared by gods, conferring progeny, bestowing affluence and improving health.  ", तद्विनाशाद्धि मे दुःखं प्रणष्टं स्यादनन्तरम्।सुखं मे जीवितं चैव तद्विनाशनिबन्धन।। ,"<verse>
तस्य नाशेन मे दुःखं गमिष्यति न संशयः ।
तन्विनाशे ममामोदः जीवितं च प्रतिष्ठितम् ॥
</verse>",False
" ""O Lion among kings, receive this payasam prepared by gods, conferring progeny, bestowing affluence and improving health.  ", तस्य क्रुद्धस्य रूपं तु रामस्य ददृशे तदा।दक्षस्येव क्रतुं हन्तुमुद्यतस्य पिनाकिनः।। ,"<verse>
क्रुद्धः स राघवो रेजे दक्षयज्ञजिघांसुना ।
क्रुद्धेन हि यथा शर्वो हन्तुं यज्ञमुपस्थितः ॥
</verse>",False
" ""O Lion among kings, receive this payasam prepared by gods, conferring progeny, bestowing affluence and improving health.  ", तंसमासाद्यवेगेनवालिपुत्रःप्रतापवान् ।।तलेनाभ्यहनत्क्रुद्धः कर्णमूले सकुण्डले । ,"<verse>
क्रुद्धो वालिसुतो वेगात् हस्तेन प्रचपाटयत् ।
रक्षसः कर्णदेशं वै दीप्तकुण्डलभूषितम् ॥
</verse>",False
" ""O Lion among kings, receive this payasam prepared by gods, conferring progeny, bestowing affluence and improving health.  ", तयोर्ज्यातलनिर्घोषारामरावणयोर्महान् ।।त्रासनःसर्वभूतानांबभूवाद्भुतदर्शनः । ,"<verse>
रामरावणयोश्चापाच्छब्दो घोरो बभूव ह ।
ज्याघोषस्तु महानादः सर्वविस्मयकारकः ॥
</verse>",False
" ""O Lion among kings, receive this payasam prepared by gods, conferring progeny, bestowing affluence and improving health.  ", अशोकवनिकामध्ये मैथिली नीयतामियम्।तत्रेयं रक्ष्यतां गूढं युष्माभिः परिवारिता।। ,"<verse>
अशोकवनिकां सीतां नीत्वा तत्रैव रक्षित ।
गूढं परिवृतां कृत्वा न प्रकाश्यं हि तद्वचः ॥
</verse>",False
" ""O Lion among kings, receive this payasam prepared by gods, conferring progeny, bestowing affluence and improving health.  ", आयताश्च सुवृत्ताश्च बाहवः परिघोपमाः।सर्वभूषणभूषार्हाः किमर्थं न विभूषित।। ,"<verse>
परिघोपमबाहुभ्यां वृत्ताभ्यां च महाभुज।
भूषणाईं कथं नूनं विभूषणविवर्जितम्॥
</verse>",False
" ""O Lion among kings, receive this payasam prepared by gods, conferring progeny, bestowing affluence and improving health.  ", अपुत्रेण मया पुत्रश्श्रमेण महता महान्।रामो लब्धो महाबाहु स्सकथं त्यज्यते मया।। ,"<verse>
अपुत्रेण मया प्राप्तो कृच्छ्राद् रामो महाबलः ।
तं कथं सुमहावीर्यं वनं प्रेषयितुं शके ॥
</verse>",False
" ""O Lion among kings, receive this payasam prepared by gods, conferring progeny, bestowing affluence and improving health.  ", तत्तुमाल्यवतोवाक्यंहितमुक्तंदशाननः ।नमर्षयतिदुष्टात्माकालस्यवशमागतः ।। ,"<verse>
कृतान्तवशमापन्नो दशग्रीवो न सोढवान् ।
माल्यवद्वचनं पथ्यं हितोपदेशसंयुतम् ॥
</verse>",False
" ""O Lion among kings, receive this payasam prepared by gods, conferring progeny, bestowing affluence and improving health.  ", न चिरं पापकर्माणः क्रूरा लोकजुगुप्सिताः।ऐश्वर्यं प्राप्य तिष्ठन्ति शीर्णमूला इव द्रुमाः।। ,"<verse>
पापकर्मभिराक्रान्ताः कुत्सिता लोकविद्विषः ।
न नन्दन्ति चिरं क्रूराः छिन्नमूला इव द्रुमाः ॥
</verse>",False
" ""O Lion among kings, receive this payasam prepared by gods, conferring progeny, bestowing affluence and improving health.  ", तदपारमसंख्ख्येयंवानराणांमहद्बलं ।अलोक्यरावणोराजापरिपप्रच्छसारणम् ।। ,"<verse>
दृष्ट्वा ताममितां सेनां हरीणां भीमकर्मणाम् ।
असंख्यातां च तां वीक्ष्य सारणं प्राह रावणः ॥
</verse>",False
" ""O Lion among kings, receive this payasam prepared by gods, conferring progeny, bestowing affluence and improving health.  ", यदि वो रोचते वृत्तं जनकस्य महात्मन:।पुरीं गच्छामहे शीघ्रं मा भूत्कालस्य पर्यय:।। ,"<verse>
रोचते यदि ते वाक्यं जनकस्य महात्मनः ।
गच्छामः सत्वरं तत्र मा भूत् कालस्य पर्ययः ॥
</verse>",False
" ""O Lion among kings, receive this payasam prepared by gods, conferring progeny, bestowing affluence and improving health.  ", रावणस्य विनाशं च सीतावाप्तिमरे: पुरे ।विभीषणाभिषेकं च पुष्पकस्य च दर्शनम् ।।    ,"<verse>
विनाशं रावणस्यापि सीताप्राप्तिं च शत्रुजे ।
विभीषणाभिषेकं च पुष्पकस्य च दर्शनम् ॥
</verse>",False
" ""O Lion among kings, receive this payasam prepared by gods, conferring progeny, bestowing affluence and improving health.  ", अधूर्तरजसो राम धर्मारण्यं महीपति:।चक्रे पुरवरं राजा वसुश्चक्रे गिरिव्रजम्।। ,"<verse>
धर्मारण्यं वरं राम चक्रे धूर्तरजा नृपः ।
पुरं गिरिव्रजं चैव वसुश्चक्रे नराधिपः ॥
</verse>",False
" ""O Lion among kings, receive this payasam prepared by gods, conferring progeny, bestowing affluence and improving health.  ", अयमिक्ष्वाकुदायादो रामो नाम जनैश्श्रुतः।अस्यैवावरजं विद्दि भ्रातरं मां च लक्ष्मणम्।। ,"<verse>
अयं रामो ह्यिक्ष्वाकुः लोके ख्यातो महायशाः ।
तस्याहं हि कनीयान् वै भ्राता लक्ष्मणनामवान् ॥
</verse>",False
" ""O Lion among kings, receive this payasam prepared by gods, conferring progeny, bestowing affluence and improving health.  ", यद्वाविशसिलोकांस्त्रीन्पक्षीभूतोमनोजवः ।ममचक्षुष्पथंप्राप्यनजीवन्प्रतियास्यसि ।। ,"<verse>
अजितेन्द्रिय रावण ! चक्षुःपथमुपागतः ।
त्रिलोकीमपि सम्प्राप्य न जीवन् प्रतियास्यसि ॥
</verse>",False
" ""O Lion among kings, receive this payasam prepared by gods, conferring progeny, bestowing affluence and improving health.  ", तत स्समुत्थितः काल्यमास्थाय स्यन्दनोत्तमम्।प्रययौ भरतश्शीघ्रं रामदर्शनकाङ्क्षया।। ,"<verse>
प्रातरुत्थाय तेजस्वी भरतो रथमुत्तमम् ।
आरुह्य प्रययौ शीघ्रं रामदर्शनलालसः ॥
</verse>",False
" ""O Lion among kings, receive this payasam prepared by gods, conferring progeny, bestowing affluence and improving health.  ", तेनतन्मरुकान्तारंपृथिव्याखलुविश्रुतम् ।निपातितश्शरोयत्रवज्राशनिसमप्रभः ।। ,"<verse>
शरपातेन तस्यैव शक्रतेजःसमेन च ।
मरुदेशः स विख्यातः मरुवारश्च कीर्तितः ॥
</verse>",False
" ""O Lion among kings, receive this payasam prepared by gods, conferring progeny, bestowing affluence and improving health.  ", वरुणस्य तत: कन्या वारुणी रघुनन्दन ।उत्पपात महाभागा मार्गमाणा परिग्रहम्।। ,"<verse>
वरुणस्य ततः कन्या वारुणी रघुनन्दन ।
उत्पपात महाभागा मार्गमाणा परिग्रहम् ॥
</verse>",False
" ""O Lion among kings, receive this payasam prepared by gods, conferring progeny, bestowing affluence and improving health.  ", यद्धि मात्रा कृतं पापं नाहं तदपि रोचये।इहस्थो वनदुर्गस्थं नमस्यामि कृताञ्जलिः।। ,"<verse>
न मया स्वीकृतं कर्म मातुः पापं कदाचन ।
इत एवाञ्जलिं कुर्यां भ्रात्रे वननिवासिने ॥
</verse>",False
" ""O Lion among kings, receive this payasam prepared by gods, conferring progeny, bestowing affluence and improving health.  ", अवसीदन्तिगात्राणिस्वप्नयानेनृणामिव ।चिन्तामेवर्ततेतीव्रामुमूर्षापि च जायते ।। ,"<verse>
दृष्ट्वैव लक्ष्मणं स्वप्ने यथा मे शिथिलास्तनुः ।
मरणे तीव्रशोकोऽयं जीविते नेच्छति मनः ॥
</verse>",False
" ""O Lion among kings, receive this payasam prepared by gods, conferring progeny, bestowing affluence and improving health.  ", उपाध्यायवच श्श्रुत्वा तस्मिन् सदसि पार्थिव:।षष्टिं पुत्रसहस्राणि वाक्यमेतदुवाच ह।। ,"<verse>
श्रुत्वा वाक्यं तु याज्यानां सगरो वाक्यमब्रवीत् ।
षष्टिं पुत्रसहस्राणि दीक्षायामब्रवीत् सुतान् ॥
</verse>",False
" ""O Lion among kings, receive this payasam prepared by gods, conferring progeny, bestowing affluence and improving health.  ", तदवस्थंसमीपस्थोलक्ष्मणंप्रेक्ष्यराघवः ।भ्रातृस्नेहान्महातेजाविषण्णहृदयोऽभवत् ।। ,"<verse>
दृष्ट्वा लक्ष्मणमवस्थां तां राघवो वीर्यवानपि ।
भ्रातृस्नेहान्महाबाहुः विषण्णवदनोऽभवत् ॥
</verse>",False
" ""O Lion among kings, receive this payasam prepared by gods, conferring progeny, bestowing affluence and improving health.  ", इत्यादिबहुभिर्वाक्यैः क्रूरैः सम्भर्त्सितोऽनघः।विव्यथे भरतस्तीव्रं व्रणे तुद्येव सूचिना।। ,"<verse>
व्रणे सूच्या यथा विद्धः परुषैर्वचनैर्भृशम् ।
भरतोऽनघसंकाशः अतीव व्याकुलोऽभवत् ॥
</verse>",False
" ""O Lion among kings, receive this payasam prepared by gods, conferring progeny, bestowing affluence and improving health.  ", हनुमन् सिंहसंकाशावुभौ तौ रामलक्ष्मणौ।।सुग्रीवञ्च सहामात्यं सर्वान् ब्रूया ह्यनामयम्। ,"<verse>
रामं लक्ष्मणमेवैव सिंहतुल्यं हनूमत ।
सुग्रीवं सचिवांश्चैव ब्रूहि मे कुशलं विभो ॥
</verse>",False
" ""O Lion among kings, receive this payasam prepared by gods, conferring progeny, bestowing affluence and improving health.  ", लक्ष्मणस्तं तदोवाच रक्ष्यमाणास्त्वयानघ।नात्र भीता वयं सर्वे धर्ममेवानुपश्यता।। ,"<verse>
लक्ष्मणो गुहमाभाष्य हेऽनघास्मत्सुरक्षके ।
धर्मस्थे त्वयि गोप्तरि भयं नो नैव विद्यते ॥
</verse>",False
" ""O Lion among kings, receive this payasam prepared by gods, conferring progeny, bestowing affluence and improving health.  ", ववर्षुःपुष्पवर्षाणितदद्भुतमिवाभवत् ।प्रशशंसुर्हतेतस्मिन्राक्षसेक्रूरकर्मणि ।। ,"<verse>
यातुधाने हते क्रूरे पुष्पवृष्टिं सुरासृजन् ।
तदद्भुतं महाकर्म शंसन्तो मुदितास्तदा ॥
</verse>",False
" ""O Lion among kings, receive this payasam prepared by gods, conferring progeny, bestowing affluence and improving health.  ", पाण्डुराभ्रप्रकाशानि दिव्यमाल्ययुतानि च।प्रभूतधनधान्यानि स्त्रीरत्नै श्शोभितानि च।। ,"<verse>
शुभ्राभ्रसदृशानीह गृहाणि रुचिराणि च ।
धनधान्यसमृद्धानि वरस्त्रीशोभितानि च ॥
</verse>",False
" ""O Lion among kings, receive this payasam prepared by gods, conferring progeny, bestowing affluence and improving health.  ", युष्मान्पापात्मकान्हन्तुं विप्रकारान्महाहवे।ऋषीणां तु नियोगेन प्राप्तोऽहं सशरायुधः।। ,"<verse>
चापबाणधरश्चाहं मुनीनां शासनादिह ।
त्वादृशान् हन्तुमायातं पापिनो रक्षसां रणे ॥
</verse>",False
" ""O Lion among kings, receive this payasam prepared by gods, conferring progeny, bestowing affluence and improving health.  ", अर्दयित्वा पुरीं लङ्कामभिवाद्य च मैथिलीम्।समृद्धार्थो गमिष्यामि मिषतां सर्वरक्षसाम्।। ,"<verse>
भङ्क्त्वा लङ्कापुरीं रम्यां प्रणम्य जनकात्मजाम् ।
रक्षसां पश्यतां चैव यास्यामि कृतकौतुकः ॥
</verse>",False
" ""O Lion among kings, receive this payasam prepared by gods, conferring progeny, bestowing affluence and improving health.  ", स तमाश्वासयद्रामो वालिनं व्यक्तदर्शन।।सामसम्पन्नया वाचा धर्मतत्त्वार्थयुक्तया। ,"<verse>
ततो वाली प्रसन्नात्मा ददर्श रघुनन्दनम् ।
तं रामः सान्त्वयामास धर्मसत्यशमैर्गिरा ॥
</verse>",False
" ""O Lion among kings, receive this payasam prepared by gods, conferring progeny, bestowing affluence and improving health.  ", इह माल्यानि सर्वाणि दिव्यगन्धानि मैथिलि।।भूषणानि च मुख्यानि सेवस्व च मया सह।। ,"<verse>
मैथिलि त्वं मया सार्धं दिव्याभरणभूषिता ।
विचित्रगन्धमाल्यानि सर्वाणि परिधारय ॥
</verse>",False
" ""O Lion among kings, receive this payasam prepared by gods, conferring progeny, bestowing affluence and improving health.  ", बर्हिणानां च निर्घोषः श्रूयते नदतां वने।तराम जाह्नवीं सौम्य शीघ्रगां सागरङ्गमाम्।। ,"<verse>
वने क्रन्दं मयूराणां शृणु गङ्गा प्रधावति।
समुद्रं मिलितुं शीघ्रं तर्तव्या सा हि मानवैः॥
</verse>",False
" ""O Lion among kings, receive this payasam prepared by gods, conferring progeny, bestowing affluence and improving health.  ", अज्ञानात्तु हतो यस्मात्क्षत्रियेण त्वया मुनिः। तस्मात्त्वां नाविशत्याशु ब्रह्महत्या नराधिप।। ,"<verse>
अज्ञानात्तु हतश्चापि मुनिपुत्रो नृपोत्तम ।
तस्मात्त्वामद्य नो गच्छेद् ब्रह्महत्या नराधिप ॥
</verse>",False
" ""O Lion among kings, receive this payasam prepared by gods, conferring progeny, bestowing affluence and improving health.  ", ततःपावकसङ्काशैश्शरैराशीविषोपमैः ।वानराणामनीकानिबिभेदसमरेप्रभुः ।। ,"<verse>
ततो राक्षसराजोऽसौ शरैराशीविषोपमैः ।
दीप्ताग्निसदृशैर्भीमैः व्यधमद् वानरीं चमूम् ॥
</verse>",False
" ""O Lion among kings, receive this payasam prepared by gods, conferring progeny, bestowing affluence and improving health.  ", सोऽपि वेलामिमां नूनमभिषेकार्थमुद्यतः।वृतः प्रकृतिभिर्नित्यं प्रयाति सरयूं नदीम्।। ,"<verse>
प्रजाभिः सह धर्मज्ञः सरयूं भरतस्तथा ।
इदानीं स्नानहेतोर्हि नित्यं गच्छति राघवः ॥
</verse>",False
" ""O Lion among kings, receive this payasam prepared by gods, conferring progeny, bestowing affluence and improving health.  ", तदिदंमामनुप्राप्तंविभीषणवचश्शुभम् ।यदज्ञानान्मयातस्य न गृहीतंमहात्मनः ।। ,"<verse>
महात्मना विभीषणेन यदुक्तं हितमुत्तमम् ।
तस्याकरणादद्य प्राप्ता मे महती विपत् ॥
</verse>",False
" ""O Lion among kings, receive this payasam prepared by gods, conferring progeny, bestowing affluence and improving health.  "," अयं सर्व: समस्ताग्ङ: श्रृत: कृष्णमृगो मया।

देवतां देवसङ्काश यजस्व कुशलो ह्यसि।।
  ","<verse>
कृष्णग्रीवः ससर्वाङ्गः सुशृतोऽयं मृगो ह्ययम् ।
यजस्व देव सर्वज्ञ वास्तुदेवं यथाविधि ॥
</verse>",False
" ""O Lion among kings, receive this payasam prepared by gods, conferring progeny, bestowing affluence and improving health.  ", एवमुक्तोधनुर्भीमंपरामृश्यमहाबलः ।।ससर्जनिशितान्बाणानिंद्रजित्समितिञ्जयः । ,"<verse>
लक्ष्मणेनोदिते वाक्ये महावीर्यो रणे जयी ।
गृहीत्वा सुमहच्चापं मुमोचेन्द्रजितः शरान् ॥
</verse>",False
" ""O Lion among kings, receive this payasam prepared by gods, conferring progeny, bestowing affluence and improving health.  ", किल्बिषत्वं नरेन्द्राणां करिष्यसि नराधिप।यो दत्वा वरमद्यैव पुनरन्यानि भाषसे।। ,"<verse>
वरद्वयं पुरा दत्त्वा नृप जल्पसि चान्यथा ।
इक्ष्वाकूणां कुले जातस्तनोति कलुषं भवान् ॥
</verse>",False
" ""O Lion among kings, receive this payasam prepared by gods, conferring progeny, bestowing affluence and improving health.  ", यदि रामस्य दूतस्त्वमागतो भद्रमस्तु ते।।पृच्छामि त्वां हरिश्रेष्ठ प्रिया रामकथा हि मे। ,"<verse>
यदि रामस्य दूतोऽसि स्वागतं ते महाकपे ।
प्रिया रामकथा मेऽति तस्मात्त्वं तां प्रवेदय ॥
</verse>",False
" ""O Lion among kings, receive this payasam prepared by gods, conferring progeny, bestowing affluence and improving health.  ", स राज्ये स्थापितस्तेन सुग्रीवो वानराधिपः।राजा वानरमुख्यानां येन प्रस्थापिता वयम्।। ,"<verse>
तेन राज्येऽभिषिक्तो यः सुग्रीवः कपिपुङ्गवः ।
सीतान्वेषणकार्याय तेन प्रेषितवानराः ॥
</verse>",False
" ""O Lion among kings, receive this payasam prepared by gods, conferring progeny, bestowing affluence and improving health.  ", अनुशिष्टाऽस्मि मात्रा च पित्रा च विविधाश्रयम्।नाऽस्मि सम्प्रति वक्तव्या वर्तितव्यं यथा मया।। ,"<verse>
पितृभ्यां शिक्षिता चाहं सर्वधर्मेषु सर्वदा ।
न मेऽद्य कर्तव्यं किञ्चिद् वक्तव्यमवशिष्यते ॥
</verse>",False
" ""O Lion among kings, receive this payasam prepared by gods, conferring progeny, bestowing affluence and improving health.  ", अर्धसप्तशतास्तास्तु प्रमदास्ताम्रलोचनाः।कौसल्यां परिवार्याथ शनैर्जग्मुर्धृतव्रताः।। ,"<verse>
ततः कल्याणिनी देवी कौसल्या शोककर्शिता ।
सार्धं त्रिशतनारीभिः शनैर्मन्दमुपागमत् ॥
</verse>",False
" ""O Lion among kings, receive this payasam prepared by gods, conferring progeny, bestowing affluence and improving health.  ", रथैश्चातिरथाश्शीघ्रंमत्तैश्चवरवारणैः ।अनूत्पेतुर्दशग्रीवमाक्रीडद्भिश्चवाजिभिः ।। ,"<verse>
रथिनः केचिदारूढाः केचिन्मत्तगजेन्द्रगाः।
अश्वारूढास्तथा केचिदन्वेयुर्दशवक्त्रकम्॥
</verse>",False
" ""O Lion among kings, receive this payasam prepared by gods, conferring progeny, bestowing affluence and improving health.  ", कौसल्ये चित्तमोहेन हृदयं सीदतीव मे।वेदये न च संयुक्तान् शब्दस्पर्शरसानहम्।। ,"<verse>
कौसल्ये सीदतीवाद्य हृदयं मम मुह्यतः ।
शब्दादीन् न विजानामि स्पर्शं रसं च सर्वशः ॥
</verse>",False
" ""O Lion among kings, receive this payasam prepared by gods, conferring progeny, bestowing affluence and improving health.  ", स तु तां राम रामेति रुदन्तीं लक्ष्मणेति च।जगामादाय चाकाशं रावणो राक्षसाधिपः।। ,"<verse>
हा राम लक्ष्मणित्येवं क्रन्दन्तीं जनकात्मजाम् ।
मार्गे राक्षसराजोऽसौ गृहीत्वाकाशमाविशत् ॥
</verse>",False
" ""O Lion among kings, receive this payasam prepared by gods, conferring progeny, bestowing affluence and improving health.  ", तवास्त्रबलमासाद्य ससुराः समरुद्गणाः।न शेकुस्समरे स्थातुं सुरेश्वरसमाश्रिताः।। ,"<verse>
न ते युद्धेऽभवच्छक्तः सेन्द्रो देवगणोऽपि वा ।
तवास्त्रबलकौशल्यात् समरुद्गणदैवतः ॥
</verse>",False
" ""O Lion among kings, receive this payasam prepared by gods, conferring progeny, bestowing affluence and improving health.  ", परिघैर्मथिताःकेचिद्भिण्डिवालैर्विदारिताः ।पट्टसैराहता: केचिद्विह्वलन्तोगतासवः ।। ,"<verse>
गदाभिस्ताडिताः केचिद्विदारितास्तथापरे ।
भिन्नाश्छिन्नास्तथा चान्ये प्राणैर्जहुरुदारुणम् ॥
</verse>",False
" ""O Lion among kings, receive this payasam prepared by gods, conferring progeny, bestowing affluence and improving health.  ", यश्चन्द्रं नभसो भूमौ पातयेन्नाशयेत वा।सागरं शोषयेद्वापि स सीतां मोचयेदिह।। ,"<verse>
यश्चन्द्रं पातयेद् भूमौ शोषयेद् वा महार्णवम् ।
स मां मोचयितुं शक्तः अस्माद् बन्धादसंशयम् ॥
</verse>",False
" ""O Lion among kings, receive this payasam prepared by gods, conferring progeny, bestowing affluence and improving health.  ", कामं शतं सहस्रं वा न ह्येष विधिरुच्यते।योजनानां भवान् शक्तो गन्तुं प्रतिनिवर्तितुम्।। ,"<verse>
कामं शतसहस्रं हि योज्‌नानां गमिष्यसि ।
प्रत्यागमनसामर्थ्यं तव चाप्यत्र विद्यते ॥
न हि कल्प्यः प्रधानोऽयं प्रेषणाय परन्तप ।
त्वं हि स्वामी च नः कामं युवराजोऽसि नः प्रभुः ॥
</verse>",False
" ""O Lion among kings, receive this payasam prepared by gods, conferring progeny, bestowing affluence and improving health.  ", अनभिज्ञा वनानां सा नूनं भयमुपैष्यति।श्वापदानर्दितं श्रुत्वा गम्भीरं रोमहर्षणम्।। ,"<verse>
अरण्यमविजानन्ती त्रासेनैव वसिष्यति ।
श्रुत्वा वन्यमृगारावान् रोमहर्षकरान् भृशम् ॥
</verse>",False
" ""O Lion among kings, receive this payasam prepared by gods, conferring progeny, bestowing affluence and improving health.  ", अन्या स्रवन्तु मैरेयं सुरामन्यास्सुविष्ठिताम्।अपरा श्चोदकं शीतमिक्षुकाण्डरसोपमम्।। ,"<verse>
काश्चित् खर्जूरमद्याढ्याः काश्चित् प्रवरवारुणीः।
काश्चित् सुशीततोयाश्च स्वाद्वीक्षुरसवाहिकाः॥
</verse>",False
" ""O Lion among kings, receive this payasam prepared by gods, conferring progeny, bestowing affluence and improving health.  ", हा ममार्ये क्व यातासि हा साध्वि वरवर्णिनि।।हा सकामा त्वया देवी कैकेयी सा भविष्यति। ,"<verse>
हा देवि क्व गतासि त्वं सुगात्रि वरवर्णिनि ।
अद्य पूर्णो भविष्यत्येष कैकेय्यास्तु मनोरथः ॥
</verse>",False
" ""O Lion among kings, receive this payasam prepared by gods, conferring progeny, bestowing affluence and improving health.  ", ईश्वरस्येश्वरःकोऽस्तितवशत्रुनिबर्हण: ।रमस्वसहवैदेह्याशत्रूनाक्रम्यमूर्धसु ।। ,"<verse>
शत्रुघ्न कस्य शक्तिर्हि प्रभुं प्रष्टुं यदीश्वरम् ।
पादं कृत्वा रिपोर्मूर्ध्नि सीतया सह रम्यताम् ॥
</verse>",False
" ""O Lion among kings, receive this payasam prepared by gods, conferring progeny, bestowing affluence and improving health.  ", तेनचादित्यकल्पेनब्रह्मास्त्रण च पालितः ।स बभूवदुराधर्षोरावणिस्सुमहाबलः ।। ,"<verse>
ब्रह्मास्त्रेण सुगुप्तस्तु सूर्यबिम्बसमप्रभः ।
महावीर्यो दुराधर्षो रावणस्यात्मजो बली ॥
</verse>",False
" ""O Lion among kings, receive this payasam prepared by gods, conferring progeny, bestowing affluence and improving health.  ", तमुवाच महातेजा विश्वामित्रो महामुनि:।श्रूयतां वत्स काकुत्स्थ यस्यैतद्दारुणं वनम्।। ,"<verse>
विश्वामित्रो महातेजाः काकुत्स्थमिदमब्रवीत् ।
शृणु यस्य वनं घोरं तत्ते वक्ष्यामि राघव ॥
</verse>",False
" ""O Lion among kings, receive this payasam prepared by gods, conferring progeny, bestowing affluence and improving health.  ", स नास्ति परमित्येव कुरु बुद्धिं महामते।प्रत्यक्षं यत्तदातिष्ठ परोक्षं पृष्ठतः कुरु।। ,"<verse>
प्रत्यक्षं यत् तद् आतिष्ठ परोक्षं पृष्ठतः कुरु ।
परलोकं न मन्यस्व बुद्धिं कुरु महामते ॥
</verse>",False
" ""O Lion among kings, receive this payasam prepared by gods, conferring progeny, bestowing affluence and improving health.  ", तथा विलपतस्तस्य परिभ्रमितचेतसः।।अस्तमभ्यगमत्सूर्यो रजनी चाभ्यवर्तत। ,"<verse>
एवं विलपतः तस्य शोकव्याकुलचेतसः ।
अस्तं गते तदा सूर्ये प्रवृत्ता रजनी ततः ॥
</verse>",False
" ""O Lion among kings, receive this payasam prepared by gods, conferring progeny, bestowing affluence and improving health.  ", हनुमन्सिंहसङ्काशौ भ्रातरौ रामलक्ष्मणौ।सुग्रीवं च सहामात्यं सर्वान् ब्रूयाह्यनामयम्।। ,"<verse>
राघवाय च सिंहाय सलक्ष्मणाय मारुते ।
सुग्रीवाय समन्त्राय सर्वस्मै कुशलं वद ॥
</verse>",False
" ""O Lion among kings, receive this payasam prepared by gods, conferring progeny, bestowing affluence and improving health.  ", न ह्यस्माभिः प्रतिग्राह्यं सखे देयं तु सर्वदा।इति तेन वयं राजन्ननुनीता महात्मना।। ,"<verse>
रामेणोक्तं महाराज सख्युभावेन नः पुरा ।
देयं नित्यं परार्थाय न ग्राह्यं तु कदाचन ॥
</verse>",False
" ""O Lion among kings, receive this payasam prepared by gods, conferring progeny, bestowing affluence and improving health.  ", अहं तु मोक्षितस्तस्मात्तव पित्रा महात्मना।।मारुतेन तदा वत्स प्रक्षिप्तोऽस्मि महार्णवे। ,"<verse>
पातितोऽहं तव पित्रा मरुता महदर्णवे ।
त्रातोऽस्मि शक्रतो वत्स महाभागेन वायुना ॥
</verse>",False
" ""O Lion among kings, receive this payasam prepared by gods, conferring progeny, bestowing affluence and improving health.  ", एवं हि ते भवेत्स्वस्ति सम्प्रदाय रघूत्तमे।।अन्यथा त्वं हि कुर्वाणो वधं प्राप्स्यसि रावण। ,"<verse>
प्रदाय मां रघुश्रेष्ठाय राघवाय प्रसीद मे ।
अन्यथा मरणं ते स्यात् सत्यमेतद् ब्रवीमि ते ॥
</verse>",False
" ""O Lion among kings, receive this payasam prepared by gods, conferring progeny, bestowing affluence and improving health.  ", तस्य दुष्प्रतिवीक्षं तद्भ्रुकुटीसहितं तदा।बभौ क्रुद्धस्य सिंहस्य मुखस्य सदृशं मुखम्।। ,"<verse>
भ्रूभङ्गेन मुखं तस्य भीषणाकारतां गतम् ।
प्रक्रुद्धसिंहवक्त्रं वा रौद्रं भीकरदर्शनम् ॥
</verse>",False
" ""O Lion among kings, receive this payasam prepared by gods, conferring progeny, bestowing affluence and improving health.  ", अन्तःपुरगतो वाली श्रुत्वा शब्दममर्षणः।निष्पपात सह स्त्रीभिस्ताराभिरिव चन्द्रम।। ,"<verse>
तं शब्दमसहन् वाली निष्पपात गृहाद् द्रुतम् ।
नारीभिश्च वृतः श्रीमान् ताराभिरिव चन्द्रमाः ॥
</verse>",False
" ""O Lion among kings, receive this payasam prepared by gods, conferring progeny, bestowing affluence and improving health.  ", एवमुक्ता तु वैदेही परिमोहितचेतना।उवाचाश्रूणि मुञ्चन्ती दारुणं मामिदं वचः।। ,"<verse>
सान्त्व्यमाना मया देवी वैदेही शोकमोहिता ।
रुदन्ती बाष्पपूर्णाक्षी इदं वचनमब्रवीत् ॥
</verse>",False
" ""O Lion among kings, receive this payasam prepared by gods, conferring progeny, bestowing affluence and improving health.  ", अत्र तावद्यथाबुद्धि सर्वैरेव यथाविधि।भावस्य निश्चयस्तावद्विज्ञेयो निपुणं शन।। ,"<verse>
विमृशन्तु भवन्तोऽत्र शान्तचित्तेन चेतसा ।
हेतुं सौमित्रिकोपस्य ज्ञात्वा कार्यं विचार्यताम् ॥
</verse>",False
" ""O Lion among kings, receive this payasam prepared by gods, conferring progeny, bestowing affluence and improving health.  ", रावणे सुखसंविष्टे तास्त्रियो विविधप्रभाः।ज्वलन्तः काञ्चना दीपाः प्रैक्षन्तानिमिषा इव।। ,"<verse>
सुखसुप्ते दशास्ये च दीपाः काञ्चनवेदिषु ।
भीत्या प्रबोधनस्यास्य प्रेक्षन्तेऽनिमिषैः स्त्रियः ॥
</verse>",False
" ""O Lion among kings, receive this payasam prepared by gods, conferring progeny, bestowing affluence and improving health.  ", एवमुक्तस्तुसौमित्रीराघवेणमहात्मना ।।तथेत्युक्त्वासुसम्हृष्टःसौवर्णंघटमाददे । ,"<verse>
इत्युक्त्वैव महातेजा राघवः परवीरहा ।
सौमित्रिः प्रेषयामास सुवर्णकलशाय वै ॥
</verse>",False
" ""O Lion among kings, receive this payasam prepared by gods, conferring progeny, bestowing affluence and improving health.  ", पाण्डुरारुणवर्णानि नीलमाञ्जिष्ठकानि च।कपिनाकृष्यमाणानि महाभ्राणि चकाशिरे।। ,"<verse>
श्वेतान् रक्तांश्च पीतांश्च कर्षन् मेघान् रराज सः ।
नीलांश्च कर्षन् हरीशः बभौ स रुचिरप्रभः ॥
</verse>",False
" ""O Lion among kings, receive this payasam prepared by gods, conferring progeny, bestowing affluence and improving health.  ", वानरा यदि वः खेदः प्रनष्टः फलभक्षणात्।यदि चैतन्मया श्राव्यं श्रोतुमिच्छामि कथ्यताम्।। ,"<verse>
यदि भुक्त्वा फलानीह गता तन्द्री हरीश्वराः ।
स्ववृत्तान्तं वदध्वं मे श्रोतुमिच्छामि चेद्वदेत् ॥
</verse>",False
" ""O Lion among kings, receive this payasam prepared by gods, conferring progeny, bestowing affluence and improving health.  ", विचित्य वनदुर्गाणि गिरिप्रस्रवणानि च।अनासाद्य पदं देव्याः प्राणांस्त्यक्तुं समुद्यताः।। ,"<verse>
वनदुर्गगिरिप्रस्थनिर्झरेषु विचिन्त्य च ।
अदृष्ट्वा जनकीपादं प्राणान् त्यक्तुं व्यवस्थिताः ॥
</verse>",False
" ""O Lion among kings, receive this payasam prepared by gods, conferring progeny, bestowing affluence and improving health.  ", तंविभीषणसुग्रीवौहनूमाञ्जाम्बवान्नळ ।ऋक्षराजस्तथानीलोलक्ष्मणश्चान्वयुस्तदा ।। ,"<verse>
विभीषणश्च सुग्रीवो हनुमान् जाम्बवान् नलः ।
नीलश्चैव महातेजा लक्ष्मणं पृष्ठतो ययुः ॥
</verse>",False
" ""O Lion among kings, receive this payasam prepared by gods, conferring progeny, bestowing affluence and improving health.  ", यद्यत्पश्यामि ते गात्रं शीतांशुसदृशानने।तस्मिंस्तस्मिन् पृथुश्रोणि चक्षुर्मम निबध्यते।। ,"<verse>
पूर्णेन्दुमुखि पृथ्वङ्गि यद्यदङ्गं विलोकये ।
ततस्ततश्चलत्येव न मे चक्षुर्निकृष्यते ॥
</verse>",False
" ""O Lion among kings, receive this payasam prepared by gods, conferring progeny, bestowing affluence and improving health.  ", अमित्राणां वधे युक्तो मित्राणां सङ्ग्रहे रतः।।त्रिवर्गफलभोक्ता तु राजा धर्मेण युज्यते। ,"<verse>
सत्यं ब्रूयात् प्रियं ब्रूयात् न ब्रूयात् सत्यमप्रियम् ।
प्रियं च नानृतं ब्रूयात् एष धर्मः सनातनः ॥
</verse>",False
" ""O Lion among kings, receive this payasam prepared by gods, conferring progeny, bestowing affluence and improving health.  ", तत्त्वतो हि नरश्रेष्ठ बुद्ध्या समनुचिन्तय।बुध्द्या युक्ता महाप्राज्ञा विजानन्ति शुभाशुभे।। ,"<verse>
बुद्ध्या विचारय श्रेष्ठ तथ्यं तत्त्वेन निश्चितम् ।
विमृश्य हि बुधा लोके सदसच्च विवेकतः ॥
</verse>",False
" ""O Lion among kings, receive this payasam prepared by gods, conferring progeny, bestowing affluence and improving health.  ", अनृतं नोक्तपूर्वं मे न च वक्ष्ये कदाचन।कृच्छ्रेष्वपि गत स्सौम्य क्षत्रधर्मेण ते शपे।। ,"<verse>
न मयोक्तं मृषा सौम्य कृच्छ्रेष्वपि कदाचन ।
नानृतं च वदिष्यामि क्षात्रधर्मेण ते शपे ॥
</verse>",False
" ""O Lion among kings, receive this payasam prepared by gods, conferring progeny, bestowing affluence and improving health.  ", ततस्त्रिशिरसा बाणैर्ललाटे ताडितस्त्रिभिः। अमर्षी कुपितोरामस्संरब्धमिदमब्रवीत्।। ,"<verse>
ललाटे त्रिशिरोबाणैस्ताडितो राघवस्तदा ।
क्रुद्धः परमसंविग्नः संरब्धो वाक्यमब्रवीत् ॥
</verse>",False
" ""O Lion among kings, receive this payasam prepared by gods, conferring progeny, bestowing affluence and improving health.  ", महारोम्णस्तु धर्मात्मा स्वर्णरोमा व्यजायत।स्वर्णरोम्णस्तु राजर्षेर्ह्रस्वरोमा व्यजायत।। ,"<verse>
महारोम्णस्तु धर्मात्मा स्वर्णरोमा व्यजायत ।
स्वर्णरोम्णस्तु धर्मात्मा ह्रस्वरोमा व्यजायत ॥
</verse>",False
" ""O Lion among kings, receive this payasam prepared by gods, conferring progeny, bestowing affluence and improving health.  ", तां दृष्ट्वा शोकसन्तप्तां वज्रपाणिर्यशस्विनीम्।इन्द्रः प्राञ्जलिरुद्विग्न स्सुरराजोऽब्रवीद्वचः।। ,"<verse>
दृष्ट्वा शोकातुरां शक्रः सुरभिं संप्रवेपिताम् ।
कृताञ्जलिरुवाचेदं वज्रपाणिर्भयातुरः ॥
</verse>",False
" ""O Lion among kings, receive this payasam prepared by gods, conferring progeny, bestowing affluence and improving health.  ", चाराणांरावणश्श्रुत्वाप्राप्तंरामंमहाबलम् ।जातोद्वेगोऽभवत्किञ्चित्सचिवानिदमब्रवीत् ।। ,"<verse>
श्रुत्वा चारेण रामं तं महाबलसमन्वितम् ।
रावणो व्याकुलो भूत्वा मन्त्रिणः समभाषत ॥
</verse>",False
" ""O Lion among kings, receive this payasam prepared by gods, conferring progeny, bestowing affluence and improving health.  ", एवमुक्तो वसिष्ठेन राघवः प्राङ्मुखः स्थितः।पादुके ह्यधिरुह्यैते मम राज्याय वै ददौ।। ,"<verse>
वसिष्ठेनाभ्यनुज्ञातः पूर्वाभिमुखमास्थितः ।
ददौ मे राज्यरक्षार्थं पादुके राघवस्तदा ॥
</verse>",False
" ""O Lion among kings, receive this payasam prepared by gods, conferring progeny, bestowing affluence and improving health.  ", पुरं राजगृहं गत्वा शीघ्रं शीघ्रजवै र्हयैः।त्यक्तशोकैरिदं वाच्य श्शासनाद्भरतो मम।। ,"<verse>
इतः शीघ्रैर्हयैर्गत्वा राजगेहं पुरं द्रुतम् ।
शोकचिह्नं निगृह्यैव ब्रूत संदेशमादरात् ॥
</verse>",False
" ""O Lion among kings, receive this payasam prepared by gods, conferring progeny, bestowing affluence and improving health.  ", देवदानवगन्धर्वपिशाचपतगोरगैः।अभयं यस्य सङ्ग्रामे मृत्युतो मानुषादृते।। ,"<verse>
देवदानवगन्धर्वैर्यक्षपक्ष्युरगैरपि ।
न मृत्युभयमापन्नः ऋते मानुषमानवात् ॥
</verse>",False
" ""O Lion among kings, receive this payasam prepared by gods, conferring progeny, bestowing affluence and improving health.  ", तन्तु पक्वं परिज्ञाय निष्टप्तं छिन्नशोणितम्।लक्ष्मण: पुरुषव्याघ्रमथ राघवमब्रवीत्।। ,"<verse>
निष्टप्तं परिनिष्ठितं च लक्ष्मण।
इमं पुरुषशार्दूल प्रकृतो मृगोऽयम्॥
</verse>",False
" ""O Lion among kings, receive this payasam prepared by gods, conferring progeny, bestowing affluence and improving health.  ", ततस्स कपिशार्दूलस्तेन वाक्येन तोषितः।सीतामुवाच तच्छृत्वा वाक्यं वाक्यविशारदः।। ,"<verse>
सीताया वचनं श्रुत्वा
हरियूथपयूथपः ।
प्रत्युवाचोत्तरं पूज्यं
हर्षेण महता वृतः ॥
</verse>",False
" ""O Lion among kings, receive this payasam prepared by gods, conferring progeny, bestowing affluence and improving health.  ", तथेति तत्प्रतिज्ञाय भरद्वाजो महातपाः।भरतं प्रत्युवाचेदं राघवस्नेहबन्धनात्।। ,"<verse>
पृष्ट्वा चैव शुभं सर्वं भरद्वाजो महातपाः ।
स्नेहाद्रामस्य धर्मात्मा भरतं वाक्यमब्रवीत् ॥
</verse>",False
" ""O Lion among kings, receive this payasam prepared by gods, conferring progeny, bestowing affluence and improving health.  ", तच्चाप्यहं बलं सर्वं तं च राक्षसपुङ्गवम्।।नष्टौजसं रणे कृत्वा परं हर्षमुपागमम्। ,"<verse>
निहते शत्रुसैन्ये च सेनापतौ तथा हते ।
रणे तस्मिन् महाघोरे मम हर्षो महानभूत् ॥
</verse>",False
" ""O Lion among kings, receive this payasam prepared by gods, conferring progeny, bestowing affluence and improving health.  ", पुष्पवृष्टिर्महत्यासीद्देवदुन्दुभिनिस्वनै:।शङ्खदुन्दुभिनिर्घोष: प्रयाते तु महात्मनि।। ,"<verse>
प्रयाणे कौशिकस्याथ पुष्पवृष्टिः पपात ह ।
नेदुः सुरमृदङ्गाश्च शङ्खनादाश्च सर्वशः ॥
</verse>",False
" ""O Lion among kings, receive this payasam prepared by gods, conferring progeny, bestowing affluence and improving health.  ", ततो यथागतेनैव मार्गेण क्लान्तचेतसः।अयोध्यामागमन्सर्वे पुरीं व्यथितसज्जनाम्।। ,"<verse>
ततः सर्वे परिक्लान्ताः शोकोपहतचेतसः ।
धार्मिकाः पुनरायाताः पथा तेनैव तद्पुरीम् ॥
</verse>",False
" ""O Lion among kings, receive this payasam prepared by gods, conferring progeny, bestowing affluence and improving health.  ", दीप्यमानंस्वयालक्ष्मविरजोऽम्भरधारिणम् ।लक्ष्मणेनसहभ्रात्राददर्शपितरंप्रभुः ।। ,"<verse>
ददर्श पितरं दीप्तं शुक्लवाससमुज्ज्वलम् ।
सहानुजो ददर्शाथ ज्वलन्तं दीप्तिवर्चसम् ॥
</verse>",False
" ""O Lion among kings, receive this payasam prepared by gods, conferring progeny, bestowing affluence and improving health.  ", कच्चिन्नोग्रेण दण्डेन भृशमुद्वेजितप्रजम्।राष्ट्रं तवानुजानन्ति मन्त्रिणः कैकयीसुत।। ,"<verse>
कच्चिन्नोग्रेण दण्डेन भृशमुद्विग्नमानसाः ।
प्रजास्त्वां मन्त्रिणश्चैव गर्हयन्ति जनाधिप ॥
</verse>",False
" ""O Lion among kings, receive this payasam prepared by gods, conferring progeny, bestowing affluence and improving health.  ", रावणाननशङ्काश्च काश्चिद्रावणयोषितः।मुखानि स्म सपत्नीनामुपाजिघ्रन्पुनः पुनः।। ,"<verse>
मुखानि च सपत्नीनां जिघ्रन्ति स्म पुनः पुनः ।
राक्षसेन्द्रस्य रागाद् वै मन्यमाना मुखान्य् अपि ॥
</verse>",False
" ""O Lion among kings, receive this payasam prepared by gods, conferring progeny, bestowing affluence and improving health.  ", कृतार्थोऽस्मि महाबाहो कृतं गुरुवचस्त्वया।सिद्धाश्रममिदं सत्यं कृतं राम महायश:।। ,"<verse>
कृतकृत्योऽस्मि भद्रं ते पितुः संपादितं वचः ।
सिद्धाश्रमः सत्यनामा जातः सत्यपराक्रम ॥

इत्येवमुक्त्वा धर्मात्मा विरराम महामुनिः ।
इत्यार्षे रामायणे बालकाण्डे त्रिंशः सर्गः ॥
</verse>",False
" ""O Lion among kings, receive this payasam prepared by gods, conferring progeny, bestowing affluence and improving health.  ", विचिताः पर्वतास्सर्वे वनानि गहनानि च।निम्नगास्सागरान्ताश्च सर्वे जनपदाश्च ये।। ,"<verse>
गिरिष्वरण्यदुर्गेषु नदीषु सलिलेषु च ।
देशेषु जनमार्गेषु तामन्वैष्यामहे वयम् ॥
</verse>",False
" ""O Lion among kings, receive this payasam prepared by gods, conferring progeny, bestowing affluence and improving health.  ", यज्ञच्छिद्रं भवत्येतत्सर्वेषामशिवाय न:।तत्तथा क्रियतां राजन् यथाऽच्छिद्र: क्रतुर्भवेत्।।  ,"<verse>
अयं यज्ञे महान् दोषः सर्वेषामशिवाय नः ।
तस्मात् कुरुष्व राजेन्द्र सुसमृद्धं यथा भवेत् ॥
</verse>",False
" ""O Lion among kings, receive this payasam prepared by gods, conferring progeny, bestowing affluence and improving health.  ", अप्रमेयबलं तुभ्यं न त्वया बलवत्तर:।विश्वामित्रो महावीर्यस्तेज स्तव दुरासदम्।। ,"<verse>
अप्रमेयं बलं तेऽस्तु वीर्यं चाप्यतुलं तव ।
विश्वामित्रो महातेजा न त्वत्तोऽभ्यधिको बले ॥
</verse>",False
" ""O Lion among kings, receive this payasam prepared by gods, conferring progeny, bestowing affluence and improving health.  ", निविष्टायां तु सेनायामुत्सुको भरतस्तदा।जगाम भ्रातरं द्रष्टुं शत्रुघ्नमनुदर्शयन्।। ,"<verse>
निवेश्य सर्वसैन्यं च भ्रातृदर्शनलालसः ।
आश्रमं दर्शयन् वीरो शत्रुघ्नेन ययौ वनम् ॥
</verse>",False
" ""O Lion among kings, receive this payasam prepared by gods, conferring progeny, bestowing affluence and improving health.  ", ते पदं विष्णुविक्रान्तं पतत्रिज्योतिरध्वगाः।प्रयाताः प्रहिता राज्ञा हरयस्तत्क्षणेन वै।। ,"<verse>
राज्ञाऽऽज्ञप्ता हरीशास्ते विहायसमुपाश्रिताः ।
विष्णुपदं खगाकीर्णं नक्षत्रपथमाविशन् ॥
</verse>",False
" ""O Lion among kings, receive this payasam prepared by gods, conferring progeny, bestowing affluence and improving health.  ", इत्युक्त्वा स तदा राममुपवासं यतव्रतम्।मन्त्रवत्कारयामास वैदेह्या सहितं मुनिः।। ,"<verse>
इत्युक्त्वा तु वसिष्ठो वै रामं सीतासमन्वितम् ।
उपवासं तदा रामं कारयामास मन्त्रतः ॥
</verse>",False
" ""O Lion among kings, receive this payasam prepared by gods, conferring progeny, bestowing affluence and improving health.  ", ऋषयस्तुष्टुवुश्चैनं प्लवमानं विहायसा।जगुश्च देवगन्धर्वाः प्रशंसन्तो महौजसम्।। ,"<verse>
खे चरन्तं महात्मानं तुष्टुवुस्ते महर्षयः ।
देवगन्धर्वसङ्घाश्च कीर्तयन्तो बलौजसम् ॥
</verse>",False
" ""O Lion among kings, receive this payasam prepared by gods, conferring progeny, bestowing affluence and improving health.  ", मङ्गलालम्भनीयानि प्राशनीयान्युपस्करान्।उपनिन्युस्तथाप्यन्याः कुमारीबहुलाः स्त्रियः।। ,"<verse>
ततः प्रमदयूथानि मङ्गल्यं लेपनं तथा ।
स्नानीयमुपकारं च हृद्यं च समुपाहरन् ॥
</verse>",False
" ""O Lion among kings, receive this payasam prepared by gods, conferring progeny, bestowing affluence and improving health.  ", येन त्वं व्यवसायेन बलान्मां हर्तुमिच्छसि।।व्यवसायस्स ते नीच भविष्यति निरर्थकः। ,"<verse>
नीचैवं मां बलाद्धर्तुं यः प्रयासः कृतस्त्वया ।
निष्फलो भविता सर्वो वृथा ते साहसं ह्यदः ॥
</verse>",False
" ""O Lion among kings, receive this payasam prepared by gods, conferring progeny, bestowing affluence and improving health.  ", ततो हलहलाशब्दस्तुमुलस्समजायत।।तस्य निष्क्रममाणस्य जनौघस्य समन्ततः। ,"<verse>
निर्गच्छति रथे तस्मिन् जनसङ्घात् समन्ततः ।
प्रादुरासीन्महाशब्दः व्याकुलो जनसंसदि ॥
</verse>",False
" ""O Lion among kings, receive this payasam prepared by gods, conferring progeny, bestowing affluence and improving health.  ", तौ तु दत्तौ वरौ देव निक्षेपौ मृगयाम्यहम्।तथैव पृथिवीपाल सकाशे सत्यसङ्गर।। ,"<verse>
तौ हि मे देहि मे देव न्यासौ यौ मे श्रुतौ त्वया ।
तौ वरौ गृह्णाम्यद्य सत्यप्रतिश्रव क्षितिप ॥
</verse>",False
" ""O Lion among kings, receive this payasam prepared by gods, conferring progeny, bestowing affluence and improving health.  ", कुशकाशशरेषीका ये च कण्टकिनो द्रुमाः।तूलाजिनसमस्पर्शा मार्गे मम सह त्वया।। ,"<verse>
कुशकाशशरेषीका ये च कण्टकिनो द्रुमाः ।
तूलाजिनसमस्पर्शा मार्गे मम भविष्यन्ति ॥
</verse>",False
" ""O Lion among kings, receive this payasam prepared by gods, conferring progeny, bestowing affluence and improving health.  ", एवं चैतदकामां तु न त्वां स्प्रक्ष्यामि मैथिलि।कामं कामः शरीरे मे यथाकामं प्रवर्तताम्।। ,"<verse>
कामं कामः शरीरे मे यथाकामं प्रवर्तताम् ।
न तु त्वां धर्षयिष्यामि मैथिलि त्वमकामिकाम् ॥
</verse>",False
" ""O Lion among kings, receive this payasam prepared by gods, conferring progeny, bestowing affluence and improving health.  "," ﻿﻿समाक्षरैश्चतुर्भिर्य: पादैर्गीतो महर्षिणा ।

सोऽनुव्याहरणाद्भूयश्श्लोकश्श्लोकत्वमागत: ।।
  ","<verse>
चतुष्पदा समवृत्ता महर्षिणा प्रभाषिता ।
नित्यं गीतैः परैः श्राव्या श्रोतॄणां प्रीतयेऽभवत् ॥
</verse>",False
" ""O Lion among kings, receive this payasam prepared by gods, conferring progeny, bestowing affluence and improving health.  ", कृतादेशा भविष्यामि गमिष्यामि सह त्वया। कालश्चायं समुत्पन्न स्सत्यवाग्भवतु द्विजः।। ,"<verse>
गमिष्यामि वनं देवि त्वया सह न संशयः ।
ब्राह्मणानां च वचनं पूजनीयं मया सदा ॥
</verse>",False
" ""O Lion among kings, receive this payasam prepared by gods, conferring progeny, bestowing affluence and improving health.  ", ततःपर्यन्तरक्ताक्षोभिन्नाञ्जनचयोपमः ।रावणिर्भ्रातरौवाक्यमन्तर्धानगतोऽब्रवीत् ।। ,"<verse>
ततो रावणपुत्रस्तु क्रोधात्ताम्रेक्षणो बभौ ।
अन्तर्धानं गतो वीर्यो बभाषे रामलक्ष्मणौ ॥
</verse>",False
" ""O Lion among kings, receive this payasam prepared by gods, conferring progeny, bestowing affluence and improving health.  ", निशिभान्त्यचलेन्द्रस्य हुताशनशिखा इव।ओषध्यः स्वप्रभालक्ष्म्या भ्राजमाना स्सहस्रशः।। ,"<verse>
अस्मिन् गिरिमहाराजे दीप्यन्ते स्वत्विषा निशि ।
वह्नेर्ज्वाला इवोज्ज्वलाः भासन्ते च सहस्रशः ॥
</verse>",False
" ""O Lion among kings, receive this payasam prepared by gods, conferring progeny, bestowing affluence and improving health.  ", अथोवाच भरद्वाजो भरतं प्रहसन्निव।जाने त्वां प्रीतिसंयुक्तं तुष्येस्त्वं येन केनचित्।। ,"<verse>
भरद्वाजः स्मितं कृत्वा भरतं वाक्यमब्रवीत् ।
जाने ते परमं प्रेम तुष्टिं च समुपार्जिते ॥
</verse>",False
" ""O Lion among kings, receive this payasam prepared by gods, conferring progeny, bestowing affluence and improving health.  ", एवमुक्तस्तु सुग्रीवः काकुत्स्थेन महात्मना।प्रहर्षमतुलं लेभे चतुर्भिस्सह वानर।। ,"<verse>
एवमुक्तस्तु रामेण सुग्रीवः प्रीतिमांस्तदा ।
वानरैश्चतुर्भिः सार्धं प्रहर्षमतुलं गतः ॥
</verse>",False
" ""O Lion among kings, receive this payasam prepared by gods, conferring progeny, bestowing affluence and improving health.  ", इतिसदुःखसन्तप्ताविललापायतेक्षणा ।भर्तुश्शिरोधनुस्तत्रसमीक्ष्यचपुनःपुनः ।। ,"<verse>
शोकतप्ता विशालाक्षी दृष्ट्वा भर्तुः शिरो धनुः ।
पुनः पुनः समीक्ष्यैव विललाप सुदुःखिता ॥
</verse>",False
" ""O Lion among kings, receive this payasam prepared by gods, conferring progeny, bestowing affluence and improving health.  ", धिक्ते शौर्यं च सत्त्वं च यत्त्वं कथितवांस्तदा।कुलाक्रोशकरं लोके धिक्ते चारित्रमीदृशम्।। ,"<verse>
धिक् ते वीर्यं बलं चैव यत्त्वया श्लाघितं पुरा ।
धिक् शीलं कुलनाशं ते गर्हे वृत्तं तवेदृशम् ॥
</verse>",False
" ""O Lion among kings, receive this payasam prepared by gods, conferring progeny, bestowing affluence and improving health.  ", तस्य पुत्रो महातेजा: सम्प्रत्येष पुरीमिमाम्।आवसत्यमरप्रख्यस्सुमतिर्नाम दुर्जय:।। ,"<verse>
ऐक्ष्वाकः सुमतिः श्रीमान् देवतुल्यपराक्रमः ।
दुर्जयः सत्यवीर्यवान् शास्ति तामद्य वै पुरीम् ॥
</verse>",False
" ""O Lion among kings, receive this payasam prepared by gods, conferring progeny, bestowing affluence and improving health.  ", सान्त्विता मामिका माता दत्तं राज्यमिदं मम।तद्ददामि तवैवाहं भुङ्क्ष्व राज्यमकण्टकम्।। ,"<verse>
मन्मातुः परितोषाय दत्तं राज्यमिदं मम ।
तदहं संप्रयच्छामि निष्कण्टकं भुङ्क्ष्व तत् ॥
</verse>",False
" ""O Lion among kings, receive this payasam prepared by gods, conferring progeny, bestowing affluence and improving health.  ", देवगन्धर्वकन्याभिर्यक्षकन्याभिरेव च।।सार्धं प्रभो रमस्वेह सीतया किं करिष्यसि। ,"<verse>
देवगन्धर्वकन्याभिर्यक्षस्त्रीभी रमेश्वर ।
क्रीडसे त्वं सदा राजन् किं सीतां बहु मन्यसे ॥
</verse>",False
" ""O Lion among kings, receive this payasam prepared by gods, conferring progeny, bestowing affluence and improving health.  ", तेराक्षसबलंघोरंप्रविश्यहरियूथपाः ।विचेरुरुद्यतैश्शैलैर्नगाश्शिखरिणोयथा ।। ,"<verse>
भीमां राक्षससेन्यां तां प्रविश्याशु हरीश्वराः ।
सशैलवृक्षपाषाणा रेजुरुद्यतपर्वताः ॥
</verse>",False
" ""O Lion among kings, receive this payasam prepared by gods, conferring progeny, bestowing affluence and improving health.  ", स तं सस्मितमाभाष्य पुत्रं पुत्रवतां वरः।।उवाचेदं वचो राजा देवेन्द्रमिव काश्यपः। ,"<verse>
पिता दशरथः प्रीत्या पुत्रं सस्मितमब्रवीत्।
कश्यपो देवराजं हि यथा भाषति कश्यपः॥
</verse>",False
" ""O Lion among kings, receive this payasam prepared by gods, conferring progeny, bestowing affluence and improving health.  ", यदा प्रभृति चाक्रान्ता दिगियं पुण्यकर्मणा।तदा प्रभृति निर्वैराः प्रशान्ता रजनीचराः।। ,"<verse>
यदाप्रभृति पुण्यात्मा देशां तस्थौ घटोद्भवः ।
तदाप्रभृति शान्ताक्षाः त्यक्तवैरा निशाचराः ॥
</verse>",False
" ""O Lion among kings, receive this payasam prepared by gods, conferring progeny, bestowing affluence and improving health.  ", ऋषिणा च पितुर्वाक्यं कुर्वता व्रतचारिणा।गौर्हता जानता धर्मं कण्डुनाऽपि विपश्चिता।। ,"<verse>
पितुर्वाक्यकरीभावात् कण्डुर्गामसघातयत् ।
धर्मज्ञोऽपि तपोधन्यो जघान शबलां मुनिः ॥
</verse>",False
" ""O Lion among kings, receive this payasam prepared by gods, conferring progeny, bestowing affluence and improving health.  ", नीलजीमूतवर्णानां घोराणां क्रूरकर्मणाम्।लोकहिंसाविहाराणां बलिनामुग्रतेजसाम्।। ,"<verse>
नीलमेघप्रतीकाशा रौद्रा निष्करुणास्तथा ।
बलिनो युद्धशीलाश्च पीडयन्ति जनान् सदा ॥
</verse>",False
" ""O Lion among kings, receive this payasam prepared by gods, conferring progeny, bestowing affluence and improving health.  ", तानब्रवीत्ततोवाक्यंरावणोराक्षसाधिपः ।चारान्प्रत्यायितान् शूरान्भक्तान्विगतसाध्वसान् ।। ,"<verse>
ततो राक्षसशार्दूलः तान् चरान् वाक्यमब्रवीत् ।
विश्वस्तान् निर्भयान् युद्धे शत्रुभीतिविवर्जितान् ॥
</verse>",False
" ""O Lion among kings, receive this payasam prepared by gods, conferring progeny, bestowing affluence and improving health.  ", तव चैव गुणैर्बद्धस्त्वद्वियोगान्महीपतिः।राजा देवत्वमापन्नो भरतस्य यथाश्रुतम्।। ,"<verse>
राजा दशरथो नूनं त्वद्गुणैरतिचोदितः ।
त्वद्वियोगान्दिवं यातः श्रुतं भरतवक्त्रतः ॥
</verse>",False
" ""O Lion among kings, receive this payasam prepared by gods, conferring progeny, bestowing affluence and improving health.  ", विश्वासार्थं तु वैदेहि भर्तुरुक्ता मया गुणाः।अचिराद्राघवो देवि त्वामितो नयिताऽनघे।। ,"<verse>
विश्वासार्थं तु ते देवि भर्तुः कथितवान्गुणान् ।
अचिरात्त्वां प्रिये रामो नेष्यत्यस्माद्वराङ्गने ॥
</verse>",False
" ""O Lion among kings, receive this payasam prepared by gods, conferring progeny, bestowing affluence and improving health.  ", एतच्छ्रुत्वा प्रियं वाक्यं ब्रह्मणा समुदाहृतम्।सर्वे महर्षयो देवाः प्रहृष्टास्तेऽभवंस्तदा।। ,"<verse>
श्रुत्वा तद्वचनं सौम्यं ब्रह्मणा भाषितं तदा ।
हर्षिताः सर्वदेवाश्च महर्षिगणसंयुताः ॥
</verse>",False
" ""O Lion among kings, receive this payasam prepared by gods, conferring progeny, bestowing affluence and improving health.  ", ततः काञ्चनशैलाभो गवयो नाम यूथपः।आजगाम महावीर्यः पञ्चभि: कोटिभिर्वृतः।। ,"<verse>
ततः पञ्चप्रकोटीशो गवयो वीर्यवानगात् ।
महाबलः सुतेजस्वी कनकाचलसंनिभः ॥
</verse>",False
" ""O Lion among kings, receive this payasam prepared by gods, conferring progeny, bestowing affluence and improving health.  ", आलोक्य नगरीं तां च क्षयव्याकुलमानसाः।आवर्तयन्त तेऽश्रूणि नयनैः शोकपीडितैः।। ,"<verse>
दृष्ट्वा पुरं जनौघानां शोकेन व्यथितं मनः ।
राजपुत्रवियोगेन नेत्राभ्यामश्रु सस्रुवे ॥
</verse>",False
" ""O Lion among kings, receive this payasam prepared by gods, conferring progeny, bestowing affluence and improving health.  ", तदेवं प्रस्तुते कार्ये कार्यमस्माभिरुत्तरम्।यत्कार्यं कार्यतत्त्वज्ञे तदुदाहर्तुमर्हसि।। ,"<verse>
त्वं हि धर्मभृतां श्रेष्ठस्तस्मै धर्मं वदस्व च ।
अस्मिन् काले तु यत् कार्यं तदस्माकं प्रबोधय ॥
</verse>",False
" ""O Lion among kings, receive this payasam prepared by gods, conferring progeny, bestowing affluence and improving health.  ", वज्रमुष्टिस्तुमैन्देनद्विविदेनाशनिप्रभः ।राक्षसाभ्यांसुघोराभ्यांकपिमुख्यौसमागतौ ।। ,"<verse>
मैन्देन वज्रमुष्टिस्तु द्विविदेनाशनिप्रभुः ।
युयुधे वानरेन्द्रेण राक्षसौ तौ महाबलौ ॥
</verse>",False
" ""O Lion among kings, receive this payasam prepared by gods, conferring progeny, bestowing affluence and improving health.  ", हत्त्वा च समरे क्रूरं रावणं सहबान्धवम्।राघवौ त्वां विशालाक्षि स्वां पुरीं प्रापयिष्यतः।। ,"<verse>
हत्वा युद्धे दशग्रीवं सगणं राक्षसाधमम् ।
त्वां नेष्यति पुरीं रामो विशालाक्षि शुचिस्मिते ॥
</verse>",False
" ""O Lion among kings, receive this payasam prepared by gods, conferring progeny, bestowing affluence and improving health.  ", सुकुमारी च बाला च सततं च सुखोचिता। नेयं वनस्य योग्येति सत्यमाह गुरुर्मम।। ,"<verse>
सुकुमारी सुता राज्ञः वनवासाय नोचिता ।
सुखाभिज्ञा च बालेयं सत्यमुक्तं गुरुस्त्वया ॥
</verse>",False
" ""O Lion among kings, receive this payasam prepared by gods, conferring progeny, bestowing affluence and improving health.  ", पुरा वृत्रवधे राम मलेन समभिप्लुतम्।क्षुधा चैव सहस्राक्षं ब्रह्महत्या समाविशत्।। ,"<verse>
पुरा वृत्रं हतं कृत्वा शक्रः परमदुर्मनाः ।
ब्रह्महत्यावृतो राम मलं चोपजगाम ह ॥
</verse>",False
" ""O Lion among kings, receive this payasam prepared by gods, conferring progeny, bestowing affluence and improving health.  ", आरभस्व शुभश्रोणि वनवासक्षमाः क्रियाः।नेदानीं त्वदृते सीते स्वर्गोऽपि मम रोचते।। ,"<verse>
वनवासाय कल्याणि कुरु यत्नं वरानने ।
त्वया विना हि मे स्वर्गो न हि रोचति भामिनि ॥
</verse>",False
" ""O Lion among kings, receive this payasam prepared by gods, conferring progeny, bestowing affluence and improving health.  ", उत्तिष्ठ पुरुषव्याघ्र क्रियतामुदकं पितुः।अहं चायं च शत्रुघ्नः पूर्वमेव कृतोदकौ।। ,"<verse>
उत्तिष्ठ नरशार्दूल क्रियतामुदकं पितुः ।
मया चैव हि शत्रुघ्नेन च पूर्वं कृतं जलम् ॥
</verse>",False
" ""O Lion among kings, receive this payasam prepared by gods, conferring progeny, bestowing affluence and improving health.  ", सर्वोह्यभिजनश्श्रीमान् श्रीमतस्सत्यवादिनः।नालक्षयत रामस्य किञ्चिदाकारमानने।। ,"<verse>
न गम्भीरस्य रामस्य मुखरागं विदुः जनाः ।
सत्यवाद्यभिरामस्य तेजस्विनो न मेनिरे ॥
</verse>",False
" ""O Lion among kings, receive this payasam prepared by gods, conferring progeny, bestowing affluence and improving health.  ", सखे राघव धर्मज्ञ रिपूणामपिवत्सल ।अभ्यनुज्ञातुमिच्छामिगमिष्यामियथामतम् ।। ,"<verse>
सखे मन्त्रयितुं त्वां हि इच्छामि सुहृदां वर ।
धर्मज्ञो हि भवान् नूनं शत्रूणामपि वल्लभः ॥
</verse>",False
" ""O Lion among kings, receive this payasam prepared by gods, conferring progeny, bestowing affluence and improving health.  ", तथावृक्षैर्महाकायाःपर्वताग्रैश्चवानराः ।निजघ्नुस्तानिरक्षांसिनखैर्दन्तैश्चवेगिताः ।। ,"<verse>
तथा ते राक्षसान् तूर्णं वानराः पर्वतादिभिः ।
नखदन्तैश्च वृक्षैश्च जघ्नुः सर्वान् निशाचरान् ॥
</verse>",False
" ""O Lion among kings, receive this payasam prepared by gods, conferring progeny, bestowing affluence and improving health.  ", हन्तपश्यस्वलङ्कायावनान्युपवनानि च ।।सेतुनासुखमागम्यवानरैकार्णवीकृतम् । ,"<verse>
हा पश्य सेतुमार्गेण लङ्कां प्राप्ता वनौकसः ।
उद्यानानि वनानीह नाशयन्ति स्म सर्वशः ॥
</verse>",False
" ""O Lion among kings, receive this payasam prepared by gods, conferring progeny, bestowing affluence and improving health.  ", तेषां धर्मैकरक्षाणां कुलचारित्रशोभिनाम्।अद्य चारित्रशौण्डीर्यं त्वां प्राप्य विनिवर्तितम्।। ,"<verse>
इक्ष्वाकूणां हि धर्मोऽयं रक्षिता कुलधर्मवित् ।
त्वया तु प्राप्य तं वंशं स धर्मो व्याकुलीकृतः ॥
</verse>",False
" ""O Lion among kings, receive this payasam prepared by gods, conferring progeny, bestowing affluence and improving health.  "," ﻿सोऽपश्यच्छातकुम्भानि सीधोर्मणिमयानि च।

राजतानि च पूर्णानि भाजनानि महाकपिः।।
  ","<verse>
सौवर्णराजतान् कुम्भान् मद्यपूर्णान् महाकपिः ।
मणिस्फटिकसंकीर्णान् ददर्श हरियूथपः ॥
</verse>",False
" ""O Lion among kings, receive this payasam prepared by gods, conferring progeny, bestowing affluence and improving health.  ", रामस्य वचनं श्रुत्वा सर्वभूतसमुद्भवम्।आचचक्षे द्विजस्तस्मै कुलमात्मानमेव च।। ,"<verse>
श्रुत्वा रामस्य वाक्यं तत् पक्षी वचनमब्रवीत् ।
सृष्टिं च सर्वभूतानां स्वकुलं च न्यवेदयत् ॥
</verse>",False
" ""O Lion among kings, receive this payasam prepared by gods, conferring progeny, bestowing affluence and improving health.  ", तमङ्गदगतो रामं लक्ष्मणश्शुभया गिरा ।उवाच परिपूर्णार्थ: स्मृतिमान् प्रतिभानवान् ।। ,"<verse>
अङ्गदारूढकायोऽसौ स्मृतिमान्मतिमाञ्छुचिः ।
कार्यसिद्धौ व्यवस्थावान् रामं मङ्गलमब्रवीत् ॥
</verse>",False
" ""O Lion among kings, receive this payasam prepared by gods, conferring progeny, bestowing affluence and improving health.  ", वज्रदंष्ट्रंहतंश्रुत्वावालिपुत्रेणरावणः ।बलाध्यक्षमुवाचेदंकृताञ्जलिमुपस्थितम् ।। ,"<verse>
वज्रदंष्ट्रं हतं श्रुत्वा वालिपुत्रेण संयुगे ।
उवाच रावणः सेनापतिं प्राञ्जलिमग्रतः ॥
</verse>",False
" ""O Lion among kings, receive this payasam prepared by gods, conferring progeny, bestowing affluence and improving health.  ", यानि दत्तानि तेऽस्त्राणि विश्वामित्रेण धीमता।तानि त्वामभिरक्षन्तु गुणैस्समुदितं सदा।। ,"<verse>
विश्वामित्रेण धीरेण यानि दत्तानि तेऽनघ ।
मन्त्रास्त्राणि च सर्वशः रक्षन्तु त्वां सदा भुवि ॥
</verse>",False
" ""O Lion among kings, receive this payasam prepared by gods, conferring progeny, bestowing affluence and improving health.  ", अपापोऽसि यदा पुत्र निहतः पापकर्मणा।तेन सत्येन गच्छाऽऽशु ये लोकाश्शस्त्रयोधिनाम्।। ,"<verse>
हतस्त्वं पापकर्मणा पुत्र निष्पाप सर्वथा ।
सत्येन तेन लोकांश्च याहि शूरैर्गतान् द्रुतम् ॥
</verse>",False
" ""O Lion among kings, receive this payasam prepared by gods, conferring progeny, bestowing affluence and improving health.  ", गुहाश्च विचितास्सर्वास्त्वया याः परिकीर्तिताः।विचिताश्च महागुल्मा लताविततसन्तताः।। ,"<verse>
गुहास्वपि विचिन्त्यैषा लतागुल्मवृतेषु च ।
त्वयोक्तेषु च सर्वत्र अन्विष्टा जनकात्मजा ॥
</verse>",False
" ""O Lion among kings, receive this payasam prepared by gods, conferring progeny, bestowing affluence and improving health.  ", दीर्घमुष्णंविनिःश्वस्यजगतीमवलोकयन् ।उवाचमेघसङ्काशंविभीषणमुपस्थितम् ।। ,"<verse>
उष्णं दीर्घं च निःश्वस्य विलिखन् वसुधातलम् ।
ततो विभीषणं प्राह तिष्ठन्तं मेघसंनिभम् ॥
</verse>",False
" ""O Lion among kings, receive this payasam prepared by gods, conferring progeny, bestowing affluence and improving health.  ", ततोऽहं वालिना तेन साऽनुबद्धः प्रधावितः।नदीश्च विविधाः पश्यन्वनानि नगराणि च।। ,"<verse>
कर्मण्येवाधिकारस्ते मा फलेषु कदाचन ।
मा कर्मफलहेतुर्भूर्मा ते सङ्गोऽस्त्वकर्मणि ॥
</verse>",False
" ""O Lion among kings, receive this payasam prepared by gods, conferring progeny, bestowing affluence and improving health.  ", शैलस्य तस्य शृङ्गेषु कन्दरेषु वनेषु च।।रावणस्सह वैदेह्या मार्गितव्यस्ततस्ततः। ,"<verse>
तस्य शैलस्य शृङ्गेषु
कन्दरासु वनेषु च ।
मार्गध्वं रावणं क्रूरं
वैदेहीं च विशेषतः ॥
</verse>",False
" ""O Lion among kings, receive this payasam prepared by gods, conferring progeny, bestowing affluence and improving health.  ", पूर्णचन्द्रप्रतीकाशं छत्रं च व्यजनैस्सह।पातयामास वेगेन ग्राहिभी राक्षसैस्सह।। ,"<verse>
पूर्णचन्द्रप्रभं छत्रं चामराणि च पक्षिराट्।
स राक्षसान् पातयामास रथस्थाञ्छत्रधारिणः॥
</verse>",False
" ""O Lion among kings, receive this payasam prepared by gods, conferring progeny, bestowing affluence and improving health.  ", कश्चिन्मेत्वत्समोनास्तिसौहृदेनबलेन च ।गच्छशत्रुवधायत्वंकुम्भकर्णजयाय च ।। ,"<verse>
कुम्भकर्ण न ते तुल्यो बलवान् सुहृदश्च मे ।
गच्छ शत्रून् रणे हत्वा जयं प्राप्नुहि सत्वरम् ॥
</verse>",False
" ""O Lion among kings, receive this payasam prepared by gods, conferring progeny, bestowing affluence and improving health.  ", एवं विलपमानं तं भरतं दीनमानसम्।अब्रवीद्वचनं भूयो वसिष्ठस्तु महामुनिः।। ,"<verse>
एवं विलपमानं तं भरतं दीनमानसम् ।
वसिष्ठो मुनिशार्दूलः पुनरेवाब्रवीद् वचः ॥
</verse>",False
" ""O Lion among kings, receive this payasam prepared by gods, conferring progeny, bestowing affluence and improving health.  ", विजयोऽपिहिमेशूर न प्रियायोपकल्पते ।अचक्षुर्विषयश्चन्द्रःकांप्रीतिंजनयिष्यति ।। ,"<verse>
न मे मोदाय वीरेह विजयोऽपि सुखप्रदः ।
नष्टदृष्टेः कुतः प्रीतिश्चन्द्रं द्रष्टुमिहोच्छुकः ॥
</verse>",False
" ""O Lion among kings, receive this payasam prepared by gods, conferring progeny, bestowing affluence and improving health.  ", स त्वं सुरहितार्थाय मायायोगमुपागत:।वामनत्वं गतो विष्णो कुरु कल्याणमुत्तमम्।। ,"<verse>
देवकार्यहितार्थाय वामनं रूपमास्थितः ।
मायया कुरु विष्णो त्वं क्रियामेतां परां शुभाम् ॥
</verse>",False
" ""O Lion among kings, receive this payasam prepared by gods, conferring progeny, bestowing affluence and improving health.  ", हत्वा चाश्वान्शरैस्तीक्ष्णैरर्धचन्द्रेण सारथेः।।शिरो जहार तद्रक्षस्त्रिभिर्विव्याध वक्षसि। ,"<verse>
हत्वा तीक्ष्णैः शरैर्वाहान् भल्लेनापाहरच्छिरः ।
दूषणं च त्रिभिर्बाणैर्विव्याध हृदये भृशम् ॥
</verse>",False
" ""O Lion among kings, receive this payasam prepared by gods, conferring progeny, bestowing affluence and improving health.  ", एतद्वचननैष्ठुर्यमूचु स्संरक्तलोचना:।वासिष्ठा मुनिशार्दूल सर्वे ते समहोदया:।। ,"<verse>
महोदययुताः सर्वे वासिष्ठा मुनिपुङ्गव ।
क्रोधरक्तेक्षणाः क्रूराः परुषं वाक्यमब्रुवन् ॥
</verse>",False
" ""O Lion among kings, receive this payasam prepared by gods, conferring progeny, bestowing affluence and improving health.  ", तमभ्यभाष सौमित्रे सुग्रीवसचिवं कपिम्।वाक्यज्ञं मधुरैर्वाक्यैस्स्नेहयुक्तमरिन्दम।। ,"<verse>
सौमित्रे मित्रभावेन प्राप्तं सुग्रीवमन्त्रिणम्।
प्रतिभाषस्व कल्याण्या वाचा मधुरया गिरा॥
</verse>",False
" ""O Lion among kings, receive this payasam prepared by gods, conferring progeny, bestowing affluence and improving health.  ", ततोबाष्पपरिक्लिन्नंप्रमार्जन्तीस्वमाननम् ।शनैर्गद्गदयावाचाभर्तारमिदमब्रवीत् ।। ,"<verse>
ततो बाष्पं प्रमृज्याशु प्रमृज्य रुदती मुखम् ।
गद्गदेनाकुला वाचा मन्दं भर्तारमब्रवीत् ॥
</verse>",False
" ""O Lion among kings, receive this payasam prepared by gods, conferring progeny, bestowing affluence and improving health.  ", तेकृताञ्जलयस्सर्वेरथस्थंपृथिवीस्थिताः ।राक्षसाराक्षसश्रेष्ठंशिरोभिस्तंववन्दिरे ।। ,"<verse>
भूमिष्ठाः सर्वराक्षसाः कृत्वा चैवाञ्जलिं तदा ।
रथस्थं राक्षसेन्द्रं तं शिरोभिः प्रणिपत्य च ॥
</verse>",False
" ""O Lion among kings, receive this payasam prepared by gods, conferring progeny, bestowing affluence and improving health.  ", रामोऽपिदारयेदेषां बाणेनैकेन च द्रुमम्।वालिनं निहतं मन्ये दृष्ट्वा रामस्य विक्रम।। ,"<verse>
एकेनैव शरेणासौ सप्त सालान् बिभित्ति चेत् ।
तदा मन्ये महावीर्यं वालिनं हन्तुमुद्यतम् ॥
</verse>",False
" ""O Lion among kings, receive this payasam prepared by gods, conferring progeny, bestowing affluence and improving health.  ", कुशीलवौ तु धर्मज्ञौ राजपुत्रौ यशस्विनौ।भ्रातरौ स्वरसम्पन्नौ ददर्शाश्रमवासिनौ ।।  ,"<verse>
ददर्श स मुनीश्वरः भ्रातरौ दीप्ततेजसौ ।
धर्मज्ञौ मधुरस्वरौ आश्रमस्थौ यशस्विनौ ॥
</verse>",False
" ""O Lion among kings, receive this payasam prepared by gods, conferring progeny, bestowing affluence and improving health.  ", सुवाससस्सुवेषाश्च ते च सर्वे सुशीलिन: ।हितार्थं च नरेन्द्रस्य जाग्रतो नयचक्षुषा ।।  ,"<verse>
सुवसनाः सुशीलाश्च धर्मन्यायविचारिणः ।
राज्ञः प्रियहिते युक्ताः सदा जागरुकास्तथा ॥
</verse>",False
" ""O Lion among kings, receive this payasam prepared by gods, conferring progeny, bestowing affluence and improving health.  ", किं मयाऽपकृतं तस्य महर्षेर्भावितात्मन:।यन्मामनागसं भक्तामिष्टां त्यजति धार्मिक:।। ,"<verse>
किं मयापकृतं तस्य साधोः कारुणिकस्य च ।
अनपाराधिकां भक्तां किमर्थं स जहाति माम् ॥
</verse>",False
" ""O Lion among kings, receive this payasam prepared by gods, conferring progeny, bestowing affluence and improving health.  ", तेप्रार्थितान्वरान्सर्वान्प्राप्नुवन्तीहराघवात् ।श्रवणेनसुरास्सर्वेप्रीयन्तेसम्प्रशृण्वताम् ।। ,"<verse>
ये शृण्वन्ति जगत्यस्मिन् रामायणमनुत्तमम् ।
लभन्ते सर्वकामांस्ते देवाः प्रीता भवन्ति च ॥
</verse>",False
" ""O Lion among kings, receive this payasam prepared by gods, conferring progeny, bestowing affluence and improving health.  ", किं पुनर्मनुजेन्द्रेण स्वयं पित्रा प्रचोदितः।तव च प्रियकामार्थं प्रतिज्ञामनुपालयन्।। ,"<verse>
सत्यरक्षानिमित्तं हि करिष्ये तव वाञ्छितम् ।
किं पुनः पितुरादेशात् करोमीति न संशयः ॥
</verse>",False
" ""O Lion among kings, receive this payasam prepared by gods, conferring progeny, bestowing affluence and improving health.  ", तेषां तु हतशेषा ये ते गत्वा लघुविक्रमाः।निहतं च महत्सैन्यं रावणायाचचक्षिरे।। ,"<verse>
अवशिष्टाश्च ये तत्र गत्वा रावणमब्रुवन् ।
हता सा महती सेना इति तस्मै न्यवेदयन् ॥
</verse>",False
" ""O Lion among kings, receive this payasam prepared by gods, conferring progeny, bestowing affluence and improving health.  ", नृणां शतानि पञ्चाशद्व्यायतानां महात्मनाम्।मञ्जूषामष्टचक्रां तां समूहुस्ते कथञ्चन।। ,"<verse>
नृणां शतानि पञ्चाशन्मञ्जूषामष्टचक्रिकाम् ।
विश्रम्य विश्रम्य तदा कर्षन्ति तन्महाधनुः ॥
</verse>",False
" ""O Lion among kings, receive this payasam prepared by gods, conferring progeny, bestowing affluence and improving health.  ", अद्यतेव्यसनंप्राप्तंकिंमांत्वामिहवक्ष्यसि ।प्रवेष्टुं न त्वयाशक्यंन्यग्रोधंराक्षसाधम ।। ,"<verse>
नीचराक्षस ते चिन्ता सञ्जाता ह्यद्य वर्तते ।
वटवृक्षप्रवेशस्तु न शक्यस्तेऽद्य राक्षस ॥
</verse>",False
" ""O Lion among kings, receive this payasam prepared by gods, conferring progeny, bestowing affluence and improving health.  ", ते तीर्णा इति विज्ञाय बाष्पपूर्णमुखा जनाः।अहो धिगिति निश्श्वस्य हा रामेति च चुक्रुशुः।।  ,"<verse>
श्रुत्वा तीर्णां त्रयीं गङ्गां नरा बाष्पाविलेक्षणाः ।
हा धिग्धिगिति निश्वस्य रुरुदुः सस्वरं भृशम् ॥
</verse>",False
" ""O Lion among kings, receive this payasam prepared by gods, conferring progeny, bestowing affluence and improving health.  ", ततोविष्फारयामासमहद्धनुरवस्थितः ।उत्ससर्ज च तीक्ष्णाग्रान् राक्षसेषुमहाशरान् ।। ,"<verse>
ततो विभीषणस्तस्थौ विस्फारितशरासनः ।
मुञ्चन् शितान् शरान् तीक्ष्णान् राक्षसेषु महाबलः ॥
</verse>",False
" ""O Lion among kings, receive this payasam prepared by gods, conferring progeny, bestowing affluence and improving health.  ", शीघ्रमेव हि राक्षस्यो विकृता घोरदर्शनाः।दर्पमस्या विनेष्यध्वं मांसशोणितभोजनाः।। ,"<verse>
उवाच रावणो घोरः राक्षसीः क्रूरदर्शनाः ।
मांसशोणितभक्ष्यास्ताः गर्वमस्याः प्रणाशय ॥
</verse>",False
" ""O Lion among kings, receive this payasam prepared by gods, conferring progeny, bestowing affluence and improving health.  ", जित्वा तु राक्षसान् सर्वानिक्ष्वाकुकुलनन्दिनीम्।।सम्प्रदास्यामि रामाय यथा सिद्धिं तपस्विने। ,"<verse>
हत्वा सर्वान् रजोघ्नांश्च सीताप्रीत्यै ददाम्यहम् ।
ऐक्ष्वाक्यै राघवं दद्यां तपःफलमिवोत्तमम् ॥
</verse>",False
" ""O Lion among kings, receive this payasam prepared by gods, conferring progeny, bestowing affluence and improving health.  ", सर्वेषां परितुष्टाऽस्मि वानराणां तरस्विनाम्।।चरन्त्या मम धर्मेण न कार्यमिह केनचित्। ,"<verse>
प्रीतोऽस्मि वानराः सर्वैर्बुद्धिमद्भिर्महाबलैः ।
धर्मकृत्ये प्रवृत्तोऽहं सेवा मे नैव युज्यते ॥

वाल्मीकिरचिते काव्ये आदिकाव्ये मनोहरे ।
किष्किन्धाकाण्डके सर्गः द्विपञ्चाशः समाप्यते ॥
</verse>",False
" ""O Lion among kings, receive this payasam prepared by gods, conferring progeny, bestowing affluence and improving health.  ", रामस्त्वाश्रममासाद्य त्रासयन्मृगपक्षिणः।गत्वा मुहूर्तमध्वानं भरद्वाजमुपागमत्।। ,"<verse>
आगामिनं रामं दृष्ट्वा त्रासं जग्मुः मृगाखगाः ।
आश्रमं समनुप्राप्तं वीक्ष्य रामं भयान्विताः ॥ १ ॥

मार्गे गच्छन् शनै रामः कंचित् कालं त्वतन्द्रितः ।
भरद्वाजाश्रमं पुण्यं प्राप रामो महायशाः ॥ २ ॥
</verse>",False
" ""O Lion among kings, receive this payasam prepared by gods, conferring progeny, bestowing affluence and improving health.  ", हयैरन्ये गजैरन्ये रथैरन्ये स्वलङ्कृतैः।सुकुमारा स्तथैवान्ये पद्भिरेव नरा ययुः।। ,"<verse>
तुरगान् केचिदारूढाः केचिच्च वरदन्तिनः।
रथे च सुकृते केचित् पद्भ्यामेव ययुर्युवाः॥
</verse>",False
" ""O Lion among kings, receive this payasam prepared by gods, conferring progeny, bestowing affluence and improving health.  ", स तेषां राजपुत्राणां कर्तुकामो जलक्रियाम् ।सलिलार्थी महातेजा न चापश्यज्जलाशयम् ।। ,"<verse>
अंशुमानपि तेजस्वी कर्दमाकुलितं पथि ।
न चापश्यत पानीयं पितृणां सलिलक्रियाम् ॥
</verse>",False
" ""O Lion among kings, receive this payasam prepared by gods, conferring progeny, bestowing affluence and improving health.  ", सोऽभ्युपेत्यशरान्खङ्गान्पट्टसासिपरश्वधान् ।अभ्यवर्षतदुर्धर्षःकपिमूर्थनिराक्षसः ।। ,"<verse>
स भीमो राक्षसः क्रुद्धो ह्यभिसृत्य च मारुतिम् ।
शूलशक्त्यसिबाणांश्च तस्य वक्त्रे ववर्ष ह ॥
</verse>",False
" ""O Lion among kings, receive this payasam prepared by gods, conferring progeny, bestowing affluence and improving health.  ", बद्धगोधाङ्गुळित्रश्चअवध्यकवचोयुधि ।धनुरादाययस्तिष्टन्नदृश्योभवतीन्द्रजित् ।। ,"<verse>
गोधाङ्गुलित्रबद्धहस्तः अभेद्यकवचो जयी ।
अदृश्यो धनुषा युद्धे जेता रावणजः स्वयम् ॥
</verse>",False
" ""O Lion among kings, receive this payasam prepared by gods, conferring progeny, bestowing affluence and improving health.  ", भर्तुःप्रियहितेयुक्तेभर्तुर्विजयकाङ्क्षिण: ।।स्निग्धमेवंविधंवाक्यंत्वमेवार्हस्यनिन्दिते । ,"<verse>
वक्तुमर्हसि कल्याणि त्वमेवैवंविधं वचः ।
भर्तुः प्रियहिते युक्ता त्वमनिन्दिता भामिनि ॥
</verse>",False
" ""O Lion among kings, receive this payasam prepared by gods, conferring progeny, bestowing affluence and improving health.  ", अथ सन्देहमानानां स्त्रीणां दृष्ट्वा च पार्थिवम्।यत्तदाशङ्कितं पापं तस्य जज्ञे विनिश्चयः।। ,"<verse>
दृष्ट्वा भूपं समीपे तु शङ्किता याः पुरा स्त्रियः ।
निश्चितं मेनिरे तास्तु भवितव्यं हि तद्गताः ॥
</verse>",False
" ""O Lion among kings, receive this payasam prepared by gods, conferring progeny, bestowing affluence and improving health.  ", योजयस्व धनुश्श्रेष्ठे शरं परपुरञ्जयम्।यदि शक्नोषि काकुत्स्थ द्वन्द्वं दास्यामि ते तत:।। ,"<verse>
शरासनमिदं श्रेष्ठं ककुत्स्थकुलवर्धन ।
सन्धत्स्व शरमेतस्मिन् यदि शक्नोषि राघव ॥
इत्यार्षे रामायणे बालकाण्डे पञ्चसप्ततितमः सर्गः ॥
</verse>",False
" ""O Lion among kings, receive this payasam prepared by gods, conferring progeny, bestowing affluence and improving health.  ", सोऽहमिक्ष्वाकुभि स्सर्वैर्नरेन्द्रैः परिपालितम्।श्रेयसा योक्तुकामोऽस्मि सुखार्हमखिलं जगत्।। ,"<verse>
ऐक्ष्वाककुलराज्येन सुखिनोऽस्य जगद्धितम् ।
कर्तुमिच्छामि कल्याणं सर्वस्य जगतो ह्यहम् ॥
</verse>",False
" ""O Lion among kings, receive this payasam prepared by gods, conferring progeny, bestowing affluence and improving health.  ", अथ सीता समुत्पत्य वेपमाना च तं पतिम्।अपश्यच्छोकसन्तप्तं चिन्ताव्याकुलितेन्द्रियम्।। ,"<verse>
दृष्ट्वा भर्तारमुद्विग्नं चिन्ताशोकसमन्वितम् ।
ततः सीता समुत्थाय प्रवेपन्ती तदाभवत् ॥
</verse>",False
" ""O Lion among kings, receive this payasam prepared by gods, conferring progeny, bestowing affluence and improving health.  ", हीनबुद्धिगुणो बालो हीनः स्थानेन चाप्यहम्।भवता च विनाभूतो न वर्तयितुमुत्सुहे।। ,"<verse>
बालोऽहं हीनबुद्धिश्च गुणैः पदच्युतस्तथा ।
त्वया त्यक्तो न चेच्छामि जीवितुं दुःखितो ह्यहम् ॥
</verse>",False
" ""O Lion among kings, receive this payasam prepared by gods, conferring progeny, bestowing affluence and improving health.  ", जहारात्मविनाशाय वैदेहीं राक्षसाधमः।वञ्चयित्वा तु पौलोमीमनुह्लादो यथा शचीम्।। ,"<verse>
यथा ह्यनुह्लादः शचीं पुलोम्नो दुहितां प्रियां ।
जहार सहसा हृत्वा तथेयमपि मैथिली ॥
</verse>",False
" ""O Lion among kings, receive this payasam prepared by gods, conferring progeny, bestowing affluence and improving health.  "," ﻿सर्वथा कुशलं सूत दुर्लभं मम बन्दुषु।।

तथाह्यसति सम्मोहे हृदयं सीदतीव मे।
  ","<verse>
न पश्यामी हितं सूत स्वजनानां कथञ्चन ।
मोहितोऽहं न जानामि शोकेनाकुलमानसः ॥
</verse>",False
" ""O Lion among kings, receive this payasam prepared by gods, conferring progeny, bestowing affluence and improving health.  ", अयं पर्वणि वेगेन यज्ञियाश्वोऽपनीयते।हर्तारं जहि काकुत्स्थ हयश्चैवोपनीयताम्।। ,"<verse>
काकुत्स्थ पावनस्यास्य पौर्णमास्यां हृतो हयः ।
जहि चोरं महाबाहो यज्ञीयमश्वमानय ॥
</verse>",False
" ""O Lion among kings, receive this payasam prepared by gods, conferring progeny, bestowing affluence and improving health.  ", तानुवाच विनीतात्मा सूतपुत्रः प्रदक्षिणः। क्षिप्रमाख्यात रामाय सुमंन्त्रो द्वारि तिष्ठति।। ,"<verse>
विनीतः सूनृतश्चैव सूतो रक्षिभिरब्रवीत् ।
निवेद्यतां द्रुतं रामे सुमन्त्रो द्वारि तिष्ठति ॥
</verse>",False
" ""O Lion among kings, receive this payasam prepared by gods, conferring progeny, bestowing affluence and improving health.  ", सर्वकालसमृद्धंहिहस्त्यश्वरथसङ्कुलम् ।पितृपैतामहंराज्यंकस्यनावर्तयेन्मनः ।। ,"<verse>
पितृपैतामहे राज्ये हस्त्यश्वबहुले सति ।
विभवे चातिविस्तीर्णे कस्य नो लोभयेन्मनः ॥
</verse>",False
" ""O Lion among kings, receive this payasam prepared by gods, conferring progeny, bestowing affluence and improving health.  ", उत्थाय स महातेजाः प्रकृतीस्ता निशाम्य च।अब्रवीद्भ्रातरं रामो लक्ष्मणं पुण्यलक्षणम्।। ,"<verse>
उत्थाय प्रमुदो रामः प्रजाः पश्यन् मुदान्वितः ।
उवाच लक्ष्मणं धीरं गुणैः सर्वैः समन्वितम् ॥
</verse>",False
" ""O Lion among kings, receive this payasam prepared by gods, conferring progeny, bestowing affluence and improving health.  ", तत्र सीते मया सार्धं वनेषु विहरिष्यसि।न चास्यारण्यवासस्य स्पृहयिष्यसि भामिनि।। ,"<verse>
विहारेषु मम स्वीये चर सीते मया सह ।
न हि ते रोचते भद्रे वनवासोऽतिदुःखदः ॥
</verse>",False
" ""O Lion among kings, receive this payasam prepared by gods, conferring progeny, bestowing affluence and improving health.  ", इत्येवं लक्ष्मणे वाक्यं स्नेहाद्ब्रुवति धार्मिके।परिवादं जनन्यास्तमसहन्राघवोऽब्रवीत्।। ,"<verse>
इत्युक्तो लक्ष्मणेनाथ स्नेहाद् रामोऽभ्यभाषत ।
मातुर्निन्दां न सोढुं स कैकेय्याः प्राह राघवः ॥
</verse>",False
" ""O Lion among kings, receive this payasam prepared by gods, conferring progeny, bestowing affluence and improving health.  ", नैतच्चित्रं नरव्याघ्र शीलवृत्तवतां वर।यदार्यं त्वयि तिष्ठेत्तु निम्ने सृष्टमिवोदकम्।। ,"<verse>
न चित्रं त्वयि कल्याणाः कल्याणगुणसञ्चयाः ।
नरेन्द्रे शीलसम्पन्ने निम्नमम्बु यथा व्रजेत् ॥
</verse>",False
" ""O Lion among kings, receive this payasam prepared by gods, conferring progeny, bestowing affluence and improving health.  ", अथ राजा वृत स्त्रीभिर्दीनाभिर्दीनचेतनः।निर्जगाम प्रियं पुत्रं द्रक्ष्यामीति ब्रुवन् गृहात्।। ,"<verse>
द्रष्टुमिच्छामि वै पुत्रं राजा दीनमुवाच ह ।
प्रासादात् स विनिष्क्रान्तो दीनस्त्रीजनसंवृतः ॥
</verse>",False
" ""O Lion among kings, receive this payasam prepared by gods, conferring progeny, bestowing affluence and improving health.  ", ततो नालीकनाराचैस्तीक्ष्णाग्रैश्च विकर्णिभिः।अभ्यवर्षन्महाघोरैर्गृध्रराजं महाबलः।। ,"<verse>
ततो रौद्रो महाबाहुः ववर्ष शरवृष्टिभिः ।
शूलैश्चैव विकर्णैश्च गृध्रराजं जटायुषम् ॥
</verse>",False
" ""O Lion among kings, receive this payasam prepared by gods, conferring progeny, bestowing affluence and improving health.  ", नार्हा त्वं शोचितुं देवि यस्यास्ते राघवस्सुतः।न हि रामात्परो लोके विद्यते सत्पथे स्थितः।। ,"<verse>
न ते रामेण संतापः कर्तव्यो हि सुतौकसा ।
न हि रामात् परो लोके धर्ममार्गे व्यवस्थितः ॥
</verse>",False
" ""O Lion among kings, receive this payasam prepared by gods, conferring progeny, bestowing affluence and improving health.  ", निश्श्वसद्भिस्तदाऽर्तैस्तु भुजङ्गैरर्धनि:सृतैः।।सपताक इवाभाति स तदा धरणीधरः। ,"<verse>
शिलाग्रनिस्सृताङ्गाश्च फुत्कुर्वन्तो भुजङ्गमाः ।
ध्वजा इव विराजन्ते शैले रोपितयष्टयः ॥
</verse>",False
" ""O Lion among kings, receive this payasam prepared by gods, conferring progeny, bestowing affluence and improving health.  ", शनैस्तस्मिन्प्रशान्ते च जनघोषे जनाधिपः।।वसिष्ठं मुनिशार्दूलं राजा वचनमब्रवीत्। ,"<verse>
क्रमेण शमिते घोरे नराधिपो महीपतिः ।
वसिष्ठं मुनिशार्दूलमिदं वचनमब्रवीत् ॥
</verse>",False
" ""O Lion among kings, receive this payasam prepared by gods, conferring progeny, bestowing affluence and improving health.  ", पर्वतेन्द्रं सुनाभं च समुपस्पृश्य वीर्यवान्।।ज्यामुक्त इव नाराचो महावेगोऽभ्युपागतः। ,"<verse>
स संस्पृश्य गिरिश्रेष्ठं जगाम लघुविक्रमः ।
कोदण्डमुक्तबाणो वै यथा गच्छति वेगतः ॥
</verse>",False
" ""O Lion among kings, receive this payasam prepared by gods, conferring progeny, bestowing affluence and improving health.  ", बहूनां वितता यज्ञा द्विजानां य इहागताः।तेषां समाप्तिरायत्ता तव वत्स निवर्तने।। ,"<verse>
इहागताश्च विप्रेन्द्राः प्रारभन्त मखान् भुवि ।
तव प्रत्यागमे वत्स तेषां सिद्ध्यति कर्म तत् ॥
</verse>",False
" ""O Lion among kings, receive this payasam prepared by gods, conferring progeny, bestowing affluence and improving health.  ", यत्तदुक्तं त्वया वाक्यं प्रीत्या नृपतिसत्तम।।तच्छेन्न वितथं कार्यं वनं गच्छतु राघवः। ,"<verse>
पूर्वं दत्तं वरं राजन् यदि सत्यं करोषि मे।
तदा गच्छतु रामोऽयं वनं प्रति नराधिप॥
</verse>",False
" ""O Lion among kings, receive this payasam prepared by gods, conferring progeny, bestowing affluence and improving health.  ", दिष्ट्यासिदर्शनंराम ममत्वंप्राप्तवानिह ।काङ्क्षितोऽसिक्षुधार्तस्यसिंहस्येवेतरोमृगः ।। ,"<verse>
दिष्ट्या त्वां पश्यतो राम मम भाग्यमुपस्थितम् ।
क्षुधितो हि यथा सिंहः प्रतीक्षे त्वामहं सदा ॥
</verse>",False
" ""O Lion among kings, receive this payasam prepared by gods, conferring progeny, bestowing affluence and improving health.  "," वातस्कन्धा: इमे सप्त चरन्तु दिवि पुत्रक ।

मारुता इति विख्याता दिव्यरूपा ममात्मजा:।।
  ","<verse>
सप्तैते वै मम पुत्रा दिव्यरूपा यशस्विनः ।
वातस्कन्धाधिपा भूत्वा मरुतो नाम विश्रुताः ॥
</verse>",False
" ""O Lion among kings, receive this payasam prepared by gods, conferring progeny, bestowing affluence and improving health.  ", तस्यावलेपनं ज्ञात्वा क्रुद्धो यज्वा तु राघव।।अपिबच्च जलं सर्वं गङ्गाया: परमाद्भुतम्। ,"<verse>
दृष्ट्वा तस्या मदं जह्नुः यज्ञविघ्नकरीं रुषा ।
पपौ गङ्गाजलं सर्वं विस्मयं जनयन् भुवि ॥
</verse>",False
" ""O Lion among kings, receive this payasam prepared by gods, conferring progeny, bestowing affluence and improving health.  ", न त्वां विनिहतात्मानं धर्मध्वजमधार्मिकम्।जाने पापसमाचारं तृणैः कूपमिवावृत।। ,"<verse>
धर्मकञ्चुकसंवीतं
तृणकूपमिवानृतम् ।
न त्वां विज्ञातवानस्मि
पापाचारं हतात्मकम् ॥
</verse>",False
" ""O Lion among kings, receive this payasam prepared by gods, conferring progeny, bestowing affluence and improving health.  ", अद्यरामंससुग्रीवंपरिघेणसलक्ष्मणम् ।आगमिष्यामिहत्वैकोविक्षोभ्यहरिवाहिनीम् ।। ,"<verse>
अहमेको गमिष्यामि
निहनिष्यामि राघवम् ।
लक्ष्मणं च महावीर्यं
सुग्रीवं च हरीश्वरम् ॥
</verse>",False
" ""O Lion among kings, receive this payasam prepared by gods, conferring progeny, bestowing affluence and improving health.  ", अस्माकं विहिता वृत्तिर्निसर्गेण च दूरतः।विहिता पादमूले तु वृत्तिश्चरणयोधिनाम्।। ,"<verse>
दूरं गच्छति नश्चक्षुर्गतिश्चैव स्वभावतः ।
पत्तीनां तु गतिः सीम्नि पादचारस्य वर्तते ॥
</verse>",False
" ""O Lion among kings, receive this payasam prepared by gods, conferring progeny, bestowing affluence and improving health.  ", रक्तगण्ठगुणोधीरोमहापर्वतसन्निभः ।कालःकालमहावक्त्रोमेघस्थइवभास्करः ।। ,"<verse>
रक्तमाल्यावृतग्रीवः पर्वताकारदर्शनः ।
महावक्त्रो महाश्यामः मेघच्छन्न इवांशुमान् ॥
</verse>",False
" ""O Lion among kings, receive this payasam prepared by gods, conferring progeny, bestowing affluence and improving health.  ", अथ काले गते तस्मिन्विश्वामित्रो महामुनि:।सव्रीड इव सम्वृत्तश्चिन्ताशोकपरायण:।। ,"<verse>
गच्छता च तथा कालेन विश्वामित्रो महातपाः ।
शोकेन चिन्तया चैव पश्चात्तापेन पीडितः ॥
</verse>",False
" ""O Lion among kings, receive this payasam prepared by gods, conferring progeny, bestowing affluence and improving health.  ", ततोऽन्यंवृक्षमुत्पाट्यकृत्वावेगमनुत्तमम् ।शिरस्यभिजघानाशुराक्षसेन्द्रमकम्पनम् ।। ,"<verse>
ततः कृत्वा महत् कर्म वृक्षमुत्पाट्य मारुतिः ।
शिरस्यताडयद्वीरो रक्षोमुख्यमकम्पनम् ॥
</verse>",False
" ""O Lion among kings, receive this payasam prepared by gods, conferring progeny, bestowing affluence and improving health.  ", लङ्घितेतस्यतैस्सैन्यंजितमित्युपधारय ।सर्वंतीर्णंचमेसैन्यंजितमित्यवधार्यताम् ।। ,"<verse>
तरिष्यति यदा सेना सागरं वानरी तदा ।
जयो हि निश्चितोऽस्माकं तीर्णां ताम् एव चिन्तय ॥
</verse>",False
" ""O Lion among kings, receive this payasam prepared by gods, conferring progeny, bestowing affluence and improving health.  ", ततस्तास्सहितास्सर्वा निहताशा निरुद्यमाः।।परिक्षिप्य समन्तात्तां निद्रावशमुपागताः। ,"<verse>
ततस्ते त्यक्तयत्नाशाः परितस्तां विकीर्य च ।
निद्रावशं प्रपन्ना वै सर्व एव शयानकाः ॥
</verse>",False
" ""O Lion among kings, receive this payasam prepared by gods, conferring progeny, bestowing affluence and improving health.  ", सुतीक्ष्णमभिगच्छ त्वं शुचौ देशे तपस्विनम्।रमणीये वनोद्देशे स ते वासं विधास्यति।। ,"<verse>
पुण्यदेशे वसन्तं तं सुतीक्ष्णमृषिमाविश ।
स ते दास्यति रम्यं हि वनवासाय मन्दिरम् ॥
</verse>",False
" ""O Lion among kings, receive this payasam prepared by gods, conferring progeny, bestowing affluence and improving health.  "," इह वा किंनिमित्तं त्वमागता ब्रूहि तत्त्वत:।।साब्रवीद् वचनं श्रुत्वा राक्षसी मदनार्दिता।
 ","<verse>
किमर्थमागतोऽसीह सत्यं ब्रूहि ममाग्रतः ।
श्रुत्त्वा रामस्य वाक्यं च कामार्त्ता राक्षस्यब्रवीत् ॥
</verse>",False
" ""O Lion among kings, receive this payasam prepared by gods, conferring progeny, bestowing affluence and improving health.  ", धर्मात्प्रच्युतशीलंहिपुरुषंपापनिश्चयम् ।।त्यक्त्वासुखमवाप्नोतिहस्तादाशीविषंयथा । ,"<verse>
त्यजेत् प्रमत्तं पापेषु यः सङ्गं कुरुते नरः ।
मुच्यते स सुखी भूत्वा सर्पाद् धस्ताद् इवाङ्गुलीत् ॥
</verse>",False
" ""O Lion among kings, receive this payasam prepared by gods, conferring progeny, bestowing affluence and improving health.  ", निष्प्रभां शोकसन्तप्तां मलसङ्कुलमूर्धजाम्।।क्षीणपुण्यां च्युतां भूमौ तारां निपतितामिव। ,"<verse>
विप्रभां रजसाकीर्णां स्वर्गात्पतिततारकाम्।
मलिनां पङ्कदिग्धाङ्गीं पुण्यक्षीणामिव क्षितौ॥
</verse>",False
" ""O Lion among kings, receive this payasam prepared by gods, conferring progeny, bestowing affluence and improving health.  ", बहुमूलफलं चित्रमविदूरादितो वनम्।पुराणाश्रममेवाहं श्रयिष्ये सगणः पुनः।। ,"<verse>
इतो नातिदूरे रम्ये वने पुण्याश्रमो महान् ।
तत्र यास्याम्यहं सद्भिः फलमूलाशिभिः सह ॥
</verse>",False
" ""O Lion among kings, receive this payasam prepared by gods, conferring progeny, bestowing affluence and improving health.  "," मम चैवानुजा साध्वी ऊर्मिला प्रियदर्शना।भार्यार्थे लक्ष्मणस्यापि दत्ता पित्रा मम स्वयम्।।
 ","<verse>
लक्ष्मणाय ददौ चापि ऊर्मिलां मैथिलीं नृपः ।
स्वयमेव हि धर्मात्मा भगिनीं मम यवीयसीम् ॥
</verse>",False
" ""O Lion among kings, receive this payasam prepared by gods, conferring progeny, bestowing affluence and improving health.  ", अस्य वाहनसंयुक्तां कर्णग्राहवतीं शुभाम्।सुप्रतारां दृढां तीर्थे शीघ्रं नावमुपाहर।। ,"<verse>
दृढां शुभां तरीं शीघ्रं गङ्गातीरं समीनय ।
सकरित्रां ससारथ्यां सुखसन्तारिणीं कुरु ॥
</verse>",False
" ""O Lion among kings, receive this payasam prepared by gods, conferring progeny, bestowing affluence and improving health.  ", अवतीर्यचधर्मात्मातस्माच्छैलात्सराघवः ।परैःपरमदुर्धर्षंददर्शबलमात्मनः ।। ,"<verse>
पर्वतादवतीर्याथ रामो धर्मभृतां वरः ।
स्वबलं शत्रुवीर्यं च दध्यौ दुष्प्रसहं रणे ॥
</verse>",False
" ""O Lion among kings, receive this payasam prepared by gods, conferring progeny, bestowing affluence and improving health.  ", पूर्वजोऽप्युक्तमात्रस्तु लक्ष्मणेन सुभाषितम्।सारग्राही महासारं प्रतिजग्राह राघवः।। ,"<verse>
ज्यायानपि हि रामोऽसौ लक्ष्मणेन प्रभाषिते ।
हितं मन्त्रं विजज्ञौ वै तस्य सारार्थमुत्तमम् ॥
</verse>",False
" ""O Lion among kings, receive this payasam prepared by gods, conferring progeny, bestowing affluence and improving health.  ", दिव्यज्ञानोपपन्नास्ते रामं दृष्ट्वा महर्षयः।।अभ्यगच्छन्स्तदा प्रीता वैदेहीं च यशस्विनीम्। ,"<verse>
दृष्ट्वा रामं ससीतं च महात्मानं यशस्विनम् ।
प्रत्युद्ययुः प्रहृष्टास्ते दिव्यज्ञानमहर्षयः ॥
</verse>",False
" ""O Lion among kings, receive this payasam prepared by gods, conferring progeny, bestowing affluence and improving health.  ", तेषांसुतुमुलंयुद्धंसञ्जज्ञेकपिरक्षसाम् ।अन्योन्यंपादपैर्घोरंनिघ्नतांशूलमुद्गरैः ।। ,"<verse>
वानराणां च रक्षांसि युद्धमासीत् सुदारुणम् ।
पादपैर्भीमवेगैश्च शूलमुद्गरधारिणाम् ॥
</verse>",False
" ""O Lion among kings, receive this payasam prepared by gods, conferring progeny, bestowing affluence and improving health.  ", चारप्रणिहितंयुक्तंयदुक्तंसचिवैस्तव ।अर्थस्यासम्भवात्तत्रकारणंनोपयुज्यते ।। ,"<verse>
शरेण यदुक्तं ते चारैर्ज्ञेय इति प्रभो ।
समीपस्थे न तच्छक्यं व्यर्थमेतच्चिकीर्षितम् ॥
</verse>",False
" ""O Lion among kings, receive this payasam prepared by gods, conferring progeny, bestowing affluence and improving health.  ", ततस्सम्मीलितास्सर्वे सुकुमाराङ्गुलैः करैः।सहसाऽपिदधुर्दृष्टिं हृष्टा गमनकाङ्क्षया।। ,"<verse>
गुहाया निर्गमे हृष्टास्तेऽमीलयन् मुदा दृशः ।
मृद्वीभिरङ्गुलीभिश्च पिदधुः स्वानि लोचने ॥
</verse>",False
" ""O Lion among kings, receive this payasam prepared by gods, conferring progeny, bestowing affluence and improving health.  ", कृता शास्त्रानुगा बुद्धिर्माभूत्तस्य कदाचन।सत्यसन्ध स्सतां श्रेष्ठो यस्याऽर्योऽनुमते गतः।। ,"<verse>
धर्मज्ञः सत्यसन्धश्च निर्वासितः कथं प्रभुः ।
शास्त्रज्ञस्य न कस्यापि बुद्धिरेवं भवेत्क्वचित् ॥
</verse>",False
" ""O Lion among kings, receive this payasam prepared by gods, conferring progeny, bestowing affluence and improving health.  ", विवृत्तनयनंक्रोधात्सफेनंरुधिराप्लुतम् ।ददृशुस्तेविरूपाक्षंविरूपाक्षतरंकृतम् ।। ,"<verse>
विरूपाक्षं क्रुधा दीप्तं भ्रमयन्तं च चक्षुषी ।
नासास्रवदसृग्फेनं ददृशुस्ते वनौकसः ॥
</verse>",False
" ""O Lion among kings, receive this payasam prepared by gods, conferring progeny, bestowing affluence and improving health.  ", तान्गृहीतायुधान् सर्वान्वारयित्वाविभीषणः ।अब्रवीत्प्राञ्जलिर्वाक्यंपुनःप्रत्युपवेश्यतान् ।। ,"<verse>
निवार्य सर्वशस्त्राणि कृताञ्जलिर्विभीषणः ।
उपवेश्य च तान् सर्वान् रावणं वाक्यमब्रवीत् ॥
</verse>",False
" ""O Lion among kings, receive this payasam prepared by gods, conferring progeny, bestowing affluence and improving health.  ", दानवेन्द्रोमधुर्नामवीर्योत्सिक्तोदुरासदः ।विगृह्यवशमानीतःकुम्भीनस्याःसुखावहः ।। ,"<verse>
कुम्भीनसीपतिर्वीरो मधुर्दानवपुङ्गवः ।
रणोत्सुकेन वीर्येण त्वया युद्धे वशीकृतः ॥
</verse>",False
" ""O Lion among kings, receive this payasam prepared by gods, conferring progeny, bestowing affluence and improving health.  ", कथंस्वपितिजागर्तिकिमन्यच्चकरिष्यति ।विज्ञायनिपुणंसर्वमागन्तव्यमशेषतः ।। ,"<verse>
यथा शेते प्रबुध्येत तत्सर्वमपि पश्य च ।
ज्ञात्वा सर्वमशेषेण ततः प्रत्यागमिष्यसि ॥
</verse>",False
" ""O Lion among kings, receive this payasam prepared by gods, conferring progeny, bestowing affluence and improving health.  ", तौतस्यशरवेगेनपरीतौरामलक्ष्मणौ ।धनुषीसशरेकृत्वादिव्यमस्त्रंप्रचक्रतुः ।। ,"<verse>
शरवेगसमाक्रान्तौ चापहस्तौ रघूत्तमौ ।
अद्भुतं संदधानौ तौ दर्शयामासतुर्बलम् ॥
</verse>",False
" ""O Lion among kings, receive this payasam prepared by gods, conferring progeny, bestowing affluence and improving health.  ", तानिपर्वतशृङ्गाणिशूलेन स बिभेद ह ।।बभञ्जवृक्षवर्षं च कुम्भकर्णोमहाबलः । ,"<verse>
कुम्भकर्णो महातेजाः बिभेद च महीधरान् ।
बभञ्ज वृक्षसङ्घांश्च शैलशृङ्गाणि सर्वशः ॥
</verse>",False
" ""O Lion among kings, receive this payasam prepared by gods, conferring progeny, bestowing affluence and improving health.  ", साहंबन्धुजनैर्हीनाहीनानाथेन च त्वया ।।विहीनाकामभोगैश्चशोचिष्येशाश्वतीस्समाः । ,"<verse>
बन्धुभिः संवियुक्तश्च त्वया त्यक्तोऽपि सर्वथा ।
विषयैर्विप्रहीणश्च शोचिष्यामि सदा ह्यहम् ॥
</verse>",False
" ""O Lion among kings, receive this payasam prepared by gods, conferring progeny, bestowing affluence and improving health.  ", यो हि मत्तं प्रमत्तं वा सुप्तं वा रहितं भृशम्।हन्यात्स भ्रूणहा लोके त्वद्विधं मदमोहित।। ,"<verse>
मत्तं प्रमत्तं सुप्तं वा
शस्त्रहीनं विमोहितम् ।
यो हन्यान्मानुषं लोके
स भ्रूणहा वृथा भवेत् ॥
</verse>",False
" ""O Lion among kings, receive this payasam prepared by gods, conferring progeny, bestowing affluence and improving health.  ", एतस्मिन्नेव काले तु रोमपाद: प्रतापवान्।अङ्गेषु प्रथितो राजा भविष्यति महाबल:।।।  ,"<verse>
अङ्गदेशे तु विख्यातो भविता रोमपादकः ।
महाबलो महातेजा राजा परमधार्मिकः ॥
</verse>",False
" ""O Lion among kings, receive this payasam prepared by gods, conferring progeny, bestowing affluence and improving health.  ", वनवासेऽभिजानामि दुःखानि बहुथा किल। प्राप्यन्ते नियतं वीर पुरुषैरकृतात्मभिः।। ,"<verse>
जाने वने महाभाग दुःखानि विविधानि च ।
तान्यजितेन्द्रियाणां हि भवन्ति न जितात्मनाम् ॥
</verse>",False
" ""O Lion among kings, receive this payasam prepared by gods, conferring progeny, bestowing affluence and improving health.  ", तालमात्रमथोत्प्लुत्य न्यपतत्सशरातुरः।।विनदन्भैरवं नादं धरण्यामल्पजीवितः। ,"<verse>
शराहतः स मारीचो ननाद विकटं स्वरम् ।
तालमात्रमुत्पत्यासौ मृतप्राणो महीमगात् ॥
</verse>",False
" ""O Lion among kings, receive this payasam prepared by gods, conferring progeny, bestowing affluence and improving health.  ", ततःकोपपरीतात्मारावणोराक्षसेश्वरः ।निर्याणंसर्वसैन्यानांद्रुतमाज्ञापयत्तदा ।। ,"<verse>
ततः क्रोधसमाविष्टो रावणो राक्षसेश्वरः ।
आज्ञापयत सेनां स्वां प्रयातुं सर्वतोमुखीम् ॥
</verse>",False
" ""O Lion among kings, receive this payasam prepared by gods, conferring progeny, bestowing affluence and improving health.  ", एवमुक्त्वा महातेजा भरतः पुरषर्षभः।पद्भ्यामेव महाबाहुः प्रविवेश महाद्वनम्।। ,"<verse>
एवमुक्त्वा महातेजाः भरतः पुरुषर्षभः ।
पद्भ्यामेव महाबाहुः प्राविशद् गहनं वनम् ॥
</verse>",False
" ""O Lion among kings, receive this payasam prepared by gods, conferring progeny, bestowing affluence and improving health.  ", संश्रुत्यैवं करिष्यामीत्यकुर्वाणस्य राघव।इष्टापूर्तवधो भूयात्तस्माद्रामं विसर्जय।। ,"<verse>
पूर्वदत्तं वरं स्मृत्वा प्रतिज्ञां हातुमिच्छसि।
तस्माद् गमय रामं त्वं प्रतिज्ञां पालय स्वकाम्॥
</verse>",False
" ""O Lion among kings, receive this payasam prepared by gods, conferring progeny, bestowing affluence and improving health.  ", वयमद्य गतप्राणा भवान्नस्त्रातु साम्प्रतम्।दाक्ष्यविक्रमसम्पन्नः कपिराज इवापरः।। ,"<verse>
गताः प्राणा इवास्माकं त्राता त्वं हि हरीश्वरः ।
पक्षीन्द्र इव वीर्येण विक्रमसंयुक्तो भवान् ॥
</verse>",False
" ""O Lion among kings, receive this payasam prepared by gods, conferring progeny, bestowing affluence and improving health.  ", चुक्रुशुस्तेततःसर्वेवानराःसविभीषणाः ।हृष्यन्तोनिहतेतस्मिन् देवावृत्रवधेयथा ।। ,"<verse>
ततो विभीषणो हृष्टो वानराश्च प्रहर्षिताः ।
हते वृत्रासुरे देवाः यथा नन्दन्ति सर्वशः ॥
</verse>",False
" ""O Lion among kings, receive this payasam prepared by gods, conferring progeny, bestowing affluence and improving health.  ", ततो राजानमासाद्य वृद्धं दशरथं नृपम्।जनको मुदितो राजा हर्षं च परमं ययौ।। ,"<verse>
जनको वृद्धभूपालं दशरथमुपागमत् ।
दृष्ट्वा तमनघात्मानं प्रहर्षं परमं ययौ ॥
</verse>",False
" ""O Lion among kings, receive this payasam prepared by gods, conferring progeny, bestowing affluence and improving health.  ", मनसः कर्म चेष्टाभिरभिसंस्तभ्य वाग्बलम्।आचचक्षे त्वहं तस्मै पुत्रव्यसनजं भयम्।। ,"<verse>
कृच्छ्रेण महता भीतो नियम्य मनसो गिरः ।
तस्मै पुत्रगतं घोरमाचचक्षेऽस्य व्यसनम् ॥
</verse>",False
" ""O Lion among kings, receive this payasam prepared by gods, conferring progeny, bestowing affluence and improving health.  ", वेदास्सहाङ्गविद्याश्च यथाह्यात्मभुवं विभुम्। ब्रह्माणं बोधयन्त्यद्य तथा त्वां बोधयाम्यहम्।  ,"<verse>
यथा वेदैश्च वेदाङ्गैः प्रबोधो हि स्वयम्भुवः ।
तथैव त्वां प्रबोधाय नयामि प्रतिबोधनम् ॥
</verse>",False
" ""O Lion among kings, receive this payasam prepared by gods, conferring progeny, bestowing affluence and improving health.  ", स ददर्श ततः पम्पां शीतवारिनिधिं शुभाम्।।तिलकाशोकपुन्नागवकुलोद्दालकाशिनीम्। ,"<verse>
पम्पां ददर्श रामो वै शीततोयां सतीरजाम् ।
तिलकाशोकपुन्नागैः बकुलोद्दालशोभिताम् ॥
</verse>",False
" ""O Lion among kings, receive this payasam prepared by gods, conferring progeny, bestowing affluence and improving health.  ", भरताश्रममासाद्यससैन्योराघवस्तदा ।।अवतीर्यविमानाग्रादवतस्थेमहीतले । ,"<verse>
भरतस्याश्रमं प्राप्य पुष्पकादवरुह्य सः ।
अवतीर्य विमानाग्रात् तस्थौ धरणिमण्डले ॥
</verse>",False
" ""O Lion among kings, receive this payasam prepared by gods, conferring progeny, bestowing affluence and improving health.  ", कथं च नामतेराजन् लोकानाक्रम्यतेजसा ।।नारीचौर्यमिदंक्षुद्रंकृतंशौण्डीर्यमानिना । ,"<verse>
आक्रम्य तेजसा लोकं शूरमानी नृपो ह्यसि ।
कथं कृतमिदं नीचं परस्त्रीहरणं त्वया ॥
</verse>",False
" ""O Lion among kings, receive this payasam prepared by gods, conferring progeny, bestowing affluence and improving health.  ", तस्य प्रस्थेषु रम्येषु सिंहाः पक्षगमाः स्थिताः।तिमिमत्स्यगजांश्चैव नीडान्यारोपयन्ति ते।। ,"<verse>
तत्र पर्वतसानूनि सिंहाः पक्षगमाह्वयाः ।
नयन्ति तिमिमत्स्यांश्च गजानपि स्वमालयम् ॥
</verse>",False
" ""O Lion among kings, receive this payasam prepared by gods, conferring progeny, bestowing affluence and improving health.  ", एवमुक्त्वा दितिश्शक्रं प्राप्ते मध्यं दिवाकरे।निद्रयाऽपहृता देवी पादौ कृत्वाऽथ शीर्षत:।। ,"<verse>
एवमुक्त्वा दितिः शक्रं मध्याह्ने सुप्तवत्यथ ।
पादयोः शिरसं कृत्वा निद्रयापहृता सती ॥
</verse>",False
" ""O Lion among kings, receive this payasam prepared by gods, conferring progeny, bestowing affluence and improving health.  ", सिञ्चस्तुपृथिवींकृत्स्नांहिवशीतेववारिणा ।।ततोऽभ्यवकिरन्त्वन्येलाजैःपुष्पैश्चसर्वतः । ,"<verse>
शीतोदकेन सिक्ता भूः लाजपुष्पैः प्रकीर्यताम्।
ततः सुशीततोयेन भूमिरत्र प्रसिच्यताम्॥
</verse>",False
" ""O Lion among kings, receive this payasam prepared by gods, conferring progeny, bestowing affluence and improving health.  ", मधूनि द्रोणमात्राणि बाहुभिः परिगृह्य ते।पिबन्ति सहिता स्सर्वे निघ्नन्ति स्म तथापरे।। ,"<verse>
एकत्र मिलिताः सर्वे मधु पीत्वा महाघटे ।
अन्ये तु रक्षिणां तत्र चक्रुर्हि प्रतिबाधनम् ॥
</verse>",False
" ""O Lion among kings, receive this payasam prepared by gods, conferring progeny, bestowing affluence and improving health.  ", स ताभ्यां पूजितः पूज्यः कपिभिश्च प्रसादितः।।दृष्टा सीतेति विक्रान्त स्संक्षेपेण न्यवेदयत्। ,"<verse>
जाम्बवद्भाषणात्प्रीतः अङ्गदेन च पूजितः ।
हनूमान्पूज्यवीर्यवान् दृष्टा सीतेत्यवाच ह ॥
</verse>",False
" ""O Lion among kings, receive this payasam prepared by gods, conferring progeny, bestowing affluence and improving health.  ", स ताः प्रोवाच राजा तु रावणो घोरदर्शनः।प्रचाल्य चरणोत्कर्षैर्दारयन्निव मेदिनीम्।। ,"<verse>
पदाघातेन मेदिनीं कम्पयन् दारयन्निव ।
उवाच रावणो घोरा राक्षसीर्भीमदर्शनाः ॥
</verse>",False
" ""O Lion among kings, receive this payasam prepared by gods, conferring progeny, bestowing affluence and improving health.  ", नह्येवं रमणीयेषु शाद्वलेषु तया सह। रमतो मे भवेच्चिन्ता न स्पृहाऽन्येषु वा भवेत्।। ,"<verse>
हरितेऽस्मिन् वने रम्ये रमामि सीतया सह ।
न मे चिन्ता भवेत् काचित् न काङ्क्षे सौख्यमन्यतः ॥
</verse>",False
" ""O Lion among kings, receive this payasam prepared by gods, conferring progeny, bestowing affluence and improving health.  ", रथस्य मार्गनाशेन न्यवर्तन्त मनस्विनः।किमिदं किं करिष्यामो दैवेनोपहता इति।। ,"<verse>
अलब्ध्वा रथवर्त्मानं निवृत्तास्ते महाधियः ।
किमिदं वञ्चिता दैवेन किं कुर्म इति वादिनः ॥
</verse>",False
" ""O Lion among kings, receive this payasam prepared by gods, conferring progeny, bestowing affluence and improving health.  ", स हि देशो दुरन्वेषो गुहागहनवान्महान्।तत्र वायुसुतस्सर्वं विचिनोति स्म पर्वतम्।। ,"<verse>
मारुतिः पर्वते तस्मिन् नैर्ऋत्यां दिशि दुर्गमे ।
विचिचाय गुहाः शैलाञ्छैलकाननगह्वरान् ॥
</verse>",False
" ""O Lion among kings, receive this payasam prepared by gods, conferring progeny, bestowing affluence and improving health.  ", तस्मिन् कालेसुमित्रायाःपुत्रःपरबलार्दनः ।चकारलक्ष्मणःक्रुद्धोयुद्धंपरपुरञ्जयः ।। ,"<verse>
तदा सौमित्रिरत्युग्रः शत्रुसैन्यविनाशनः ।
क्रुद्धो दुर्गजयी वीरः प्रयुद्धायोपचक्रमे ॥
</verse>",False
" ""O Lion among kings, receive this payasam prepared by gods, conferring progeny, bestowing affluence and improving health.  ", यदि नोत्सहसे यातुं मया सार्थमनिन्दिते।अभिज्ञानं प्रयच्छ त्वं जानीयाद्राघवो हि यत्।। ,"<verse>
गन्तुं नेच्छसि चेन्मय्या देहि मेऽभिज्ञमुत्तमम् ।
येन मां राघवः श्रद्ध्यात् त्वद्दर्शनमुपागतम् ॥
</verse>",False
" ""O Lion among kings, receive this payasam prepared by gods, conferring progeny, bestowing affluence and improving health.  ", मन्थरा तु वच श्श्रुत्वा कैकेय्या मधुराक्षरम्।उवाच क्रोधसंयुक्ता वाक्यं वाक्यविशारदा।। ,"<verse>
श्रुत्वा तु कोमलं वाक्यं कैकेय्या मधुरोदितम् ।
संरब्धा मन्थरा क्रुद्धा वाक्पटुरब्रवीद्वचः ॥
</verse>",False
" ""O Lion among kings, receive this payasam prepared by gods, conferring progeny, bestowing affluence and improving health.  ", स तंप्राप्यधनुष्पाणिर्मायायोगमरिन्दमः ।तस्थौब्रह्मविधानेनविजेतुंरघुनन्दनः ।। ,"<verse>
धनुष्पाणिः स्थितो वीरः राघवानन्दवर्धनः ।
जेतुं ब्रह्मवरोत्सिक्तं मायाविनमरिन्दमः ॥
</verse>",False
" ""O Lion among kings, receive this payasam prepared by gods, conferring progeny, bestowing affluence and improving health.  ", लाङ्गूलं सम्प्रदीप्तं तु द्रष्टुं तस्य हनूमतः।।सहस्त्रीबालवृद्धाश्च जग्मुः प्रीता निशाचराः। ,"<verse>
द्रष्टुं तद् दीप्तलाङ्गूलं राक्षसाः सप्रमोदिताः ।
सस्त्रीबालतथावृद्धाः कौतुकात् सर्व एव ते ॥
</verse>",False
" ""O Lion among kings, receive this payasam prepared by gods, conferring progeny, bestowing affluence and improving health.  ", विप्रकारं च रामस्य सम्प्रयाणं वनस्य च।।सुमित्रा प्रेक्ष्य वै भीता कथं मे विश्वसिष्यति। ,"<verse>
दृष्ट्वा रामं वने यातं कथं भीता सुमित्रका ।
दृष्ट्वा तस्यापमानं च विश्वासं मयि यास्यति ॥
</verse>",False
" ""O Lion among kings, receive this payasam prepared by gods, conferring progeny, bestowing affluence and improving health.  ", समुद्रंलङ्घयित्वातुमहानक्रसमाकुलम् ।लङ्कामारोहयिष्यामोहनिष्यामश्चतेरिपुम् ।। ,"<verse>
तत्तीर्त्वा नक्रसङ्कीर्णं लङ्कामारुह्य मेदिनीम् ।
हतं शत्रुं विजानीहि लङ्कायां न च संशयः ॥
</verse>",False
" ""O Lion among kings, receive this payasam prepared by gods, conferring progeny, bestowing affluence and improving health.  ", देवगन्धर्वभूतानामृषीणां च महात्मनाम्।कोऽयमेवं विरूपां त्वां महावीर्यश्चकार ह।। ,"<verse>
देवगन्धर्वदेवानामृषीणां च महत्तमे।
को नु वीरस्तवेदं च रूपं ते विकृतं व्यधात्॥
</verse>",False
" ""O Lion among kings, receive this payasam prepared by gods, conferring progeny, bestowing affluence and improving health.  ", विश्रुतस्त्रिषु लोकेषु यशसा विक्रमेण च।पितृभक्तिश्च सत्यं च त्वयि धर्मश्च पुष्कलः।। ,"<verse>
विख्यातोऽसि त्रिषु लोके वीर्येण पितृभक्तितः ।
सत्यधर्मे च ते निष्ठा प्रत्यक्षं दृश्यते त्वयि ॥
</verse>",False
" ""O Lion among kings, receive this payasam prepared by gods, conferring progeny, bestowing affluence and improving health.  ", अथ काले गते तस्मिन् ज्येष्ठा पुत्रं व्यजायत।असमञ्ज इति ख्यातं केशिनी सगरात्मजम्।। ,"<verse>
काले गते ततः ज्येष्ठा केशिनी जनयत् सुतम् ।
असमञ्जं सुविख्यातं राज्ञी पुत्रमजीजनत् ॥
</verse>",False
" ""O Lion among kings, receive this payasam prepared by gods, conferring progeny, bestowing affluence and improving health.  ", नाममात्रं तु जानामि न रूपं तस्य रक्षसः।।निवासं वा प्रभावं वा वयं तस्य न विद्महे। ,"<verse>
नाममात्रं प्रजानामि न रूपं न च संस्थितिम् ।
न वासं न प्रभावं च तस्य जानीमहे वयम् ॥
</verse>",False
" ""O Lion among kings, receive this payasam prepared by gods, conferring progeny, bestowing affluence and improving health.  ", दृष्टापथिहनूमांश्चतदृक्षबलमुद्यतम् ।नीलमेघनिभंभीमंसन्निवार्यन्यवर्तत ।। ,"<verse>
दृष्ट्वा भल्लचमूं भीमां मेघवृन्दमिवोद्यताम् ।
निवर्तयन् हनूमांस्तान् तैः सार्धं स्वमवर्तत ॥
</verse>",False
" ""O Lion among kings, receive this payasam prepared by gods, conferring progeny, bestowing affluence and improving health.  ", उपस्थितंतुतंकृत्वापुष्पकंपुष्पभूषितम् ।अविदूरेस्थितोराममित्युवाचविभीषणः ।। ,"<verse>
पुष्पकं पुष्पसञ्छन्नं राघवायासनं ददौ ।
दूरे स्थित्वा विनीतात्मा विभीषण उवाच ह ॥
</verse>",False
" ""O Lion among kings, receive this payasam prepared by gods, conferring progeny, bestowing affluence and improving health.  ", कथंसर्वगुणैर्हीनागुणवन्तंमहौजसम् ।सुमुखंदुर्मुखीरामंकामयामासराक्षसी ।। ,"<verse>
कथं सा भीमरूपा च रामं धार्मिकमैच्छत ।
राक्षसी घोररूपा सा कथं कामयते शुचिम् ॥
</verse>",False
" ""O Lion among kings, receive this payasam prepared by gods, conferring progeny, bestowing affluence and improving health.  ", तं शब्दमभिनिध्याय राक्षसी क्रोधमूर्छिता।श्रुत्वा चाभ्यद्रवद्वेगाद्यतश्शब्दो विनिस्सृत:।। ,"<verse>
श्रुत्वा तु तं स्वनं घोरा राक्षसी क्रोधमूर्च्छिता ।
क्षणं विमृश्य संक्रुद्धा यतो नादस्ततोऽद्रवत् ॥
</verse>",False
" ""O Lion among kings, receive this payasam prepared by gods, conferring progeny, bestowing affluence and improving health.  ", मन्त्रिणस्तु नरेन्द्रस्य रात्रिं परमसत्कृता:।ऊषु स्तेमुदिता स्सर्वे गुणै स्सर्वैस्समन्विता:।।  ,"<verse>
मन्त्रिणस्तु नरेन्द्रस्य पूजिताः परमादरात् ।
सुखं तां रजनीं सर्वाम् ऊषुः प्रमुदितास्तदा ॥

इत्यार्षे रामायणे आदिकाव्ये वाल्मीकीये महात्मनः ।
बालकाण्डेऽष्टाषष्टितमः सर्गः समाप्तः ॥
</verse>",False
" ""O Lion among kings, receive this payasam prepared by gods, conferring progeny, bestowing affluence and improving health.  ", पश्य रूपाणि सौमित्रे वनानां पुष्पशालिनाम्।सृजतां पुष्पवर्षाणि तोयं तोयमुचामिव।। ,"<verse>
पश्य रूपाणि सौमित्रे वनानां पुष्पशालिनाम् ।
सृजतां पुष्पवर्षाणि वर्षं तोयमुचामिव ॥
</verse>",False
" ""O Lion among kings, receive this payasam prepared by gods, conferring progeny, bestowing affluence and improving health.  ", तप्यमाने तपो देवे देवा: सर्षिगणा: पुरा।सेनापतिमभीप्सन्त: पितामहमुपागमन्।। ,"<verse>
पुरा तपसि युक्ते तु देवदेवे महेश्वरे ।
सेनापतिमभीप्सन्तः पितामहमुपागमन् ॥
</verse>",False
" ""O Lion among kings, receive this payasam prepared by gods, conferring progeny, bestowing affluence and improving health.  ", आपृच्छ्य पितरं शूरो रामं चाक्लिष्टकारिणम्।मातृश्चापि नरश्रेष्ठ श्शत्रुघ्नसहितो ययौ।।  ,"<verse>
आमन्त्र्य पितरं रामं मातृश्च पुरुषर्षभः ।
शत्रुघ्नसहितो वीरः जगाम भरतस्तदा ॥
</verse>",False
" ""O Lion among kings, receive this payasam prepared by gods, conferring progeny, bestowing affluence and improving health.  ", तस्य मूर्ध्ना प्रणम्य त्वं सपुत्रस्सहबन्धुभिः।गच्छ शीघ्रं महाराज रोषो ह्यस्य निवर्त्यता।। ,"<verse>
गच्छ शीघ्रं महाराज सपुत्रसहबान्धवः ।
नमस्कृत्य मुनिं तं वै कोपं तस्य निवारय ॥
</verse>",False
" ""O Lion among kings, receive this payasam prepared by gods, conferring progeny, bestowing affluence and improving health.  ", सागरस्य जलं लोके यावत्स्थास्यति पार्थिव।सगरस्यात्मजास्तावत्स्वर्गे स्थास्यन्ति देववत्।। ,"<verse>
यावत्समुद्रतोयानि स्थास्यन्ति नरदेवते ।
तावत्स्वर्गे वसिष्यन्ति सागरा देववद् दिवि ॥
</verse>",False
" ""O Lion among kings, receive this payasam prepared by gods, conferring progeny, bestowing affluence and improving health.  ", कथयन्तंतुसौमित्रिंसन्निवार्यविभीषणः ।पुष्कलार्थमिदंवाक्यंविसंज्ञंराममब्रवीत् ।। ,"<verse>
निवार्य लक्ष्मणं वाक्ये विभीषणोऽवदद्वचः ।
संज्ञाहीनं तदा राममर्थवद्वाक्यमब्रवीत् ॥
</verse>",False
" ""O Lion among kings, receive this payasam prepared by gods, conferring progeny, bestowing affluence and improving health.  ", अस्वाधीनं कथं दैवं प्रकारैरभिराध्यते।स्वाधीनं समतिक्रम्य मातरं पितरं गुरुम्।। ,"<verse>
माता पिता गुरुश्चैव प्रत्यक्षं दैवतानि नः ।
तानतीत्य कथं देवं परोक्षं पूजयामहे ॥
</verse>",False
" ""O Lion among kings, receive this payasam prepared by gods, conferring progeny, bestowing affluence and improving health.  ", अतो दुःखतरं किं नु प्रमदानां भविष्यति।मम शोको विलापश्च यादृशोऽयमनन्तकः।। ,"<verse>
न हि दुःखं परं नार्या यदेतन्मम रोदनम् ।
अनन्तं रुदती चैव शोचामि च दिवानिशम् ॥
</verse>",False
" ""O Lion among kings, receive this payasam prepared by gods, conferring progeny, bestowing affluence and improving health.  ", इतिप्रतिसमादिष्टोहनूमान्मारुतात्मजः ।प्रविवेशपुरींलङ्कांपूज्यमानोनिशाचरैः ।। ,"<verse>
इत्युक्तो हनुमान् वीरो पूजयित्वा विभीषणम् ।
तेनादिष्टो महातेजाः लङ्कां शीघ्रं विवेश सः ॥
</verse>",False
" ""O Lion among kings, receive this payasam prepared by gods, conferring progeny, bestowing affluence and improving health.  ", अयं हि दयितस्तस्याः कालो रुचिरकाननः। कोकिलाकुलसीमान्तो दयिताया ममानघ।। ,"<verse>
कोकिलालापसङ्कीर्णो वनान्तोऽयं हि लक्ष्मण ।
सीताया दयितो ह्येष वसन्तश्चानघ प्रियः ॥
</verse>",False
" ""O Lion among kings, receive this payasam prepared by gods, conferring progeny, bestowing affluence and improving health.  ", यज्ञोपवीतमार्गेणभिन्नातेनतपस्विनी ।।सापृथिव्यांपृथुश्रोणीपपातप्रियदर्शना । ,"<verse>
विकर्णिता सुश्रोणी सा तापसी सुमुखी भुवि ।
विदीर्य च द्विधा भूमौ सहसैवाविशन्महीम् ॥
</verse>",False
" ""O Lion among kings, receive this payasam prepared by gods, conferring progeny, bestowing affluence and improving health.  ", मन्येतुहृदयंतस्याःकौसल्यायाःफलिष्यति ।एकपुत्रायदापुत्रंविनष्टंश्रोष्यतेयुधि ।। ,"<verse>
मद्‌विनाशाच्छङ्कमाना सा देव्या नूनमूर्जिता ।
हृदयेन महाभागा विदीर्येत न संशयः ॥
</verse>",False
" ""O Lion among kings, receive this payasam prepared by gods, conferring progeny, bestowing affluence and improving health.  ", शीघ्रंनिर्यान्तुदुर्धर्षाराक्षसाभीमविक्रमाः ।अकम्पनंपुरस्कृत्यसर्वशस्त्रप्रकोविदम् ।। ,"<verse>
शीघ्रमानय दुर्धर्षमकुम्पनमरिंदमम् ।
भीमवेगं महावीर्यं सर्वशास्त्रविशारदम् ॥
</verse>",False
" ""O Lion among kings, receive this payasam prepared by gods, conferring progeny, bestowing affluence and improving health.  ", गजानांबृंहितैःसार्धंहयानांहेषितैरपि ।रथानांनेमिघोषैश्चरक्षसाम्वदनस्वनः  ।। ,"<verse>
गजबृंहितशब्दाश्च हयानां हेषितैः सह ।
रथनेमिस्वनश्चैव रक्षसां नदतां तथा ॥
</verse>",False
" ""O Lion among kings, receive this payasam prepared by gods, conferring progeny, bestowing affluence and improving health.  ", वन्दित्वा चरणौ रामो विसंज्ञस्य पितुस्तथा।कैकेय्याश्चाप्यनार्यायाः निष्पपात महाद्युतिः।। ,"<verse>
नत्वा मूर्च्छिततातं च पादावनम्य राघवः ।
कैकेयीं चाप्यनार्यां तां तेजस्वी स प्रतस्थिवान् ॥
</verse>",False
" ""O Lion among kings, receive this payasam prepared by gods, conferring progeny, bestowing affluence and improving health.  ", न हि राज्ञस्सुता स्सर्वे राज्ये तिष्ठन्ति भामिनि।स्थाप्यमानेषु सर्वेषु सुमहाननयो भवेत्।। ,"<verse>
न सर्वे भूपतेः पुत्राः लभन्ते राज्यमङ्गने ।
सर्वे चेन्मूर्धसिक्ताः स्युः महानर्थो भवेदिह ॥
</verse>",False
" ""O Lion among kings, receive this payasam prepared by gods, conferring progeny, bestowing affluence and improving health.  ", मन्निमित्तेन मानार्हः कच्चिच्छोकेन राघवः।कच्चिन्नान्यमना रामः कच्चिन्मां तारयिष्यति।। ,"<verse>
मद्दुःखेन कुलीनः स रामो मा मुह्यतां भृशम् ।
मद्रक्षणाय वीरोऽसौ शीघ्रमागच्छतु प्रभुः ॥
</verse>",False
" ""O Lion among kings, receive this payasam prepared by gods, conferring progeny, bestowing affluence and improving health.  ", स कुरुष्व महोत्साहः कृपां मयि नरर्षभ।त्वया नाथवती नाथ ह्यनाथा इव दृश्यते।। ,"<verse>
नरवीर! दयालुस्त्वं मय्यनाथसमास्वयि।
त्वन्नाथाहं ह्यनाथास्मि कुरु कारुण्यमुत्तमम्॥
</verse>",False
" ""O Lion among kings, receive this payasam prepared by gods, conferring progeny, bestowing affluence and improving health.  ", रक्षांसि परिनिघ्नन्तः पुर्यामस्यां समन्ततः।।असंपातं करिष्यन्ति पतन्तः कङ्कवाससः। ,"<verse>
कङ्कपत्रैस्तु संयुक्ता रामालक्ष्मणमुक्तशराः ।
लङ्कां कृत्स्नां प्रवेक्ष्यन्ति नान्येषां चावकाशदाः ॥
</verse>",False
" ""O Lion among kings, receive this payasam prepared by gods, conferring progeny, bestowing affluence and improving health.  ", सामुहूर्तात्समाश्वास्यप्रतिलभ्यचचेतनाम् ।तच्छिरस्समुपाघ्रायविललासायतेक्षणा ।। ,"<verse>
लब्धसंज्ञा शनैः सीता रामस्य शिरसि स्थिता ।
विललाप विशालाक्षी करुणं भृशदुःखिता ॥
</verse>",False
" ""O Lion among kings, receive this payasam prepared by gods, conferring progeny, bestowing affluence and improving health.  ", उपस्थितः प्रयुञ्जानस्त्वयि सान्त्वमनर्थकम्।अर्थेनैवाद्य ते भर्ता कौसल्यां योजयिष्यति।। ,"<verse>
उपयाति यदा भर्ता सान्त्वैः शपति निष्फलैः ।
कौसल्यायै तु कल्याणम् अद्यैव स विधास्यति ॥
</verse>",False
" ""O Lion among kings, receive this payasam prepared by gods, conferring progeny, bestowing affluence and improving health.  ", धर्ममर्थं च कामं च यस्तु काले निषेवते।।विभज्य सततं वीर स्स राजा हरिसत्तम। ,"<verse>
धर्ममर्थं च कामं च यः काले प्रतिपद्यते।
स राजा कपिशार्दूल सर्वलोकस्य भूपतिः॥
</verse>",False
" ""O Lion among kings, receive this payasam prepared by gods, conferring progeny, bestowing affluence and improving health.  ", वधूनाटकसङ्घैश्च संयुक्तां सर्वत: पुरीम् ।उद्यानाम्रवणोपेतां महतीं सालमेखलाम् ।।  ,"<verse>
उपखेटवृता सर्वं नटीविटजनावृता ।
आम्रोद्यानवती सा तु शालवृक्षैः सुवेष्टिता ॥
</verse>",False
" ""O Lion among kings, receive this payasam prepared by gods, conferring progeny, bestowing affluence and improving health.  ", विनद्य सुमहानादं श्रमेणोपरताः स्त्रियः।निर्घोषोपरतं चातो मन्ये राजनिवेशनम्।। ,"<verse>
रुदित्वा हि परं नार्यः श्रान्तास्तूष्णीमुपासते ।
तस्मादेतन्नरेन्द्रस्य गृहं शान्तमिवाभवत् ॥
</verse>",False
" ""O Lion among kings, receive this payasam prepared by gods, conferring progeny, bestowing affluence and improving health.  ", उत्तमेनाभिसंयुक्ता हर्षेणार्थपरा सती।राममाता धनं किन्नु जनेभ्यस्सम्प्रयच्छति।। ,"<verse>
सदा वित्तार्जने रक्ता राममाता कथं नु सा ।
ददाति स्वधनं प्रीत्या नरेभ्यो मुदिता सदा ॥
</verse>",False
" ""O Lion among kings, receive this payasam prepared by gods, conferring progeny, bestowing affluence and improving health.  ", सन्निगृह्य महाबाहुः प्रवृत्तं कोपमात्मनः।अवष्टभ्य धनुश्चित्रं रामो लक्ष्मणमब्रवीत्।। ,"<verse>
निगृह्य तु महाक्रोधं महाबाहुः रघूत्तमः ।
संनम्य च महच्चापं लक्ष्मणं वाक्यमब्रवीत् ॥
</verse>",False
" ""O Lion among kings, receive this payasam prepared by gods, conferring progeny, bestowing affluence and improving health.  ", यथागमं च योराजासमयंविचिकीर्षति ।बुध्यतेसचिवान्बध्यासुहृदश्चानुपश्यति ।। ,"<verse>
यः काले कुरुते कार्यं न्यायमार्गानुसारतः ।
मन्त्रिभिः सह संमन्त्र्य स राजा सम्यगीक्षते ॥
</verse>",False
" ""O Lion among kings, receive this payasam prepared by gods, conferring progeny, bestowing affluence and improving health.  ", स रामः पर्णशालायामासीनस्सह सीतया।विरराज महाबाहुश्चित्रया चन्द्रमाः इव।। ,"<verse>
ससीतः पर्णशालायां महाबाहुरशोभत ।
चित्रया सहितश्चन्द्रो नभसीव विराजते ॥
</verse>",False
" ""O Lion among kings, receive this payasam prepared by gods, conferring progeny, bestowing affluence and improving health.  ", खरं तु विरथं रामो गदापाणिमवस्थितम्।मृदुपूर्वं महातेजाः परुषं वाक्यमब्रवीत्।। ,"<verse>
विरथं तं गदाहस्तं दृष्ट्वा रामः खरोन्मुखः ।
तमुवाच स दीप्तात्मा मृदुपूर्वं ततः परम् ॥
</verse>",False
" ""O Lion among kings, receive this payasam prepared by gods, conferring progeny, bestowing affluence and improving health.  ", सत्यमागमयोगेनममैषविदितोहरिः ।नास्यशक्यंबलंरूपंप्रभावोवाऽपिभाषितम् ।। ,"<verse>
ज्ञातोऽसौ मित्रमार्गेण बलं रूपं च तस्य यत् ।
यशश्च तस्य कीर्तिश्च वक्तं नैव हि शक्यते ॥
</verse>",False
" ""O Lion among kings, receive this payasam prepared by gods, conferring progeny, bestowing affluence and improving health.  ", काकाश्श्येनास्तथानीचागृध्राःपरिपतन्तिच ।शिवाश्चाप्यशिवान्नादान्नदन्तिसुमहाभयान् ।। ,"<verse>
काकाः श्येनाश्च गृध्राश्च पतन्ति क्षुद्रजन्तुवत् ।
शिवाः क्रोशनतो भीतिं जनयन्ति भयङ्कराः ॥
</verse>",False
" ""O Lion among kings, receive this payasam prepared by gods, conferring progeny, bestowing affluence and improving health.  ", अप्यर्कमपि पर्जन्यमपि वैवस्वतं यमम्।स हि सोढुं रणे शक्तस्तव हेतोर्विशेषतः।। ,"<verse>
समर्थो हि रणे रामो जेतुं सूर्यमपीश्वरम् ।
यमं पर्जन्यमीशं च विशेषेण त्वदर्थतः ॥
</verse>",False
" ""O Lion among kings, receive this payasam prepared by gods, conferring progeny, bestowing affluence and improving health.  ", लक्षणिभ्यो द्विजातिभ्य श्शृत्वाऽहं वचनं पुरा। वनवासकृतोत्साहा नित्यमेव महाबल।। ,"<verse>
लक्षणज्ञैर्द्विजैः पूर्वं पितुर्गेहे मयेक्षितम् ।
वनवासो मया कार्यो वीर तन्मे हृदि स्थितम् ॥
</verse>",False
" ""O Lion among kings, receive this payasam prepared by gods, conferring progeny, bestowing affluence and improving health.  ", महोदरमहापार्श्वौराक्षसश्चाप्यकम्पनः ।अनीकस्थास्तुतस्यैतेलोकपालसमायुधि ।। ,"<verse>
महोदरः महापार्श्वो ह्यकम्पनश्च राक्षसाः ।
रक्षकप्रतिकाशास्ते रावणस्य चमूपती ॥
</verse>",False
" ""O Lion among kings, receive this payasam prepared by gods, conferring progeny, bestowing affluence and improving health.  ", होताऽध्वर्युस्तथोद्गाता हस्तेन समयोजयन्।महिष्या परिवृत्त्या च वावातां च तथापराम्।। ,"<verse>
होताध्वर्युस्तथौद्गाता महिषीं च परिद्विषम् ।
वावातां च पलाकलीं युञ्जन्त्यश्वस्य सन्निधौ ॥
</verse>",False
" ""O Lion among kings, receive this payasam prepared by gods, conferring progeny, bestowing affluence and improving health.  ", अकुर्वन्तोऽपि पापानि शुचयः पापसंश्रयात्।परपापैर्विनश्यन्ति मत्स्या नागह्रदे यथा।। ,"<verse>
अपापाः साधवश्चैव पापसङ्गाद्विनश्यन्ति ।
सर्पयुक्तह्रदे तद्वन्मत्स्या इव न संशयः ॥
</verse>",False
" ""O Lion among kings, receive this payasam prepared by gods, conferring progeny, bestowing affluence and improving health.  ", अनागतं च यत्किञ्चिद्रामस्य वसुधातले ।तच्चकारोत्तरे काव्ये वाल्मीकिर्भगवानृषि: ।।    ,"<verse>
अनागतं च यत्किञ्चिद् रामस्य चरितं भुवि ।
उत्तरं च तथा काव्यं चकार भगवानृषिः ॥

इत्यार्षे रामायणे वै बालकाण्डे तृतीयकः ।
तृतीयः सर्ग एवायं संक्षेपे काव्यसंज्ञिते ॥
</verse>",False
" ""O Lion among kings, receive this payasam prepared by gods, conferring progeny, bestowing affluence and improving health.  ", सुग्रीवेणैवमुक्तस्तुजाम्बवानृक्षपार्थिवः ।वानरान्सान्त्वयामाससन्निरुध्यप्रधानतः ।। ,"<verse>
इत्थमुक्त्वा तु सुग्रीवे ऋक्षराजो हि जाम्बवान् ।
वानराणामशेषाणां हर्षमापादयत् पुनः ॥
</verse>",False
" ""O Lion among kings, receive this payasam prepared by gods, conferring progeny, bestowing affluence and improving health.  ", एतस्मिन्नेव काले तु चूली नाम महातपा:।ऊर्ध्वरेताश्शुभाचारो ब्राह्मं तप उपागमत्।।  ,"<verse>
बभूव तापसो धर्मी चुलिर्नाम महर्षिराट् ।
ब्रह्मचर्यं स आस्थाय चचार विपुलं तपः ॥
</verse>",False
" ""O Lion among kings, receive this payasam prepared by gods, conferring progeny, bestowing affluence and improving health.  ", तेशरास्तमनासाद्यपुरन्दररथध्वजम् ।रथशक्तिंपरामृश्यनिपेतुर्धरणीतले ।। ,"<verse>
शक्राध्वजमनप्राप्य
ते शरा रथमेव तु ।
संस्पृश्यैव रथाङ्गं वै
निपेतुर्धरणीतले ॥
</verse>",False
" ""O Lion among kings, receive this payasam prepared by gods, conferring progeny, bestowing affluence and improving health.  ", विधमिष्यामि जीमूतान्कम्पयिष्यामि पर्वतान्।।सागरं शोषयिष्यामि प्लवमानस्समाहितः। ,"<verse>
विद्या ददाति विमलं
ज्ञानं लोकप्रकाशकम् ।
तस्मात् सर्वप्रयत्नेन
विद्यां संवर्धयेद् बुधः ॥
</verse>",False
" ""O Lion among kings, receive this payasam prepared by gods, conferring progeny, bestowing affluence and improving health.  ", वसानं चर्म वैयाघ्रं वसार्द्रं रुधिरोक्षितम्।त्रासनं सर्वभूतानां व्यादितास्यमिवान्तकम्।। ,"<verse>
वसानं व्याघ्रचर्मैव कृतान्तमिव रूपतः ।
वसाद्र्द्ररुधिरासिक्तं सर्वभूतभयंकरम् ॥
</verse>",False
" ""O Lion among kings, receive this payasam prepared by gods, conferring progeny, bestowing affluence and improving health.  ", अस्त्रविज्जयतां रामो लक्ष्मणश्च महाबलः।राजा जयति सुग्रीवो राघवेणाभिपालितः।। ,"<verse>
जयत्यतिबलो रामो लक्ष्मणश्च महाबलः ।
राजा जयति सुग्रीवो राघवेणाभिपालितः ॥
</verse>",False
" ""O Lion among kings, receive this payasam prepared by gods, conferring progeny, bestowing affluence and improving health.  ", मन्ये प्राप्ताः स्म तं देशं भरद्वाजो यमब्रवीत्।नातिदूरे हि मन्येऽहं नदीं मन्दाकिनीमितः।। ,"<verse>
देशं प्राप्ताः स्म तं मन्ये यं भरद्वाज आह नः ।
मन्दाकिनी नदी मन्ये न दूरेऽस्माद्विभाव्यते ॥
</verse>",False
" ""O Lion among kings, receive this payasam prepared by gods, conferring progeny, bestowing affluence and improving health.  ", यज्ञीयं च हयं तत्र चरन्तमविदूरत:।ददर्श पुरुषव्याघ्रो दु:खशोकसमन्वित:।। ,"<verse>
शोकाश्रुपरिसंप्लुतः अंशुमान्पुरुषर्षभः ।
ददर्श तुरगं तत्र चरन्तं यज्ञवाहनम् ॥
</verse>",False
" ""O Lion among kings, receive this payasam prepared by gods, conferring progeny, bestowing affluence and improving health.  ", पर्वतारोहणं चापि सागरस्यापि लङ्घनम् ।समुद्रवचनाच्चैव मैनाकस्य च दर्शनम् ।।    ,"<verse>
महेन्द्रारोहणं चैव समुद्रतरणं तथा ।
मैनाकदर्शनं चैव सागरस्य नियोजनात् ॥
</verse>",False
" ""O Lion among kings, receive this payasam prepared by gods, conferring progeny, bestowing affluence and improving health.  ", अपत्यं तु मृगास्सर्वे मृग्या नरवरोत्तम।ऋक्षाश्च मृगमन्दायास्सृमराश्चमरा स्तथा।। ,"<verse>
मृगी तु जनयामास मृगान् मनुजपुङ्गव ।
ऋक्षान् ससृमरान् चैव मृगमन्दा च चामरम् ॥
</verse>",False
" ""O Lion among kings, receive this payasam prepared by gods, conferring progeny, bestowing affluence and improving health.  ", अम्बरीषस्य पुत्रोऽभून्नहुष: पृथिवीपति:।नहुषस्य ययातिस्तु नाभागस्तु ययातिज:।। ,"<verse>
अम्बरीषसुतो जज्ञे नहुषः पृथिवीपतिः ।
नहुषाच्च ययातिश्च नाभागस्तस्य चात्मजः ॥
</verse>",False
" ""O Lion among kings, receive this payasam prepared by gods, conferring progeny, bestowing affluence and improving health.  ", अधर्मानृतसंयुक्तःकामंत्वेषनिशाचरः ।।तेजस्वीबलवान् शूरःसङ्ग्रामेषु च नित्यशः । ,"<verse>
अधर्मिष्ठोऽनृतश्चैव निशाचरतमो ह्ययम् ।
बली रणेषु तेजस्वी वीरः संयुगदुर्जयः ॥
</verse>",False
" ""O Lion among kings, receive this payasam prepared by gods, conferring progeny, bestowing affluence and improving health.  ", वृतःकोटिसहस्रेणहरीणांसमुपस्थितः ।एषैवाशंसतेलङ्कांस्वेनानीकेनमर्दितुम् ।। ,"<verse>
कोटिसहस्रकीर्णेन वानराणां बलेन च ।
स्वकीयेन बलेनासौ लङ्कां मर्दितुमिच्छति ॥
</verse>",False
" ""O Lion among kings, receive this payasam prepared by gods, conferring progeny, bestowing affluence and improving health.  ", कैकेयी च सुमित्रा च कौसल्या च यशस्विनी।रामानयनसंहृष्टा ययुर्यानेन भास्वता।। ,"<verse>
कौसल्या च सुमित्रा च कैकेयी च यशस्विनी ।
रामानयनहृष्टास्ताः शुभेन स्यन्दनेन च ॥
</verse>",False
" ""O Lion among kings, receive this payasam prepared by gods, conferring progeny, bestowing affluence and improving health.  ", रूपाजीवाश्च वादिन्यो वणिजश्च महाधनाः।शोभयन्तु कुमारस्य वाहिनीं सुप्रसारिताः।। ,"<verse>
वारमुख्याः प्रियालापाः प्रसारितमहापणाः ।
शोभयन्तु चमूं धन्याः पुत्रस्य मम सर्वतः ॥
</verse>",False
" ""O Lion among kings, receive this payasam prepared by gods, conferring progeny, bestowing affluence and improving health.  ", इत्युक्त्वा मुनिशार्दूलं प्रहृष्टवदनस्तदा।।पुनस्तं परिपप्रच्छ प्राञ्जलि: प्रणतो नृप:। ,"<verse>
इत्युक्त्वा जनको राजा प्रहृष्टेनान्तरात्मना ।
कृताञ्जलिपुटो भूत्वा मुनिशार्दूलमब्रवीत् ॥
</verse>",False
" ""O Lion among kings, receive this payasam prepared by gods, conferring progeny, bestowing affluence and improving health.  ", तेभिन्नाश्चविकीर्णाश्चरामरावणयोःशराः ।।अन्तरिक्षात्प्रदीप्ताग्रानिपेतुर्धरणीतले । ,"<verse>
रामरावणमुक्तास्ते दीप्ताग्राः शरवृष्टयः।
भिन्नाः पेतुर्दिवो भूमौ पूरयन्तो नभस्तलम्॥
</verse>",False
" ""O Lion among kings, receive this payasam prepared by gods, conferring progeny, bestowing affluence and improving health.  ", निवर्तय रथं शीघ्रं दण्डकान्नय मामपि।अथ तान्नानुगच्छामि गमिष्यामि यमक्षयम्।। ,"<verse>
निवर्तय रथं शीघ्रं दण्डकं नय मां द्रुतम् ।
न चेदनुगमिष्यामि यास्याम्यद्य यमालयम् ॥
</verse>",False
" ""O Lion among kings, receive this payasam prepared by gods, conferring progeny, bestowing affluence and improving health.  ", तदहं यष्टुमिच्छामि शास्त्रदृष्टेन कर्मणा।ऋषिपुत्रप्रभावेन कामान्प्राप्स्यामि चाप्यहम्।। ,"<verse>
यक्ष्येऽहं विधिवद् यज्ञं प्रसादाद् ऋष्यशृङ्गस्य ।
कामो मे सफलो भूयात् तस्यर्षेः कृपया ध्रुवम् ॥
</verse>",False
" ""O Lion among kings, receive this payasam prepared by gods, conferring progeny, bestowing affluence and improving health.  ", नीलंनवभिराहत्यमैन्दंचद्विविदंतथा ।।त्रिभिस्त्रिभिरमित्रघ्नस्ततापप्रवरेषुभिः । ,"<verse>
शरेणैकेन धर्मात्मा नीलमुद्विद्धवान् युधि ।
मैन्दं च द्विविदं चैव त्रिभिस्त्रिभिरयुध्यत ॥
</verse>",False
" ""O Lion among kings, receive this payasam prepared by gods, conferring progeny, bestowing affluence and improving health.  ", वसिष्ठस्य वच श्शृत्वा भरतो धारणां गतः।प्रेतकार्याणि सर्वाणि कारयामास धर्मवित्।। ,"<verse>
श्रुत्वा वसिष्ठवाक्यानि भरतो धर्मवत्सलः ।
धैर्यमालम्ब्य धर्मात्मा प्रेतकार्याण्यकारयत् ॥
</verse>",False
" ""O Lion among kings, receive this payasam prepared by gods, conferring progeny, bestowing affluence and improving health.  ", ततस्तुवानरास्सर्वेभिन्नदेहाविचेतसः ।व्यथिताविद्रवन्तिस्मरुधिरेणसमुक्षिताः ।। ,"<verse>
ततो भग्नशरीरास्ते नष्टसंज्ञाश्च वानराः।
क्षतजेन सुसिक्ताङ्गा रुधिरं सस्रुवुर्बहु॥
</verse>",False
" ""O Lion among kings, receive this payasam prepared by gods, conferring progeny, bestowing affluence and improving health.  ", यावत्तु निर्यतस्तस्य रजोरूपमदृश्यत।नैवेक्ष्वाकुवरस्तावत्सञ्जहारात्मचक्षुषी।। ,"<verse>
यावद्रजो रथस्यैव लोचनैरन्वगच्छत ।
तावन्नेत्रं न चापाहत् राजा दशरथस्तदा ॥
</verse>",False
" ""O Lion among kings, receive this payasam prepared by gods, conferring progeny, bestowing affluence and improving health.  ", तस्य वीर्यवतः कश्चिद्यद्यस्ति मयि सम्भ्रमः।किमर्थं न शरैस्तीक्ष्णै: क्षयं नयति राक्षसान्।। ,"<verse>
कश्चिदध्यात्मचिन्ता मे रघुनाथेन विद्यते ।
किमर्थं निशितैर्बाणै रक्षोहननमुद्यतः ॥
</verse>",False
" ""O Lion among kings, receive this payasam prepared by gods, conferring progeny, bestowing affluence and improving health.  ", उत्तिष्ठोत्तिष्ठ कस्मात्त्वं पादयोः पतितो मम।अभयं ते भवेद्वीर सर्वमेवाभिधीयताम्।। ,"<verse>
उत्तिष्ठ दधिमुखाग्र्य ब्रूहि कस्मात् प्रपन्नवान् ।
अभयं ते प्रदास्यामि सर्वस्मात्तु ममाश्रयात् ॥
</verse>",False
" ""O Lion among kings, receive this payasam prepared by gods, conferring progeny, bestowing affluence and improving health.  ", कस्स्थित: प्रतिहारो मे कस्याज्ञा सम्प्रतीक्ष्यते।।स्वगृहे को विचारोऽस्ति यथा राज्यमिदं तव। ,"<verse>
को वा रुणद्धि रक्षकः कस्याज्ञां प्रतिपाल्यसे ।
स्वगृहं प्रविशन् कस्मात् शङ्कसे स्वमिदं पुरम् ॥
</verse>",False
" ""O Lion among kings, receive this payasam prepared by gods, conferring progeny, bestowing affluence and improving health.  ", स तु तीरं समासाद्य तमसाया महामुनि: ।शिष्यमाह स्थितं पार्श्वे दृष्ट्वा तीर्थमकर्दमम् ।।     ,"<verse>
तपस्वी तमसातीरं गत्वा मुनिवरस्तदा ।
तीर्थं दृष्ट्वा प्रसन्नाम्बु शिष्यं पार्श्वस्थमब्रवीत् ॥
</verse>",False
" ""O Lion among kings, receive this payasam prepared by gods, conferring progeny, bestowing affluence and improving health.  ", ततो रात्र्यां व्यतीतायां सोपाध्याय: सबान्धव:।राजा दशरथो हृष्ट स्सुमन्त्रमिदमब्रवीत्।। ,"<verse>
व्यतीतायां तु शर्वर्यां राजा दशरथो नृपः ।
सगुरुः ससुहृद्भूत्वा सुमन्त्रमब्रवीद्वचः ॥
</verse>",False
" ""O Lion among kings, receive this payasam prepared by gods, conferring progeny, bestowing affluence and improving health.  ", छिन्नंतेसर्वतोमूलंदर्पस्तेनिहतोमया ।व्यसनेनात्मनस्सीते ममभार्याभविष्यसि ।। ,"<verse>
मया ते मदिताः सीते सर्वमूलाः समन्ततः ।
त्यज गर्वं मदीया त्वं भव भार्या स्वयंवरा ॥
</verse>",False
" ""O Lion among kings, receive this payasam prepared by gods, conferring progeny, bestowing affluence and improving health.  ", तिर्यगूर्ध्वमधश्चैव वीक्षमाणस्ततः कपिः।ददर्श स महत्सत्त्वमुत्थितं लवणाम्भसि।। ,"<verse>
वीक्ष्य सव्यं च दक्षिणम् ।
उर्ध्वमप्यध एव च ॥
लवणोदान्महाकायं ।
अपश्यत कपीश्वरः ॥
</verse>",False
" ""O Lion among kings, receive this payasam prepared by gods, conferring progeny, bestowing affluence and improving health.  ", सुग्रीवस्य व चःश्रुत्वातारासर्वाङ्गशोभना ।आहूयचाब्रवीत्सर्वावानराणांतुयोषितः ।। ,"<verse>
सुग्रीववचनं श्रुत्वा तारा सुरुचिराङ्ग्यथ ।
समाहूय स्त्रियः सर्वाः तारा वचनमब्रवीत् ॥
</verse>",False
" ""O Lion among kings, receive this payasam prepared by gods, conferring progeny, bestowing affluence and improving health.  ", अब्रवीन्मां महाराज धर्ममेवानुपालयन्।अञ्जलिं राघवः कृत्वा शिरसाऽभिप्रणम्य च।। ,"<verse>
कृताञ्जलिः प्रणम्य त्वाम् शिरसा राघवस्तदा ।
धर्मेण त्वामुपस्थाय मामुवाच महीपते ॥
</verse>",False
" ""O Lion among kings, receive this payasam prepared by gods, conferring progeny, bestowing affluence and improving health.  ", ततस्सरलतालाश्च तिलका नक्तमालकाः।प्रहृष्टास्तत्र सम्पेतुः कुब्जा भूत्वाऽथ वामनाः।। ,"<verse>
देवदारुतलाश्चैव तिलकानक्तमालकाः ।
कुब्जवामनरूपेण प्रहृष्टा विचरन् मुदा ॥
</verse>",False
" ""O Lion among kings, receive this payasam prepared by gods, conferring progeny, bestowing affluence and improving health.  ", आनुकूल्येन धर्मात्मा त्यक्त्वा सुखमनुत्तमम्।अनुगच्छति काकुत्स्थं भ्रातरं पालयन्वने।। ,"<verse>
त्यक्त्वा सुखानि धर्मात्मा रामं वनमथागमत् ।
सेवार्थं च महाभागो लक्ष्मणो वनमन्वगात् ॥
</verse>",False
" ""O Lion among kings, receive this payasam prepared by gods, conferring progeny, bestowing affluence and improving health.  ", सुदुष्टोवाप्यदुष्टोवाकिमेषरजनीचरः ।सूक्ष्ममप्यहितंकर्तुंममाशक्तःकथञ्चन ।। ,"<verse>
दुष्टो वा यदि वाऽदुष्टो निशाचर इहागतः ।
न मे कर्तुं समर्थोऽयं स्वल्पमप्यपकार कम् ॥
</verse>",False
" ""O Lion among kings, receive this payasam prepared by gods, conferring progeny, bestowing affluence and improving health.  ", कामंतिष्ठमहाराजनिर्गमिष्याम्यहंरणम् ।उद्धरिष्यामितेशत्रूंन्गरुडःपन्नगानिव ।। ,"<verse>
तिष्ठ त्वं हि महाराज याम्यहं समरं प्रति ।
शत्रुमुन्मूलयाम्यद्य वैनतेय इवोरगान् ॥
</verse>",False
" ""O Lion among kings, receive this payasam prepared by gods, conferring progeny, bestowing affluence and improving health.  ", अंशुकान्ताश्च कासाञ्चिन्मुखमारुतकम्पिताः।उपर्युपरि वक्त्राणां व्याधूयन्ते पुनः पुनः।। ,"<verse>
मुखश्वासप्रकम्पाढ्या वधूनां चञ्चलांशुकाः ।
मुहुर्वक्त्रं प्रपद्यन्ते श्वासलोलाः पुनः पुनः ॥
</verse>",False
" ""O Lion among kings, receive this payasam prepared by gods, conferring progeny, bestowing affluence and improving health.  ", तं यान्तमनुयान्ती सा महती हरिवाहिनी । दृप्ता: प्रमुदितास्सर्वे सुग्रीवेणाभिपालिताः ।। ,"<verse>
गच्छन्तं राघवं वीरं सुग्रीववशगा चमूः ।
महावानरसेना सा सहर्षं पृष्ठतोऽन्वगात् ॥
</verse>",False
" ""O Lion among kings, receive this payasam prepared by gods, conferring progeny, bestowing affluence and improving health.  ", सौमित्रे भुङ्क्ष्व भोगांत्स्वमिष्टान्राज्यफलानि च।जीवितं च हि राज्यं च त्वदर्थमभिकामये।। ,"<verse>
भुङ्क्ष्व भोगान् सुमित्राजेष्टान् राज्यफलं च वै।
त्वदर्थमेव चेच्छामि जीवितं च सुखं तथा॥
</verse>",False
" ""O Lion among kings, receive this payasam prepared by gods, conferring progeny, bestowing affluence and improving health.  ", यावत्सीतां हि पश्यामि रामपत्नीं यशस्विनीम्।।तावदेतां पुरीं लङ्कां विचिनोमि पुनः पुनः। ,"<verse>
यावत्सीतां न पश्यामि रामपत्नीं यशस्विनीम्।
तावदेतां विचिन्वामि लङ्कायामपि सर्वशः॥
</verse>",False
" ""O Lion among kings, receive this payasam prepared by gods, conferring progeny, bestowing affluence and improving health.  ", ततः खनित्रमादाय लक्ष्मणश्श्वभ्रमुत्तमम्।अखनत्पार्श्वतस्तस्य विराधस्य महात्मनः।। ,"<verse>
ततः खनित्रमादाय लक्ष्मणः शुभलक्षणः ।
विराधस्य महाबाहोः पार्श्वेऽवटमचीखनत् ॥
</verse>",False
" ""O Lion among kings, receive this payasam prepared by gods, conferring progeny, bestowing affluence and improving health.  ", स सन्तीर्य महाबाहुः श्रीमान् शिवमकण्टकम्।प्रापद्यत महामार्गमभयं भयदर्शिनाम्।। ,"<verse>
तीर्त्वा तु सरितं रामो महाबाहुः शुभः पथि ।
भीरूणामभयं कुर्वन् निष्कण्टकमगाच्छुभम् ॥
</verse>",False
" ""O Lion among kings, receive this payasam prepared by gods, conferring progeny, bestowing affluence and improving health.  ", स राज्ञो दर्शनाकाङ्क्षी द्वाराध्यक्षानुवाच ह।।शीघ्रमाख्यात मां प्राप्तं कौशिकं गाधिनस्सुतम्। ,"<verse>
द्रष्टुं दशरथं भूपं द्वारपालानभाषत ।
गाधिपुत्रं समायातं विश्वामित्रं निवेदय ॥
</verse>",False
" ""O Lion among kings, receive this payasam prepared by gods, conferring progeny, bestowing affluence and improving health.  ", न च सीतांदशग्रीवःप्राप्नोतिजनकात्मजाम् ।बद्धंबलवतावैरमक्षयंराघवेण च ।। ,"<verse>
मा स्पृशेन्मैथिलीं राम बलात् स दशकन्धरः ।
येन नित्यं कृतं वैरं विनाशायात्मनो ध्रुवम् ॥
</verse>",False
" ""O Lion among kings, receive this payasam prepared by gods, conferring progeny, bestowing affluence and improving health.  ", उन्मत्तेव प्रमत्तेव भ्रान्तचित्तेव शोचती।उपावृत्ता किशोरीव विवेष्टन्ती महीतले।। ,"<verse>
भ्रान्ता मत्ता प्रमत्ता वा विललाप महीतले ।
लुठन्ती सा किशोरीव व्याकुला सा वराङ्गना ॥
</verse>",False
" ""O Lion among kings, receive this payasam prepared by gods, conferring progeny, bestowing affluence and improving health.  ", ततो राजा विनिश्चित्य सह मन्त्रिभिरात्मवान्।पुरोहितममात्यांश्च तत: प्रेष्यति सत्कृतान्।।  ,"<verse>
ततो राजा विनिश्चित्य आनीतुं ऋष्यशृङ्गकम् ।
पुरोहितममात्यांश्च कार्यार्थे प्रेषयत्तदा ॥
</verse>",False
" ""O Lion among kings, receive this payasam prepared by gods, conferring progeny, bestowing affluence and improving health.  ", तन्मेरुशिखराकारंद्योतमानमिवश्रिया ।।द्वेशतेवानराणां च पतमानमपातयत् । ,"<verse>
पतन् स कुम्भकर्णोऽभूत् मेरुशैल इव द्युता ।
द्विशतं वानराणां च पातयन् स पपात ह ॥
</verse>",False
" ""O Lion among kings, receive this payasam prepared by gods, conferring progeny, bestowing affluence and improving health.  ", अस्यास्तीरेमयादृष्टाशबरीधर्मचारिणी ।।अत्रयोजनबाहुश्चकबन्धोनिहतोमया । ,"<verse>
पम्पातीरे मया दृष्टा शबरी धर्मचारिणी ।
निहतः क्रोशबाहुश्च कबन्धोऽपि मया रणे ॥
</verse>",False
" ""O Lion among kings, receive this payasam prepared by gods, conferring progeny, bestowing affluence and improving health.  ", किं तु यावन्न यात्यस्तं सविता श्रान्तवाहनः।।तावन्मामवटे क्षिप्त्वा दह राम यथाविधि। ,"<verse>
पतितं मां महाश्वभ्रे दग्ध्वा राम यथाविधि।
अस्तं गच्छति सूर्येऽस्मिन् शीघ्रं कुरु ममोद्धृतिम्॥
</verse>",False
" ""O Lion among kings, receive this payasam prepared by gods, conferring progeny, bestowing affluence and improving health.  ", सीताया वचनं श्रुत्वा हनुमान्मारुतात्मजः।चिन्तयामास लक्ष्मीवान्नवं परिभवं कृतम्।। ,"<verse>
श्रुत्वा तद् वचनं तस्याः सीतायाः परिवादकम् ।
मनसा चिन्तयामास हनुमान् मारुतात्मजः ॥
</verse>",False
" ""O Lion among kings, receive this payasam prepared by gods, conferring progeny, bestowing affluence and improving health.  ", मिथ्यावाक्यं न ते भूतं न भविष्यति राघव।।कुतोऽभिलाषणं स्त्रीणां परेषां धर्मनाशनम्। ,"<verse>
न ब्रूयास्त्वमनृतं सौम्य न च वक्ष्यासि कर्हिचित् ।
परदाराभिमर्शस्तु कुतस्ते स्यान्महीपते ॥
</verse>",False
" ""O Lion among kings, receive this payasam prepared by gods, conferring progeny, bestowing affluence and improving health.  ", जृम्भितं तद्धनुर्द्रृष्ट्वा शैवं विष्णुपराक्रमै:।अधिकं मेनिरे विष्णुं देवा स्सर्षिगणास्तदा	।।  ,"<verse>
शिवचापे जडीभूते विष्णुवीर्येण निष्क्रिये ।
मुनयो देवसङ्घाश्च विष्णुमेवाधिकं विदुः ॥
</verse>",False
" ""O Lion among kings, receive this payasam prepared by gods, conferring progeny, bestowing affluence and improving health.  ", एवमुक्त्वातुधर्मज्ञौभ्रातरौरामलक्ष्मणौ ।निर्बिभेदशितैर्बाणैःप्रजहर्षननादच ।। ,"<verse>
इन्द्रजित्त्वेवमुक्त्वा तौ भ्रातरौ रामलक्ष्मणौ ।
विव्याध सायकैस्तीक्ष्णैर्ननाद च मुदा युतः ॥
</verse>",False
" ""O Lion among kings, receive this payasam prepared by gods, conferring progeny, bestowing affluence and improving health.  ", सानुक्रोशां वदान्यां च धर्मज्ञां च यशस्विनीम्।कौसल्यां शरणं याम सा हि नोऽस्तु ध्रुवा गतिः।। ,"<verse>
कौसल्यां शरणं यामः कारुण्यां वरदामपि ।
धर्मज्ञां तारिणीं देवीं त्रायते या ध्रुवं हि नः ॥
</verse>",False
" ""O Lion among kings, receive this payasam prepared by gods, conferring progeny, bestowing affluence and improving health.  ", इन्द्रियाणीन्द्रियार्थैस्तु पञ्च पञ्चभिरुत्तमैः।तर्पयामास मातेव तदा रावणपालिता।। ,"<verse>
पञ्च कर्मेन्द्रियाण्यस्य पञ्च बुद्धीन्द्रियाणि च ।
तर्पयामास तद् वेश्म मातृवद् रावणस्य तत् ॥
</verse>",False
" ""O Lion among kings, receive this payasam prepared by gods, conferring progeny, bestowing affluence and improving health.  ", स वानरानिमान् सर्वान् मधुलुब्धान् गतायुषः।घातयिष्यति दण्डेन सुग्रीवस्ससुहृज्जनान्।। ,"<verse>
मधुलुब्धान् हरीन् सर्वान् सखींश्चापि हरीश्वरः ।
दण्डेन ताडयिष्यन् वै विनाशयति सर्वथा ॥
</verse>",False
" ""O Lion among kings, receive this payasam prepared by gods, conferring progeny, bestowing affluence and improving health.  ", तस्यैव च मम भ्रातुस्सखा दशरथः कथम्।।यस्य रामः प्रियः पुत्रो ज्येष्ठो गुरुजनप्रियः। ,"<verse>
कथं दशरथेनासीत् सख्यं मम सहोदरे ।
ज्येष्ठो रामः प्रियो जज्ञे सर्ववृद्धप्रियः श्रुतः ॥
</verse>",False
" ""O Lion among kings, receive this payasam prepared by gods, conferring progeny, bestowing affluence and improving health.  ", तान्शरान् शरवर्षेणरामश्चिच्छेदनैकधा ।निपेतुर्भुवितेछिन्नारुक्मपुङ्खास्सहस्रशः ।। ,"<verse>
ववर्ष रावणं रामः शरवृष्ट्या महाहवे ।
पतिता रुक्मपुङ्खास्ते भिन्नाः खण्डैः सहस्रशः ॥
</verse>",False
" ""O Lion among kings, receive this payasam prepared by gods, conferring progeny, bestowing affluence and improving health.  ", रसेनान्नेन पानेन लेह्यचोष्येण संयुतम्।अन्नानां निचयं सर्वं सृजस्व शबले त्वर।। ,"<verse>
सृजान्नं शबले क्षिप्रं भक्ष्यभोज्यमनेकधा ।
पेयं चोष्यं च लेह्यं च सर्वकामदुघे शुभे ॥

इत्यार्षे रामायणे वै वाल्मीकीये महाकाव्ये ।
बालकाण्डे द्विपञ्चाशः सर्गः साङ्गो मुनीरितः ॥
</verse>",False
" ""O Lion among kings, receive this payasam prepared by gods, conferring progeny, bestowing affluence and improving health.  ", सह सम्भाषमाणे तु शरभङ्गेन वासवे।।दृष्ट्वा शतक्रतुं तत्र रामो लक्ष्मणमब्रवीत्। ,"<verse>
शरेभङ्गेण शुक्रेण भाषमाणे रघूत्तमः ।
ददर्श शक्रमालोक्य सौमित्रिञ्चेदमब्रवीत् ॥
</verse>",False
" ""O Lion among kings, receive this payasam prepared by gods, conferring progeny, bestowing affluence and improving health.  ",   पुत्रशोकार्दितं पापा विसंज्ञं पतितं भुवि।विवेष्टमानमुद्वीक्ष्य सैक्ष्वाकमिदमब्रवीत्।। ,"<verse>
शयानं भुवि चेष्टानं पुत्रशोकेन विह्वलम् ।
ऐक्ष्वाकं नृपतिं दीनं कैकेयी पापमब्रवीत् ॥
</verse>",False
" ""O Lion among kings, receive this payasam prepared by gods, conferring progeny, bestowing affluence and improving health.  ", स निकृत्तौ भुजौ दृष्ट्वा शोणितौघपरिप्लुतः।दीनः पप्रच्छ तौ वीरौ कौ युवामिति दानवः।। ,"<verse>
छिन्नबाहुर्धरासंस्थो रुधिराप्लुतविग्रहः ।
दीनस्तानपृच्छद्भीतः के यूयमिति राक्षसः ॥
</verse>",False
" ""O Lion among kings, receive this payasam prepared by gods, conferring progeny, bestowing affluence and improving health.  ", रूपमग्र्यं च लोकेषु सौकुमार्यं वयश्चते।इह वासश्च कान्तारे चित्तमुन्मादयन्ति मे।। ,"<verse>
सुकुमारि वने घोरे वरनारि प्रसीद मे ।
यौवनेन सुरूपेण मनसि मम मन्मथः ॥
</verse>",False
" ""O Lion among kings, receive this payasam prepared by gods, conferring progeny, bestowing affluence and improving health.  ", वनं नगरमेवास्तु येन गच्छति राघवः।अस्माभिश्च परित्यक्तं पुरं सम्पद्यतां वनम्।। ,"<verse>
यद् वनं याति काकुत्स्थः तद् वनं नगरं हि नः ।
यद् गृहं विप्रहीणं हि तद् अरण्यं भविष्यति ॥
</verse>",False
" ""O Lion among kings, receive this payasam prepared by gods, conferring progeny, bestowing affluence and improving health.  ", गते तस्मिन्नरश्श्रेष्ठ दिति: परमहर्षिता।कुशप्लवनमासाद्य तपस्तेपे सुदारुणम्।। ,"<verse>
गते तस्मिन्मुनिश्रेष्ठे दितिः प्रमुदिताभवत् ।
कुशप्लवनमासाद्य तपस्तेपे सुदारुणम् ॥
</verse>",False
" ""O Lion among kings, receive this payasam prepared by gods, conferring progeny, bestowing affluence and improving health.  ", सारवन्तोऽथ ये वृक्षा न्यमज्जन् लवणाम्भसि।भयादिव महेन्द्रस्य पर्वता वरुणालये।। ,"<verse>
ततो महाद्रुमाः पेतुः लवणाम्भसि सागरे ।
महेन्द्रवज्रसंविग्नाः पर्वता इव सर्वशः ॥
</verse>",False
" ""O Lion among kings, receive this payasam prepared by gods, conferring progeny, bestowing affluence and improving health.  ", तमुवाच ततो ब्रह्मा न तावत् त्त्वं जितेन्द्रिय:।यतस्व मुनिशार्दूल इत्युक्त्वा त्रिदिवं गत:।। ,"<verse>
तमुवाच ततो ब्रह्मा नाजितानीन्द्रियाणि ते ।
भूय एव यतस्वेति इत्युक्त्वा स दिवं गतः ॥
</verse>",False
" ""O Lion among kings, receive this payasam prepared by gods, conferring progeny, bestowing affluence and improving health.  ", तां कथां कौशिको रामे निवेद्य कुशिकात्मज:।पुनरेवापरं वाक्यं काकुत्स्थ मिदमब्रवीत्।। ,"<verse>
उक्त्वा तु कौशिको रामं कार्त्तिकेयकथां शुभाम् ।
काकुत्स्थमभिभाष्येदं पुनरेवाह वीर्यवान् ॥
</verse>",False
" ""O Lion among kings, receive this payasam prepared by gods, conferring progeny, bestowing affluence and improving health.  ", अथवा स्वयमेवैनं द्रष्टुमर्हसि भामिनि।वचनै स्सान्त्वयुक्तैश्च प्रसादयितुमर्हसि।। ,"<verse>
अथवा त्वं स्वयं गत्वा तं कल्याणि प्रसादय ।
द्रष्टुमर्हसि तं कान्ते सान्त्वपूर्वैः सुभाषितैः ॥
</verse>",False
" ""O Lion among kings, receive this payasam prepared by gods, conferring progeny, bestowing affluence and improving health.  ", तमतिक्रम्य चाकाशं सर्वतश्शतयोजनम्।अपर्वतनदीवृक्षं सर्वसत्त्वविवर्जितम्।। ,"<verse>
योजनानां शतं तत्र शून्यं जनविवर्जितम् ।
न वृक्षा न च शैलाश्च न नद्यो यत्र काश्चन ॥
</verse>",False
" ""O Lion among kings, receive this payasam prepared by gods, conferring progeny, bestowing affluence and improving health.  ", उभयोरपि राजेन्द्र सम्बन्धेनानुबध्यताम्।इक्ष्वाको: कुलमव्यग्रं भवत:पुण्यकर्मण:।। ,"<verse>
राजराज जनेशसौ पुण्यकीर्त्या कुलेन ते ।
इक्ष्वाकूणां च सम्बन्धो मैत्र्येणानेन वर्धताम् ॥
</verse>",False
" ""O Lion among kings, receive this payasam prepared by gods, conferring progeny, bestowing affluence and improving health.  ", यथा मद्वशगा सीता क्षिप्रं भवति जानकी।।तथा कुरुत राक्षस्यः सर्वाः क्षिप्रं समेत्य च। ,"<verse>
साधु वासाधु वा सर्वैः कर्तव्या मयि जानकी ।
अनुकूला प्रयत्नेन शीघ्रमद्य विधीयताम् ॥
</verse>",False
" ""O Lion among kings, receive this payasam prepared by gods, conferring progeny, bestowing affluence and improving health.  ", स हतान् दृश्य रामेण स्वांल्लोकांस्तपसार्जितान्।जामदग्न्यो जगामाशु महेन्द्रं पर्वतोत्तमम्।। ,"<verse>
तपोलब्धान् क्षयान् दृष्ट्वा लोकानां जामदग्न्यजः ।
महेन्द्रमचलश्रेष्ठं जगाम मुनिसत्तमः ॥
</verse>",False
" ""O Lion among kings, receive this payasam prepared by gods, conferring progeny, bestowing affluence and improving health.  ", अयं हि सर्वभूतानां मान्यस्तु नरसत्तमः।अस्मासु चागत: प्रीती रामः परपुरञ्जयः।। ,"<verse>
एष रामो महातेजा शत्रुपत्तनभञ्जनः ।
सर्वभूतप्रियो रामः प्रियोऽस्माकं सदा हि सः ॥
</verse>",False
" ""O Lion among kings, receive this payasam prepared by gods, conferring progeny, bestowing affluence and improving health.  ", रावणिश्चापिसङ्क्रुद्धोरणेवानरयूथपान् ।।पातयामासबाणौघैःशतशोऽथसहस्रशः । ,"<verse>
ततः क्रुद्धो रणे शूर इन्द्रजित् कोपमूर्च्छितः ।
वानरेन्द्रान् शरव्रातैर्निजघान सहस्रशः ॥
</verse>",False
" ""O Lion among kings, receive this payasam prepared by gods, conferring progeny, bestowing affluence and improving health.  ", असौम्या: पक्षिणो घोरा मृगाश्चापि प्रदक्षिणा:।।किमिदं हृदयोत्कम्पि मनो मम विषीदति। ,"<verse>
रौद्राः खगा अमङ्गलाः प्रदक्षिणा मृगाः शुभाः ।
कुतो ह्येतत्कम्पते हृद् मनो मे सीदतीव च ॥
</verse>",False
" ""O Lion among kings, receive this payasam prepared by gods, conferring progeny, bestowing affluence and improving health.  ", रावणश्चापिचिक्षेपभस्वरंकार्मुकंमहत् ।त्रिषुलोकेषुविख्यातंसीतामिदमुवाचह ।। ,"<verse>
एवमुक्तो दशग्रीवस्तत्याज धनुरुत्तमम् ।
त्रिलोकविश्रुतं दीप्तं पातयामास तन्महत् ॥
</verse>",False
" ""O Lion among kings, receive this payasam prepared by gods, conferring progeny, bestowing affluence and improving health.  ", एवं चेत्त्वं सहास्माभिस्तस्याः प्रेष्या भविष्यसि।पुत्रश्च तव रामस्य प्रेष्यभावं गमिष्यति।। ,"<verse>
एवं प्रेष्या त्वमस्माभिः सार्धं तस्याः प्रदास्यसे ।
पुत्रश्च तव रामस्य प्रेष्यभावं गमिष्यति ॥
</verse>",False
" ""O Lion among kings, receive this payasam prepared by gods, conferring progeny, bestowing affluence and improving health.  ", स तमारुह्य शैलेन्द्रं व्यवर्धत महाकपिः।दक्षिणादुत्तरं पारं प्रार्थयन् लवणाम्भसः।। ,"<verse>
आरुह्य पर्वतश्रेष्ठं दक्षिणादुत्तरं तटम् ।
गन्तुकामः समुद्रस्य वर्धयामास विग्रहम् ॥
</verse>",False
" ""O Lion among kings, receive this payasam prepared by gods, conferring progeny, bestowing affluence and improving health.  ", उभौहिपरमेष्वासावुभौयुद्धविशारदौ ।उभावस्त्रविदां मुख्यावुभौ युद्धेविचेरतुः ।। ,"<verse>
चापप्रवरधारिणौ उभौ रणविशारदौ ।
अस्त्रविद्याप्रवीणास्तौ युद्धे चाप्यचलावुभौ ॥
</verse>",False
" ""O Lion among kings, receive this payasam prepared by gods, conferring progeny, bestowing affluence and improving health.  ", एतत्पश्ययथाक्षिप्रंप्रतिगच्छामतांपुरीम् ।अयोध्यांगच्छतोह्येषपन्थाःपरमदुर्गमः ।। ,"<verse>
तन्निवासाय दुष्प्रापं पुरं तद् विद्धि सर्वथा ।
तस्मात् प्रस्थानमार्गं त्वं चिन्तयस्व विमुक्तये ॥
</verse>",False
" ""O Lion among kings, receive this payasam prepared by gods, conferring progeny, bestowing affluence and improving health.  ", ते वयं कार्यनैराश्यात्कालस्यातिक्रमेण च।भयाच्च कपिराजस्य प्राणांस्त्यक्तुं व्यवस्थिताः।। ,"<verse>
अतीते समये चैव हरीशाच्च भयेन च ।
अदृष्ट्वा त्वां कपिश्रेष्ठ प्राणत्यागं प्रकुर्महे ॥
</verse>",False
" ""O Lion among kings, receive this payasam prepared by gods, conferring progeny, bestowing affluence and improving health.  ", सत्यसन्ध महाभाग श्रीमल्लक्ष्मणपूर्वज।।त्वयि धर्मश्च सत्यं च त्वयि सर्वं प्रतिष्ठितम्। ,"<verse>
सत्यव्रत महाभाग लक्ष्मणपूर्वज प्रभो ।
त्वयि सत्यं च धर्मश्च स्थिरं तिष्ठति राघव ॥
</verse>",False
" ""O Lion among kings, receive this payasam prepared by gods, conferring progeny, bestowing affluence and improving health.  ", हनूमानपितेजस्वीलक्ष्मणंरावणार्धितम् ।।आनयद्राघवाभ्याशंबाहुभ्यांपरिगृह्यतम् । ,"<verse>
रावणक्षतगात्रं तं स्कन्धे कृत्वा तु लक्ष्मणम् ।
तेजस्वी हनुमान् वीरः रामाय समुपानयत् ॥
</verse>",False
" ""O Lion among kings, receive this payasam prepared by gods, conferring progeny, bestowing affluence and improving health.  ", जानक्या परुषं वाक्यमेवमुक्तो दशाननः।।जज्वाल सहसा कोपाच्चितास्थ इव पावकः। ,"<verse>
इत्युक्ता जानकीवाचा दशग्रीवः प्रकोपितः ।
चिताग्निरिव जज्वाल क्रोधेन सहसा भृशम् ॥
</verse>",False
" ""O Lion among kings, receive this payasam prepared by gods, conferring progeny, bestowing affluence and improving health.  ", विमानेषुप्रसुस्ताश्चदह्यमानावराङ्गनाः ।त्यक्ताभरणसर्वाङ्गाहाहेत्युच्चैर्विचुक्रुशुः ।। ,"<verse>
दग्धसौधाग्रसुप्तास्ताः हा हा हेति विकातराः ।
त्यक्त्वाभरणजालानि उच्चैश्चुक्रुशुरङ्गनाः ॥
</verse>",False
" ""O Lion among kings, receive this payasam prepared by gods, conferring progeny, bestowing affluence and improving health.  ", पूर्वद्वारेतुलङ्कायानीलोवानरपुङ्गवः ।।प्रहस्तप्रतियोद्धास्याद्वानरैर्बहुभिर्वृतः । ,"<verse>
पूर्वद्वारं तु नीलेन सह सैन्येन वीर्यवान् ।
सम्पीड्य कुरुतां युद्धं प्रहस्तेन बली बली ॥
</verse>",False
" ""O Lion among kings, receive this payasam prepared by gods, conferring progeny, bestowing affluence and improving health.  ", दिष्ट्या न चलितो धर्मादात्मा ते सहलक्ष्मणः।वत्स सत्यप्रतिज्ञो ते सतां लोकमवाप्स्यसि।। ,"<verse>
दिष्ट्या ते धर्मतो बुद्धिर्न च्यवत्यद्य राघव ।
सत्यसन्धः शुभाँल्लोकान् लक्ष्मणेन सहाप्स्यसि ॥
</verse>",False
" ""O Lion among kings, receive this payasam prepared by gods, conferring progeny, bestowing affluence and improving health.  ", अथ हृष्टमना राजा विश्वामित्रं महामुनिम्।।उवाच परमोदारो हृष्टस्तमभिपूजयन्। ,"<verse>
ततः प्रीतः कुबेराभो
राजा दशरथो मुनिम् ।
पूजयामास धर्मज्ञं
हृष्टेनान्तरात्मना ॥
</verse>",False
" ""O Lion among kings, receive this payasam prepared by gods, conferring progeny, bestowing affluence and improving health.  ", सोऽस्त्रमाहारयामासब्राह्ममिन्द्ररिपुस्तदा ।।धनुश्चात्मरथंचैवसर्वंतत्राभ्यमन्त्रयत् । ,"<verse>
सोऽप्यस्त्रविन्महातेजा ब्राह्ममस्त्रं समादधे ।
स्वकं रथं समारोप्य तेन चास्त्रेण संयुतः ॥
</verse>",False
" ""O Lion among kings, receive this payasam prepared by gods, conferring progeny, bestowing affluence and improving health.  ", एवंप्रजायदित्वेषभक्षयिष्यतिनित्यशः ।अचिरेणैवकालेनशून्योलोकोभविष्यति ।। ,"<verse>
यद्येवं भक्षयेद् भूतान्यहोरात्रं स सर्वदा ।
कालेन गच्छता लोकः शून्यः स्याद् भूतवर्जितः ॥
</verse>",False
" ""O Lion among kings, receive this payasam prepared by gods, conferring progeny, bestowing affluence and improving health.  ", सःकृत्वाभ्रुकुटिंक्रुद्धःकिञ्चित्सम्रक्तलोचनः ।।जगामसुमहाक्रोधंनिर्दहन्निवचक्षुषा । ,"<verse>
क्रुद्धो रावणभूपालः भ्रुकुटीकुटिलाननः ।
जगद्दग्धुमिव क्रोधात् रक्तनेत्रो बभूव ह ॥

इत्यार्षे रामायणे वै युद्धकाण्डे महात्मनः ।
त्र्यधिकशततमः सर्गः समाप्तो वाल्मिकीकृते ॥
</verse>",False
" ""O Lion among kings, receive this payasam prepared by gods, conferring progeny, bestowing affluence and improving health.  ", सर्वांसागरपर्यन्तांसशैलवनकाननाम् ।करोम्यवानरांभूमिमाज्ञापयतुमांभवान् ।। ,"<verse>
तवादेशाद् मया राजन् विवानरमिदं जगत् ।
सशैलवनभूपालं ससागरमशेषतः ॥
</verse>",False
" ""O Lion among kings, receive this payasam prepared by gods, conferring progeny, bestowing affluence and improving health.  ", उपास्य तु शिवां सन्ध्यां दृष्ट्वा रात्रिमुपस्थिताम्।रामस्य शयनं चक्रे सूतः सौमित्रिणा सह।। ,"<verse>
सूतः शिवां समाराध्य दृष्ट्वा रात्रिमुपस्थिताम् ।
चकार शयनं सूतः रामलक्ष्मणयोस्तदा ॥
</verse>",False
" ""O Lion among kings, receive this payasam prepared by gods, conferring progeny, bestowing affluence and improving health.  ", राक्षसानां सहस्राणि जनस्थाने चतुर्दश।येनैकेन निरस्तानि स मां किं नाभिपद्यते।। ,"<verse>
चतुर्दशसहस्राणि यो जघानैककः पुरा ।
मां रक्षितुं न चायातः न जाने केन हेतुना ॥
</verse>",False
" ""O Lion among kings, receive this payasam prepared by gods, conferring progeny, bestowing affluence and improving health.  ", अनुमान्य वसिष्ठं च सूतवाक्यं निशम्य च।सान्त:पुरस्सहामात्य: प्रययौ यत्र स द्विज:।।  ,"<verse>
श्रुत्वा सूतवचः प्रीतः वसिष्ठस्यानुशासनात् ।
सदारः ससभ्यश्चैव ऋष्यशृङ्गवनं ययौ ॥
</verse>",False
" ""O Lion among kings, receive this payasam prepared by gods, conferring progeny, bestowing affluence and improving health.  ", नबद् ध्वाभ्रुकुटींवक्त्रेक्रोधस्यवशमागतः ।अमर्षात्परिवृत्ताक्षोमाल्यवन्तमथाब्रवीत् ।। ,"<verse>
ततो रावणसंक्रुद्धः भ्रुकुटिं कुटिलां वहन् ।
व्यावृत्य नयने क्रोधाद् माल्यवन्तमुवाच ह ॥
</verse>",False
" ""O Lion among kings, receive this payasam prepared by gods, conferring progeny, bestowing affluence and improving health.  ", स तमाश्रममासाद्य मुनिभिः प्रतिपूजितः।।तत्रापि न्यवसद्रामः कञ्चित्कालमरिन्दमः। ,"<verse>
आगतं राघवं तत्र शत्रुघ्नं मुनयोऽर्चयन् ।
उषित्वा तत्र चाल्पायुः पर्णशालामसेवत ॥
</verse>",False
" ""O Lion among kings, receive this payasam prepared by gods, conferring progeny, bestowing affluence and improving health.  ", अप्राप्य सदृशान् दाराननपत्यः प्रमीयताम्।अनवाप्य क्रियां धर्म्यां यस्याऽर्योऽनुमते गतः।। ,"<verse>
यन्मतेन गतो भ्राता प्रवासं मे महामनाः ।
भार्यामविन्दन् पुत्रं वा सोऽधर्मान्मृत्युमृच्छतु ॥
</verse>",False
" ""O Lion among kings, receive this payasam prepared by gods, conferring progeny, bestowing affluence and improving health.  ", विनीतैरन्तपालैश्च रक्षोभिश्च सुरक्षितम्।मुख्याभिश्च वरस्त्रीभिः परिपूर्णं समन्ततः।। ,"<verse>
तद् बभूव पुरं रम्यं प्रमदाजनसङ्कुलम् ।
गुप्तं संयतरक्षोभिः राक्षसैश्च सुरक्षितम् ॥
</verse>",False
" ""O Lion among kings, receive this payasam prepared by gods, conferring progeny, bestowing affluence and improving health.  ", किन्नु खल्ववशिष्टं मे कर्तव्यमिह साम्प्रतम्।।यदेषां रक्षसां भूयः सन्तापजननं भवेत्। ,"<verse>
किमन्यदवशिष्टं वै
राक्षसानां प्रबाधने ।
येन ते पीड्यमानाश्च
दुःखं प्राप्स्यन्ति भूयशः ॥
</verse>",False
" ""O Lion among kings, receive this payasam prepared by gods, conferring progeny, bestowing affluence and improving health.  ", यत्राहमपि तेनैव नियुक्तः पुण्यकर्मणा।तत्रैवाहं करिष्यामि पितुरार्यस्य शासनम्।। ,"<verse>
पितुः पुण्यचरित्रस्य पूज्यस्य वचनं तथा ।
अहमप्यनुवर्तिष्ये धर्ममार्गस्थितात्मनः ॥
</verse>",False
" ""O Lion among kings, receive this payasam prepared by gods, conferring progeny, bestowing affluence and improving health.  ", अनपत्योऽस्मि धर्मात्मन् शान्ताभर्ता मम क्रतुम्।आहरेत त्वयाज्ञप्तस्सन्तानार्थं कुलस्य च।।  ,"<verse>
अपुत्रोऽस्मि महाराज शान्ताभर्ता स ऋष्यशृङ्ग्ः।
करोतु पुत्रकामार्थं यज्ञं वंशविवर्धनम् ॥
</verse>",False
" ""O Lion among kings, receive this payasam prepared by gods, conferring progeny, bestowing affluence and improving health.  ", स चतुर्णामुपायानां तृतीयमुपवर्णयन्।भेदयामास तान्सर्वान् वानरान्वाक्यसम्पदा।। ,"<verse>
उपायानां चतुर्णां च तृतीयं भेदमाददे ।
हनूमान् वाक्पटुत्वेन कपीन् भेदेन योजयत् ॥
</verse>",False
" ""O Lion among kings, receive this payasam prepared by gods, conferring progeny, bestowing affluence and improving health.  ", चलं हि यौवनं नित्यं मानुषेषु विशेषत:।अक्षय्यं यौवनं प्राप्ताः अमर्यश्च भविष्यथ।। ,"<verse>
यौवनं चञ्चलं नित्यं विशेषान्मानुषेषु च ।
मया सह विवाहेन देववद् यौवनं लभ ॥
</verse>",False
" ""O Lion among kings, receive this payasam prepared by gods, conferring progeny, bestowing affluence and improving health.  ", ईदृशे वर्तमाने तु तूर्योद्घुष्टनिनादिते।त्रिरग्निं ते परिक्रम्य ऊहुर्भार्यां महौजस:।। ,"<verse>
मङ्गलैस्तूर्यघोषैश्च भ्रातरः सहितास्तदा ।
वधूभिः सह ते वीरास्त्रिः परीत्य हुताशनम् ॥
</verse>",False
" ""O Lion among kings, receive this payasam prepared by gods, conferring progeny, bestowing affluence and improving health.  ", सर्वथा प्राप्स्यसे पुत्रांश्चत्वारोऽमितविक्रमान्।यस्य ते धार्मिकी बुद्धिरियं पुत्रार्थमागता ।। ,"<verse>
यस्मात्ते धर्मचिन्तेयं प्रसूत्यर्थं मनो गता ।
तस्मात्ते चतुरो वीरा भविष्यन्ति महाबलाः ॥
</verse>",False
" ""O Lion among kings, receive this payasam prepared by gods, conferring progeny, bestowing affluence and improving health.  ", अक्षया तु भवेत्प्रीतिश्श्वश्रूश्वशुरयोर्मम।।यदि राज्यं परित्यज्य भवेस्त्वं निरतो मुनिः। ,"<verse>
श्वशुरस्यार्यपुत्र त्वं श्वश्रूणां च सदावहः ।
दद्याः प्रीतिममन्तां हि राज्यत्यागाद्वने वसन् ॥
</verse>",False
" ""O Lion among kings, receive this payasam prepared by gods, conferring progeny, bestowing affluence and improving health.  ", रावणं सर्वभूतानां सर्वलोकभयावहम्।राक्षसी भ्रातरं शूरं सा ददर्श महाबलम्।। ,"<verse>
ततः शूर्पणखा दीना रावणं लोकरावणम् ।
ददर्श वीर्यसम्पन्नं भ्रातरं भीमविक्रमम् ॥
</verse>",False
" ""O Lion among kings, receive this payasam prepared by gods, conferring progeny, bestowing affluence and improving health.  ", मृगं हत्वाऽऽनय क्षिप्रं लक्ष्मणेह शुभेक्षण।कर्तव्य श्शास्त्रदृष्टो हि विधिर्धर्ममनुस्मर।। ,"<verse>
मृगं हत्वाऽऽनय क्षिप्रं लक्ष्मणेह शुभेक्षण ।
कर्तव्यः शास्त्रदृष्टो हि विधिर्धर्ममनुस्मर ॥
</verse>",False
" ""O Lion among kings, receive this payasam prepared by gods, conferring progeny, bestowing affluence and improving health.  ", यस्तुदोषस्त्वयाप्रोक्तोह्यादानेऽरिबलस्यच ।तत्रतेकीर्तयिष्यामियथाशास्त्रमिदंशृणु ।। ,"<verse>
यदुक्तं रिपुसाहाय्ये शास्त्रदृष्टं मयोच्यते ।
रिपुशक्तिग्रहे चैव शृणु तत्त्वं ब्रवीमि ते ॥
</verse>",False
" ""O Lion among kings, receive this payasam prepared by gods, conferring progeny, bestowing affluence and improving health.  ", लङ्घनार्थंचघोरस्यसमुद्रस्यनदींपतेः ।सहास्माभिरिहोपेतस्सूक्ष्मबुद्धिर्विचारय ।। ,"<verse>
सूक्ष्मबुद्धिधरस्त्वं हि नदीनां पतिमुग्रकम् ।
तर्तुमुपायमन्विच्छ घोरं सागरमर्णवम् ॥
</verse>",False
" ""O Lion among kings, receive this payasam prepared by gods, conferring progeny, bestowing affluence and improving health.  ", यदीतः प्रतिगच्छामि सीतामनधिगम्य ताम्।।अङ्गदस्सह तैस्सर्वैर्वानरैर्न भविष्यति। ,"<verse>
अदृष्ट्वा जनकात्मजां निवर्तेऽहं विना तया ।
अङ्गदप्रमुखाः सर्वे प्राणांस्त्यक्ष्यन्ति वानराः ॥
</verse>",False
" ""O Lion among kings, receive this payasam prepared by gods, conferring progeny, bestowing affluence and improving health.  ", ये दूषयन्त्यदुष्टं मां तप उग्रं समास्थितम्।भस्मीभूता दुरात्मानो भविष्यन्ति न संशय:।।  ,"<verse>
निःपापोऽहं तपस्वी च तप्तं मे सुमहत् तपः ।
ये मां निन्दन्ति दुर्बुद्ध्या भस्मीभूता भवन्तु ते ॥
</verse>",False
" ""O Lion among kings, receive this payasam prepared by gods, conferring progeny, bestowing affluence and improving health.  ", नहिरामंतदाकश्चित्कालान्तकयमोपमम् ।अनुनेतुमथोवक्तुंद्रष्टुंवाप्यशकत्सुहृत् ।। ,"<verse>
न द्रष्टुं न च पृच्छितुं न चापि प्रियभाषकः ।
न शक्तः सान्त्वितुं कश्चित् तदा रामं सुहृज्जनः ॥
</verse>",False
" ""O Lion among kings, receive this payasam prepared by gods, conferring progeny, bestowing affluence and improving health.  ", अद्य शोकरसज्ञास्ता भविष्यन्ति निरर्थकाः।अनुरूपकुलाः पत्न्यो यासां त्वं पतिरीदृशः।। ,"<verse>
कुले जाताः स्त्रियस्ते तु त्वत्समानपतिप्रियाः ।
अद्य दुःखं प्रप्स्यन्ति ह्यपराधेन विना हि ताः ॥
</verse>",False
" ""O Lion among kings, receive this payasam prepared by gods, conferring progeny, bestowing affluence and improving health.  ", तस्मिन् काले स धर्मात्मालक्ष्मणोराममब्रवीत् ।।कुम्भकर्णवधेयुक्तोयोगान् परिमृशन्बहून् । ,"<verse>
तदा कुम्भकर्णघ्नमुपायं चिन्तयन् बहु ।
धर्मात्मा लक्ष्मणो वीरः रामं वचनमब्रवीत् ॥
</verse>",False
" ""O Lion among kings, receive this payasam prepared by gods, conferring progeny, bestowing affluence and improving health.  ", एष वै सुमहाञ्छ्रीमान्विटपी सम्प्रकाशते।विराजत्युद्गतस्कन्धं कोविदारध्वजो रथे।। ,"<verse>
तत्र तस्मिन् रथे भाति
कोविदारध्वजो महान् ।
विपुलोच्छ्रितवृक्षोऽसौ
दीप्तश्चामीकरप्रभः ॥
</verse>",False
" ""O Lion among kings, receive this payasam prepared by gods, conferring progeny, bestowing affluence and improving health.  ", पश्चिमेनतुरामस्यसुषेणःसहजाम्बवान् ।।आदूरान्मध्यमेगुल्मेतस्थौबहुबलानुगः । ,"<verse>
सुषेणो जाम्बवांश्चैव महावानरसेनया ।
रामाज्ञया स्थिता मध्ये पश्चिमे नातिदूरतः ॥
</verse>",False
" ""O Lion among kings, receive this payasam prepared by gods, conferring progeny, bestowing affluence and improving health.  ", जघनं तव निर्घुष्टं रशनादामशोभितम्।।जङ्घे भृशमुपन्यस्ते पादौ चाप्यायतावुभौ। ,"<verse>
क्वणत्काञ्च्या च ते श्रोणी
शोभते सुदृढौ जङ्घे
</verse>",False
" ""O Lion among kings, receive this payasam prepared by gods, conferring progeny, bestowing affluence and improving health.  ", एवमुक्तस्तुसौमित्रिरभ्यषिञ्चद्विभीषणम् ।मध्येवानरमुख्यानांराजानंरामशासनात् ।। ,"<verse>
इत्युक्त्वा राघवे तस्मिन् रामाज्ञया स सौमित्रिः ।
मध्ये वानरवीराणां राज्येऽषिञ्चद् विभीषणम् ॥
</verse>",False
" ""O Lion among kings, receive this payasam prepared by gods, conferring progeny, bestowing affluence and improving health.  ", अहो क्षुद्रेण वाऽनेन रक्षन्ती शीलमात्मनः।।अबन्धुर्भक्षिता सीता रावणेन तपस्विनी। ,"<verse>
हा हता बन्धुहीना सा रक्षन्ती शीलमातुरा ।
क्रूरेण रावणेनाद्य भक्षिता स्यादनाथवत् ॥
</verse>",False
" ""O Lion among kings, receive this payasam prepared by gods, conferring progeny, bestowing affluence and improving health.  ", तव देव प्रसादाच्च भ्रातुश्च जयतां वर।कृतं न प्रतिकुर्याद्यः पुरुषाणां स दूषकः।। ,"<verse>
यत्प्रसादात्कृतं कार्यं तव चैव सहोदरैः ।
तदप्रतिकृतं येन स वै मनुजपांसनः ॥
</verse>",False
" ""O Lion among kings, receive this payasam prepared by gods, conferring progeny, bestowing affluence and improving health.  ", तथैव क्रोशतस्तस्य भरतस्य महात्मनः।कौसल्या शब्दमाज्ञाय सुमित्रामिदमब्रवीत्।। ,"<verse>
रुदतस्तस्य शब्देन ज्ञात्वा कौसल्या स्वरम् ।
भरतस्य महाभागा सुमित्रां प्रत्यभाषत ॥
</verse>",False
" ""O Lion among kings, receive this payasam prepared by gods, conferring progeny, bestowing affluence and improving health.  ", परिवृत्य च धर्मज्ञो राघवस्सह सीतया।।सुतीक्ष्णस्याश्रमं श्रीमान्पुनरेवाजगाम ह। ,"<verse>
रामः प्रदक्षिणं कृत्वा धर्मज्ञो करुणालयः ।
सीतया सह धर्मात्मा सुतीक्ष्णाश्रममागमत् ॥
</verse>",False
" ""O Lion among kings, receive this payasam prepared by gods, conferring progeny, bestowing affluence and improving health.  ", दिव्या पुण्योदका रम्या हिमवन्तमुपाश्रिता।लोकस्य हितकामार्थं प्रवृत्ता भगिनी मम।। ,"<verse>
दिव्यतोया शुभा चैव कौशिकी हिमवच्छ्रिता ।
नृणां भोगप्रदा देवी परलोकप्रदायिनी ॥
</verse>",False
" ""O Lion among kings, receive this payasam prepared by gods, conferring progeny, bestowing affluence and improving health.  ", अभिवाद्य तु धर्मात्मा तस्थौ रामः कृताञ्जलिः। सीतया सह वैदेह्या तदा रामः सलक्ष्मणः।।  ,"<verse>
तदा ससीतरामश्च सौमित्रिणा समन्वितः ।
वैदेही च महाभागा प्रणम्य प्राञ्जलीकृतः ॥
</verse>",False
" ""O Lion among kings, receive this payasam prepared by gods, conferring progeny, bestowing affluence and improving health.  ", महावातसमुद्धूतं यन्मामपकरिष्यति।रजो रमण तन्मन्ये परार्थ्यमिव चन्दनम्।। ,"<verse>
ममाङ्गे लग्नमुद्धूतं वातेन राम सुन्दर ।
चन्दनं परमं श्लाघ्यं मन्येऽहं त्वत्प्रसादतः ॥
</verse>",False
" ""O Lion among kings, receive this payasam prepared by gods, conferring progeny, bestowing affluence and improving health.  ", शुश्राव च वचस्तेषां बृन्दं बृन्दं च तिष्ठताम्। हतास्म खलु ये नेह पश्याम इति राघवम्।। ,"<verse>
संघशः संप्रयातांस्तान् ब्रुवतो राघवं प्रति ।
न द्रक्ष्यामो वयं रामं विना रामं हता वयम् ॥
</verse>",False
" ""O Lion among kings, receive this payasam prepared by gods, conferring progeny, bestowing affluence and improving health.  ", बालेव रमते सीताऽबालचन्द्रनिभानना।रामा रामे ह्यधीनात्मा विजनेऽपि वने सती।। ,"<verse>
पूर्णचन्द्रमुखी सीता रामार्पितमनस्तथा ।
विपिनं निर्जनं रम्यं क्रीडन्तीव प्रहृष्यति ॥
</verse>",False
" ""O Lion among kings, receive this payasam prepared by gods, conferring progeny, bestowing affluence and improving health.  ", सोऽयमर्थंपरित्यज्यसुखकामःसुखैधितः ।पापमारभतेकर्तुंतदादोषःप्रवर्तते ।। ,"<verse>
त्यक्त्वा वित्तं सुखी भूत्वा यः सुखं पुनरिच्छति ।
कृत्वा पापानि कर्माणि स मूढो भ्रमते सदा ॥
</verse>",False
" ""O Lion among kings, receive this payasam prepared by gods, conferring progeny, bestowing affluence and improving health.  ", ये त्वया दण्डकारण्ये भक्षिता धर्मचारिणः।तानद्य निहतस्सङ्ख्ये ससैन्योऽनुगमिष्यसि।। ,"<verse>
अद्य मद्रणहतो भूत्वा ससैन्यस्त्वं गमिष्यसि।
तान् लोकान् ये त्वया भक्ष्या दण्डकारण्यवासिनः॥
</verse>",False
" ""O Lion among kings, receive this payasam prepared by gods, conferring progeny, bestowing affluence and improving health.  ", महाबाहुं महोरस्कं सिंहविक्रान्तगामिनम्।नृसिंहं सिंहसङ्काशमहं राममनुव्रता।। ,"<verse>
मत्तवारणगामी च सिंहविक्रान्तविक्रमः ।
महाबाहुर्महोरस्कः पतिर्मे राघवः प्रभुः ॥
</verse>",False
" ""O Lion among kings, receive this payasam prepared by gods, conferring progeny, bestowing affluence and improving health.  ", निर्वृत्ते तु क्रतौ तस्मिन्हयमेधे महात्मन:।प्रतिगृह्य सुरा भागान्प्रतिजग्मुर्यथागतम्।। ,"<verse>
कृते दशरथेनेत्थं महायज्ञे महात्मना ।
हविर्भागं गृहीत्वा वै देवा जग्मुर्यथागतम् ॥
</verse>",False
" ""O Lion among kings, receive this payasam prepared by gods, conferring progeny, bestowing affluence and improving health.  ", न गन्तव्यं वनं देव्या सीतया शीलवर्जिते।अनुष्ठास्यति रामस्य सीता प्रकृतमासनम्।। ,"<verse>
कैकेयि विगताचारा न सीता वनमर्हति ।
इहैव सा वसेद्राज्ये रामस्य परिकल्पिते ॥
</verse>",False
" ""O Lion among kings, receive this payasam prepared by gods, conferring progeny, bestowing affluence and improving health.  ", इममाश्रममागम्य मृगसङ्घा महायशः।अहत्वा प्रतिगच्छन्ति लोभयित्वाऽकुतोभयाः।। ,"<verse>
इमे मृगगणा राम समन्तादकुतोभयाः ।
क्रीडन्तः प्रविचरन्ति तपोवनमनोहराः ॥
</verse>",False
" ""O Lion among kings, receive this payasam prepared by gods, conferring progeny, bestowing affluence and improving health.  ", ततो रामस्य सत्कृत्य विधिना पावकोपमाः।आजह्रुस्ते महाभागाः सलिलं धर्मचारिणः।। ,"<verse>
ते तु पावकसंकाशा महर्षयो धर्मविदः ।
अर्चयामासुरालोक्य तोयेन विधिपूर्वकम् ॥
</verse>",False
" ""O Lion among kings, receive this payasam prepared by gods, conferring progeny, bestowing affluence and improving health.  ", पतादानवराजोमेभर्तामेराक्षसेश्वरः ।।पुत्रोमेशक्रनिर्जेताइत्यहंगर्विताभृशम् । ,"<verse>
पिता दानवराजो मे भर्ता राक्षसनायकः ।
पुत्रो मे शक्रजेता च इत्यहं दर्पिता भृशम् ॥
</verse>",False
" ""O Lion among kings, receive this payasam prepared by gods, conferring progeny, bestowing affluence and improving health.  ", तदतिक्रम्य काकुत्स्थ वनं पुष्पितपादपम्।।नन्दनप्रतिमं चान्यत्कुरवो ह्युत्तरा इव। ,"<verse>
ततः परं ककुत्स्थेश वनं द्रक्ष्यसि पुष्पितम् ।
उत्तरं कुरुदेशं तत् नन्दनोपमवृक्षकम् ॥
</verse>",False
" ""O Lion among kings, receive this payasam prepared by gods, conferring progeny, bestowing affluence and improving health.  ", धर्मज्ञस्य कृतज्ञस्य सङ्ग्रामेष्वनिवर्तिनः।उपपन्नं च युक्तं च सुग्रीव तव भाषितम्।। ,"<verse>
धर्मज्ञः सुमहाभाग कृतज्ञो न निवर्तसे ।
तस्मात्त्वत्सदृशं वाक्यमुक्तं सत्यं सुग्रीव ते ॥
</verse>",False
" ""O Lion among kings, receive this payasam prepared by gods, conferring progeny, bestowing affluence and improving health.  ", यत्त्वयोक्तं विनष्टानामहमश्रुप्रमार्जनम्।राक्षसानां करोमीति मिथ्या तदपि ते वचः।। ,"<verse>
हतानां रक्षसां बाष्पं प्रमार्क्ष्यामीत्यभाषथाः ।
तदिदं ते वचो देव मिथ्या संप्रति संवृत्तम् ॥
</verse>",False
" ""O Lion among kings, receive this payasam prepared by gods, conferring progeny, bestowing affluence and improving health.  ", यथा मयि तु निष्क्रान्ते पुत्रशोकेन पार्थिवः।श्रमं नावाप्नुयात्किञ्चिदप्रमत्ता तथा कुरु।। ,"<verse>
मत्प्रयाणात्परं भूपो यथा शोकेन पीड्यते ।
मयि स्वर्गं गते तात यथा क्लिश्येत न क्वचित् ॥
</verse>",False
" ""O Lion among kings, receive this payasam prepared by gods, conferring progeny, bestowing affluence and improving health.  ", अहं पुत्रसहाया त्वामुपासे गतचेतसम्।सिंहेन निहतं सद्यो गौस्सवत्सेव गोवृष।। ,"<verse>
नर्दन्तं महिषं सङ्ख्ये शूरं सिंहनिपातितम् ।
अनुगच्छति वत्सेव मयैवाङ्गदपुत्रिणी ॥
</verse>",False
" ""O Lion among kings, receive this payasam prepared by gods, conferring progeny, bestowing affluence and improving health.  ", एभिरेव घटै स्सर्वैरभिषेचनसम्भृतैः।मम लक्ष्मण तापस्ये व्रतस्नानं भविष्यति।। ,"<verse>
एतैरेव घटैश्चापि
मङ्गलैरभिषेचनैः।
तपोदीक्षां प्रवेक्ष्यामि
लक्ष्मणाद्य वने वसन्॥
</verse>",False
" ""O Lion among kings, receive this payasam prepared by gods, conferring progeny, bestowing affluence and improving health.  ", तं दृष्ट्वा वदनान्मुक्तं चन्द्रं राहुमुखादिव।अब्रवीत्सुरसा देवी स्वेन रूपेण वानरम्।। ,"<verse>
मुखान्निर्गतं दृष्ट्वा राहुमुक्तमिवोडुपम् ।
स्ववपुः सङ्गृहीत्वा सा हनूमन्तमथाब्रवीत् ॥
</verse>",False
" ""O Lion among kings, receive this payasam prepared by gods, conferring progeny, bestowing affluence and improving health.  ", ताश्च तं पतितं भूमौ रुदन्त्यः पर्यवारयन्।कौसल्या त्वनुसृत्यैनं दुर्मनाः परिषस्वजे।। ,"<verse>
रुरुदुस्तं समागत्य भरतं पतितं भुवि ।
कौसल्या चापि तं दृष्ट्वा दीना तमभिषस्वजे ॥
</verse>",False
" ""O Lion among kings, receive this payasam prepared by gods, conferring progeny, bestowing affluence and improving health.  ", लोकक्षयकरंभीमंभयंपश्याम्युपस्थितम् ।निबर्हणंप्रवीराणामृक्षवानररक्षसाम् ।। ,"<verse>
ऋक्षवानररक्षसां घोरं पश्यामि वै क्षयम् ।
महाभयं प्रपश्यामि उपस्थितमरिन्दम ॥
</verse>",False
" ""O Lion among kings, receive this payasam prepared by gods, conferring progeny, bestowing affluence and improving health.  ", तं क्षिप्रमभिधाव त्वं भ्रातरं शरणैषिणम्।।रक्षसां वशमापन्नं सिंहानामिव गोवृषम्। ,"<verse>
सिंहग्रस्तवृषो यद्वद् रक्षोभिः पीडितस्तव ।
रक्षां याचति ते भ्राता शीघ्रं धाव त्वमन्तिकम् ॥
</verse>",False
" ""O Lion among kings, receive this payasam prepared by gods, conferring progeny, bestowing affluence and improving health.  ", विगर्हितं च नीचं च कथमार्योऽभिधास्यति।त्राहीति वचनं सीते यस्त्रायेत्रिदशानपि।। ,"<verse>
यः समर्थो हि देवानां त्रातुं स कथमब्रवीत् ।
दीनवाक्यमयोग्यं च त्रायस्व मामिति ब्रुवन् ॥
</verse>",False
" ""O Lion among kings, receive this payasam prepared by gods, conferring progeny, bestowing affluence and improving health.  ", नागानां मथ्यमानानामसुराणां च राघव ।राक्षसानां च दुर्धर्षस्सत्त्वानां निनदोऽभवत्।। ,"<verse>
मथ्यमाने तदा भूमौ राघव सर्वजन्तुषु ।
नागासुरपिशाचानां शब्दो घोरो बभूव ह ॥
</verse>",False
" ""O Lion among kings, receive this payasam prepared by gods, conferring progeny, bestowing affluence and improving health.  ", निरुत्साहस्यदीनस्यशोकपर्याकुलात्मनः ।सर्वार्थाव्यवसीदन्तिव्यसनंचाधिगच्छति ।। ,"<verse>
विषण्णो दीनचित्तश्च शोकाकुलितमानसः ।
सर्वार्थेष्ववसीदेत चिन्तया च विनश्यति ॥
</verse>",False
" ""O Lion among kings, receive this payasam prepared by gods, conferring progeny, bestowing affluence and improving health.  ", इदंतद्ब्रह्मणोघोरंवाक्यंमामभ्युपस्थितम् ।मानुषेभ्योविजानीहिभयंत्वमितितत्तथा ।। ,"<verse>
ब्रह्मणा यद्वचः प्रोक्तं घोरं मम पुरा विभो ।
मानुषेभ्यो भयं प्राप्तं तदिदं सत्यमद्य मे ॥
</verse>",False
" ""O Lion among kings, receive this payasam prepared by gods, conferring progeny, bestowing affluence and improving health.  ", तदिदं घोरसङ्काशं जामदग्न्यं महद्धनु:।पूरयस्व शरेणैव स्वबलं दर्शयस्व च।। ,"<verse>
इदं च रौद्रं बलवद् धनुर्जामदग्न्यं महत् ।
शरेण योजयस्वेदमभितो दर्शय स्वबलम् ॥
</verse>",False
" ""O Lion among kings, receive this payasam prepared by gods, conferring progeny, bestowing affluence and improving health.  ", संरक्तनयनः श्रीमान्विचचाल कृताञ्जलिः।बभूवावस्थितस्तत्र कल्पवृक्षो महानिव।। ,"<verse>
मद-रक्त-क्षणः श्रीमान् कल्प-वृक्ष इवाकम्पत ।
लक्ष्मणाय प्रणामाञ्जलिं बबन्ध सः ॥
</verse>",False
" ""O Lion among kings, receive this payasam prepared by gods, conferring progeny, bestowing affluence and improving health.  ", शुशुभे स महातेजा महाकायो महाकपिः।वायुमार्गे निरालम्बे पक्षवानिव पर्वतः।। ,"<verse>
महाकायो महातेजाः स पक्षीव महीधरः ।
विहायसा प्रयात्येव निरालम्बो हरीश्वरः ॥
</verse>",False
" ""O Lion among kings, receive this payasam prepared by gods, conferring progeny, bestowing affluence and improving health.  ", तच्छरीरं कबन्धस्य घृतपिण्डोपमं महत्।मेदसा पच्यमानस्य मन्दं दहति पावकः।। ,"<verse>
दह्यमानं च तद्वपुः।
मेदःपिण्डोपमं महत्॥
</verse>",False
" ""O Lion among kings, receive this payasam prepared by gods, conferring progeny, bestowing affluence and improving health.  ", कृतमप्रतिमंकर्मदर्शितंचास्त्रकौशलम् ।पातिताहरिवीराश्चत्वयावैभीमविक्रमाः ।। ,"<verse>
असमं कर्मणा तेन शस्त्रवीर्यं प्रदर्शितम् ।
पातिता हरिवीराश्च महावीर्या भयानकाः ॥
</verse>",False
" ""O Lion among kings, receive this payasam prepared by gods, conferring progeny, bestowing affluence and improving health.  ", स कक्ष्या धन्विभिर्गुप्तास्तिस्रोऽतिक्रम्य वाजिभिः।।पदातिरपरे कक्ष्ये द्वे जगाम नरोत्तमः।  ,"<verse>
हयारूढधनुर्धरैः रक्षितास्तिस्र आत्यगात् ।
पद्भ्यामेव हि रामेन्द्रः द्वे च शिष्टे जगाम सः ॥
</verse>",False
" ""O Lion among kings, receive this payasam prepared by gods, conferring progeny, bestowing affluence and improving health.  ", अतिकायेनसौमित्रिस्ताडितोयुधिवक्षसि ।।सुस्रावरुधिरंतीव्रंमदंमत्तइवद्विपः । ,"<verse>
अतिकायशरेणोरः सौमित्रेर्निहतं रणे ।
सुस्राव रुधिरं तस्मादमदं मत्तगजादिव ॥
</verse>",False
" ""O Lion among kings, receive this payasam prepared by gods, conferring progeny, bestowing affluence and improving health.  ", अन्तरिक्षंनिरीक्षन्तोदिशस्सर्वाश्चवानराः ।नचैनंमाययाछन्नंददृशूरावणिःरणे ।। ,"<verse>
मार्गमाणा नभे चैव रणे च हरियूथपाः ।
मायाविनं न पश्यन्ति शक्रजितं महाबलम् ॥
</verse>",False
" ""O Lion among kings, receive this payasam prepared by gods, conferring progeny, bestowing affluence and improving health.  ", ते वयं प्रच्युता राज्यात्कैकेय्यास्तु कृते त्रयः।।विचरामो द्विजश्रेष्ठ वनं गम्भीरमोजसा। ,"<verse>
कैकेयीकारणाद् राज्याद् भ्रष्टाः स्म विपिने घने ।
त्रयो वयं चरामोऽत्र धैर्येण द्विजसत्तम ॥
</verse>",False
" ""O Lion among kings, receive this payasam prepared by gods, conferring progeny, bestowing affluence and improving health.  ", तन्न शक्ष्याम्यहं गन्तुमयोध्यां त्वदृतेऽनघ।वनवासानुयानाय मामनुज्ञातुमर्हसि।। ,"<verse>
तस्मादहं त्वया हीनो न यास्यामि पुरीं पुनः ।
अनुज्ञां देहि मे राम वनवासे सहागमम् ॥
</verse>",False
" ""O Lion among kings, receive this payasam prepared by gods, conferring progeny, bestowing affluence and improving health.  ", भूताश्चार्था विनश्यन्ति देशकालविरोधिताः।।विक्लबं दूतमासाद्य तमः सूर्योदये यथा। ,"<verse>
अदेशकालसम्प्राप्ता नश्यन्ति मन्त्रसंविधः ।
व्याकुलेन हि दूतेन ध्वान्तं सूर्योदये यथा ॥
</verse>",False
" ""O Lion among kings, receive this payasam prepared by gods, conferring progeny, bestowing affluence and improving health.  ", विप्रस्थितेषु देवेषु विश्वामित्रो महामुनि:।ऊर्ध्वबाहुर्निरालम्बो वायुभक्षस्तपश्चरन्।। ,"<verse>
प्रयातेषु सुरेष्वाशु विश्वामित्रो महातपाः ।
ऊर्ध्वबाहुर्निरालम्बः प्राणाधारो व्यतिष्ठत ॥
</verse>",False
" ""O Lion among kings, receive this payasam prepared by gods, conferring progeny, bestowing affluence and improving health.  ", शीघ्रंयास्यामिदेवेन्द्रसारथ्यं च करोम्यहम् ।।ततोहयैश्चसम्योज्यहरितैःस्यन्दनोत्तमम् । ,"<verse>
हरित्पतेः प्रयातस्य सारथ्यं वै करोम्यहम् ।
इत्युवाच ततः सूतो देवेन्द्रस्य यथाविधि ॥
</verse>",False
" ""O Lion among kings, receive this payasam prepared by gods, conferring progeny, bestowing affluence and improving health.  ", चिरं खलु मया पापे त्वं पापेनाभिरक्षिता। अज्ञानादुपसम्पन्ना रज्जुरुद्बन्धिनी यथा।। ,"<verse>
पालितोऽसि मया मन्दमूर्खेण सुचिरं खला ।
रज्जुः कण्ठे यथा पाशः रक्षितात्मविनाशिका ॥
</verse>",False
" ""O Lion among kings, receive this payasam prepared by gods, conferring progeny, bestowing affluence and improving health.  ", नाहमौपयिकी भार्या परभार्या सती तव।।साधु धर्ममवेक्षस्व साधु साधुव्रतं चर। ,"<verse>
न चाहं तव भार्या स्यां परपत्नी पतिव्रता ।
धर्मं समीक्ष्य राजंस्त्वं साधुवृत्तं समाचर ॥
</verse>",False
" ""O Lion among kings, receive this payasam prepared by gods, conferring progeny, bestowing affluence and improving health.  "," वयमस्य यथा लोके सङ्ख्याता: सौम्य साधुभिः।

भार्याः पुत्राश्च शिष्याश्च त्वमनुज्ञातुमर्हसि।।
  ","<verse>
दाराः पुत्राश्च शिष्याश्च धर्मेण प्रतिपालिताः ।
तथास्मान् पालय प्राज्ञ यथार्हसि सुलोचन ॥
</verse>",False
" ""O Lion among kings, receive this payasam prepared by gods, conferring progeny, bestowing affluence and improving health.  ", तस्यास्फोटितशब्देन महता श्रोत्रघातिना।पेतुर्विहङ्गमास्तत्र चैत्यपालाश्च मोहिताः।। ,"<verse>
तलशब्देन भीमेन निपेतुरूर्ध्वगा भुवि ।
सौधरक्षकवर्गाश्च मोहं गता विचेतनाः ॥
</verse>",False
" ""O Lion among kings, receive this payasam prepared by gods, conferring progeny, bestowing affluence and improving health.  ", न शशाकरुजंकर्तुंयुधितस्यनरोत्तमः ।अथैनमभ्युपागम्यवायुर्वाक्यमुवाच ह ।। ,"<verse>
वायुरागम्य सौमित्रिं लक्ष्मणं पुरुषर्षभम् ।
उवाच समरे जेतुं हन्तुं चापि न शक्यते ॥
</verse>",False
" ""O Lion among kings, receive this payasam prepared by gods, conferring progeny, bestowing affluence and improving health.  ", गमिष्याम्यहमेकाकीतिष्ठत्विहबलंमम ।।अद्यतान् क्षुभितान् क्रुद्धोभक्षयिष्यामिवानरान् । ,"<verse>
क्रुद्धः कुम्भकर्णोऽब्रवीद् गमिष्याम्यहमेव हि ।
तिष्ठत्वत्र बलं सर्वं भक्षयामि रिपूनहम् ॥
</verse>",False
" ""O Lion among kings, receive this payasam prepared by gods, conferring progeny, bestowing affluence and improving health.  ", वेपमानमिव श्यामैः कम्पमानैश्शरद्वनैः।वेणुभिर्मारुतोद्धूतैः कूजन्तमिव कीचकैः।। ,"<verse>
सकाले शारदैर्मेघैः कम्पितस्त्वभवद्गिरिः ।
वेणुरन्ध्रप्रविष्टेन वायुना मधुरः स्वनः ॥
</verse>",False
" ""O Lion among kings, receive this payasam prepared by gods, conferring progeny, bestowing affluence and improving health.  ", राजपत्न्यश्च गच्छन्त्यो मन्दं मन्दाकिनीं प्रति।ददृशु स्तत्र तत् तीर्थं रामलक्ष्मणसेवितम्।। ,"<verse>
मन्दाकिनीं ययुः सत्यो राजपल्यः शनैः शनैः ।
रामलक्ष्मणसंसेव्यं तीर्थं ता ददृशुस्ततः ॥
</verse>",False
" ""O Lion among kings, receive this payasam prepared by gods, conferring progeny, bestowing affluence and improving health.  ", येत्वन्येराक्षसाभीमारामस्याभिमुखेस्थिताः ।।तेऽपिनष्टाःसमासाद्यपतङ्गाइवपावकम् । ,"<verse>
रघुवीरस्य ये पूर्वे तिष्ठन्ति स्म रणाजिरे ।
विनेशुः सहसा घोराः पावके शलभा इव ॥
</verse>",False
" ""O Lion among kings, receive this payasam prepared by gods, conferring progeny, bestowing affluence and improving health.  ", रावणोऽपिमहातेजास्तंच्छृङ्गंसप्तभिःशरैः ।आजघानसुतीक्ष्णाग्रैस्तद्विकीर्णंपपातह ।। ,"<verse>
नीलमुक्तं महाशृङ्गं रावणो निशितैः शरैः ।
सप्तभिः सायकैस्तीक्ष्णैस्तद्विदीर्णं पपात ह ॥
</verse>",False
" ""O Lion among kings, receive this payasam prepared by gods, conferring progeny, bestowing affluence and improving health.  ", दिलीपस्तु महातेजा यज्ञैर्बहुभिरिष्टवान्।त्रिंशद्वर्षसहस्राणि राजा राज्यमकारयत्।। ,"<verse>
दिलीपो भूपतिः श्रीमान् शशास मेदिनीमिमाम् ।
त्रिंशद्वर्षसहस्राणि कृत्वा यज्ञान् बहून् नृपः ॥
</verse>",False
" ""O Lion among kings, receive this payasam prepared by gods, conferring progeny, bestowing affluence and improving health.  ", विषमुद्बन्धनं वापि प्रवेशं ज्वलनस्य वा।।उपवासमथो शस्त्रं प्रचरिष्यन्ति वानराः। ,"<verse>
विषेण वा विभक्तव्याः प्रवेक्ष्यन्ति हुताशनम्।
उपवासेन वा प्राणांस्त्यक्ष्यन्ति हरियूथपाः॥
</verse>",False
" ""O Lion among kings, receive this payasam prepared by gods, conferring progeny, bestowing affluence and improving health.  ", अस्मिंस्तु पुरुषव्याघ्रः काले दुःखसमन्वितः।तपश्चरति धर्मात्मा त्वद्भक्त्या भरतः पुरे।। ,"<verse>
अस्मिन् काले तु धर्मात्मा भरतो मनुजेश्वरः ।
त्वद्भक्त्या दुःखितो नूनं तपस्तप्यति दुष्करम् ॥
</verse>",False
" ""O Lion among kings, receive this payasam prepared by gods, conferring progeny, bestowing affluence and improving health.  ", न हि तावद्गुणैर्जुष्टं सर्वशास्त्रविशारदम्।एकपुत्रा विना पुत्रमहं जीवितुमुत्सहे।। ,"<verse>
सर्वशास्त्रप्रवीणो यः सर्वकल्याणसंयुतः ।
विना तमेकपुत्रं मे जीवितं नैव शक्यते ॥
</verse>",False
" ""O Lion among kings, receive this payasam prepared by gods, conferring progeny, bestowing affluence and improving health.  ", पीत्वाघटसहस्रेद्वेगमनायोपचक्रमे ।ईषत्समुत्कटोमत्तस्तेजोबलसमन्वितः ।। ,"<verse>
सुराघटसहस्रे द्वे पीत्वा वै कुम्भकर्णकः ।
मदमत्तो बलश्लाघी वीर्यवान्प्रस्थितस्तदा ॥
</verse>",False
" ""O Lion among kings, receive this payasam prepared by gods, conferring progeny, bestowing affluence and improving health.  ", उपकारं कृतं वीरो नाप्ययं विस्मृतः कपिः।रामेण वीर सुग्रीवो यदन्यैर्दुष्करं रणे।। ,"<verse>
न विस्मृतो महाबाहो सुग्रीवेण रणे जयः ।
कृतामुपकृतिं वीर दुर्जये समरे पुरा ॥
</verse>",False
" ""O Lion among kings, receive this payasam prepared by gods, conferring progeny, bestowing affluence and improving health.  ", कर्तारमपि लोकानां शूरं करुणवेदिनम्।।अज्ञानादवमन्येरत्सर्वभूतानि लक्ष्मण। ,"<verse>
स्रष्टापि जगतां सौम्य सर्वलोकहितङ्करः ।
अवज्ञास्यति लोकैस्तु विपरीतप्रवर्तने ॥
</verse>",False
" ""O Lion among kings, receive this payasam prepared by gods, conferring progeny, bestowing affluence and improving health.  ", तेपरांश्चविनिघ्नन्तःस्वांश्चवानरराक्षसाः ।।रुधिरार्द्रांतदाचक्रुर्महींपङ्कानुलेपनाम् । ,"<verse>
न विज्ञाय परं स्वं वा हरयो राक्षसास्तथा ।
रुधिरेण महीं पङ्कां छन्दयामासुरूर्वरीम् ॥
</verse>",False
" ""O Lion among kings, receive this payasam prepared by gods, conferring progeny, bestowing affluence and improving health.  ", रणे रामेण युद्ध्यस्व क्षमां वा कुरु राक्षस ।न ते रामकथा कार्या यदि मां द्रष्टुमिच्छसि  ।। ,"<verse>
शून्यं मे हृदयं भाति त्वद्वियोगेन सर्वदा।
स्मरामि त्वां सदा कान्ते न चैनं सहसा सहे॥
</verse>",False
" ""O Lion among kings, receive this payasam prepared by gods, conferring progeny, bestowing affluence and improving health.  ", गोलाङ्गूलांश्च शार्दूली व्याघ्रांश्चाजनयत्सुतान्।दिशागजांश्च काकुत्स्थ श्वेताप्यजनयत्सुतान्।। ,"<verse>
शार्दूली जनयामास व्याघ्रान् द्वीपिन एव च ।
गोलाङ्गूलांश्च सिंहांश्च श्वेता जनयते गजान् ॥
</verse>",False
" ""O Lion among kings, receive this payasam prepared by gods, conferring progeny, bestowing affluence and improving health.  ", सा मलेन च दिग्धाङ्गी वपुषा चाप्यलङ्कृता।।मृणाली पङ्कदिग्धेव विभाति न विभाति च। ,"<verse>
मलदिग्धवपुश्चैव निराभरणशोभिता ।
पङ्कदिग्धा मृणालीव बभौ सा चारुदर्शना ॥
</verse>",False
" ""O Lion among kings, receive this payasam prepared by gods, conferring progeny, bestowing affluence and improving health.  ", जालवातायनैर्युक्तं काञ्चनैः स्स्फाटिकैरपि।इन्द्रनीलमहानीलमणिप्रवरवेदिकम्।। ,"<verse>
सौवर्णजालवातायैः स्फटिकान्तरशोभितैः ।
इन्द्रनीलैर्महानीलैः वेदिकाश्चित्रितास्तथा ॥
</verse>",False
" ""O Lion among kings, receive this payasam prepared by gods, conferring progeny, bestowing affluence and improving health.  ", देवदानवगन्धर्वैः किन्नरैरुपशोभिताम्।नानागन्धर्वपत्नीभि स्सेवितां सततं शिवाम्।। ,"<verse>
देवदानवगन्धर्वैः किन्नरैश्च सुसेविता ।
गन्धर्ववनिताभिश्च सेविता मङ्गला नदी ॥
</verse>",False
" ""O Lion among kings, receive this payasam prepared by gods, conferring progeny, bestowing affluence and improving health.  ", सङ्ग्रामसमयव्यूहेतर्पयित्वाहुताशनम् ।अन्तर्धानगतश्शत्रूनिन्द्रजिद् हन्तिराघव:।।। ,"<verse>
तर्पयित्वा हुताशनमदृश्यो रणमण्डले ।
शत्रुजालैः परीतोऽपि राघवं हन्ति रावणिः ॥
</verse>",False
" ""O Lion among kings, receive this payasam prepared by gods, conferring progeny, bestowing affluence and improving health.  ", नैतत्किञ्चनरामस्यनचरामोमुमूर्षति ।।नह्येनंहास्यतेलक्ष्मीद्दुर्लभायागतायुषाम् । ,"<verse>
तस्माद् रामस्य मृत्योर्हि भयं नास्ति मनागपि ।
नष्टायामपि शोभायां लक्ष्मीस्तं न जहाति च ॥
</verse>",False
" ""O Lion among kings, receive this payasam prepared by gods, conferring progeny, bestowing affluence and improving health.  ", तस्य सर्वसमृद्धस्य रावणस्य महात्मनः।किमद्य राक्षसेन्द्रस्य भार्यात्वं नेच्छसेऽधमे।। ,"<verse>
श्रीमतो राक्षसेन्द्रस्य भार्यात्वं किं न वाञ्छसि ।
ऐश्वर्यकलितस्याहो मूढे त्वं किं न काङ्क्षसि ॥
</verse>",False
" ""O Lion among kings, receive this payasam prepared by gods, conferring progeny, bestowing affluence and improving health.  ", ततस्तंरथमास्थायरावणार्पितशासनः ।लङ्कायानिर्ययौतूर्णंबलेनमहतावृतः ।। ,"<verse>
ततः प्रहस्तः शीघ्रं तु राक्षसेन्द्रस्य शासनात् ।
महत्या सेनया सार्धं रथेन निरगाद् बली ॥
</verse>",False
" ""O Lion among kings, receive this payasam prepared by gods, conferring progeny, bestowing affluence and improving health.  ", हरयस्तुविजानन्तिपार्वतीस्तामहौषधीः ।सञ्जीवकरणींदिव्यांविशल्यांदेवनिर्मिताम् ।। ,"<verse>
गिरीन्द्रौषधयः श्रेष्ठाः कपिभिरेव कीर्तिताः ।
सञ्जीवनीं विशल्यां च ब्रह्मज्ञानां हरन्तु ते ॥
</verse>",False
" ""O Lion among kings, receive this payasam prepared by gods, conferring progeny, bestowing affluence and improving health.  ", दीर्घमायुर्मया प्राप्तं किं मे शक्रः करिष्यति।।इत्येवं बुद्धिमास्थाय रणे शक्रमधर्षयम्। ,"<verse>
प्राप्य दीर्घम् अहं ह्यायुः किं मे कुर्यादितीमन्वान् ।
तमहं प्रत्ययोधयम् ॥
</verse>",False
" ""O Lion among kings, receive this payasam prepared by gods, conferring progeny, bestowing affluence and improving health.  ", देवताश्चाभवन् हृष्टास्तत्रस्थास्तस्य कर्मणा।काञ्चनस्य सुनाभस्य सहस्राक्षश्च वासवः।। ,"<verse>
ततस्तुष्टुवुरादित्याः शक्रश्चैव सहस्रदृक् ।
सुनाभस्य च काञ्चस्य मैनाकस्य च कर्मणा ॥
</verse>",False
" ""O Lion among kings, receive this payasam prepared by gods, conferring progeny, bestowing affluence and improving health.  ", तत्रायुधसहस्राणितस्मिन्नायोधनेभृशम् ।राक्षसाःकपिमुख्येषुपातयांचक्रिरेतदा ।। ,"<verse>
ततः प्रववृते युद्धं राक्षसानां वनौकसाम् ।
अस्त्रवृष्टिं प्रकुर्वन्तो हरीणामुपरि द्रुतम् ॥
</verse>",False
" ""O Lion among kings, receive this payasam prepared by gods, conferring progeny, bestowing affluence and improving health.  ", आर्तस्वरं तु तं भर्तुर्विज्ञाय सदृशं वने।उवाच लक्ष्मणं सीता गच्छ जीनीहि राघवम्।। ,"<verse>
श्रुत्वा तु करुणं शब्दं भर्तुः स्वरमिवोत्सुका ।
उवाच लक्ष्मणं सीता गच्छ जानीहि राघवम् ॥
</verse>",False
" ""O Lion among kings, receive this payasam prepared by gods, conferring progeny, bestowing affluence and improving health.  ", एतत्तु वचनं श्रुत्वा सुमन्त्राद्भरत श्शुभम्।उवाच वचनं शीघ्रं गुहः पश्यतु मामिति।। ,"<verse>
श्रुत्वा सुमन्त्रवाक्यं तत् शुभं भरतभाषत ।
पश्यत्विहैव मां क्षिप्रं गुहो निषादराडिति ॥
</verse>",False
" ""O Lion among kings, receive this payasam prepared by gods, conferring progeny, bestowing affluence and improving health.  ", रावणावरजेवाक्यमेवंब्रुवतिराघवः ।।शत्रूणांप्रतिघातार्थमिदंवचनमब्रवीत् । ,"<verse>
इत्युक्ते राक्षसेन्द्रेण राघवः परवीरहा ।
सेनामाज्ञापयामास योद्धुं शत्रुं रणाजिरे ॥
</verse>",False
" ""O Lion among kings, receive this payasam prepared by gods, conferring progeny, bestowing affluence and improving health.  ", सन्नह्यतुससुग्रीवःकपिराजबलंमहत् ।कालज्ञोराघवःकालेसंयुगायाभ्यचोदयत् ।। ,"<verse>
कालज्ञो राघवो वीरः सुग्रीवं सैन्यमब्रवीत् ।
हर्षयन् वानरं सैन्यं समाज्ञापयत प्रभुः ॥
</verse>",False
" ""O Lion among kings, receive this payasam prepared by gods, conferring progeny, bestowing affluence and improving health.  ", इष्टकाश्च यथान्यायं कारिताश्च प्रमाणत:।चितोऽग्निर्ब्राह्मणैस्तत्र कुशलैश्शुल्बकर्मणि ।। ,"<verse>
रज्जुसूत्रप्रमाणज्ञैर्विप्रैश्चिता प्रमाणतः ।
सुविभक्तेष्टकाभिश्च वेदी यज्ञे प्रकल्पिता ॥
</verse>",False
" ""O Lion among kings, receive this payasam prepared by gods, conferring progeny, bestowing affluence and improving health.  ", मत्प्रियंयदिकर्तव्यंयदिबुद्धि: स्थिरातव ।ज्ञातुमिच्छामितंगत्वाकिंकरोतीतिरावणः ।। ,"<verse>
गम्यतां यदि मन्यसे कर्तव्या च मम प्रिया ।
ज्ञायतां च किमद्येह कुरुते राक्षसाधिपः ॥
</verse>",False
" ""O Lion among kings, receive this payasam prepared by gods, conferring progeny, bestowing affluence and improving health.  ", स रुदित्वा चिरं कालं भूमौ विपरिवृत्य च।जननीं प्रत्युवाचेदं शोकैर्बहुभिरावृतः।। ,"<verse>
विलुठन् धरणीपृष्ठे भरतः शोकविह्वलः ।
विलप्य सुचिरं दीनः प्रत्युवाच च मातरम् ॥
</verse>",False
" ""O Lion among kings, receive this payasam prepared by gods, conferring progeny, bestowing affluence and improving health.  ", तं प्रदक्षिणमागम्य भगवन्तं महामुनिम्।  अदूरार्भरतस्यैव तस्थौ दीनमनास्तदा।।  ,"<verse>
प्रदक्षिणं च तं कृत्वा तपस्विनमुदारकम् ।
तस्थौ भरतपार्श्वे तु दीना विमनसा तदा ॥
</verse>",False
" ""O Lion among kings, receive this payasam prepared by gods, conferring progeny, bestowing affluence and improving health.  ", गृहीतोवानविज्ञातोभारोऽज्ञानस्यवाह्यते ।ईदृशै: सचिवैर्युक्तोमूर्खैर्दिष्ट्यधराम्यहम् ।। ,"<verse>
अज्ञानात्त्वं न जानासि मन्त्रिधुर्यो न चाप्यसि।
मूर्खाणां धारकश्चाहं भाग्याद् राज्यं करोम्यहम्॥
</verse>",False
" ""O Lion among kings, receive this payasam prepared by gods, conferring progeny, bestowing affluence and improving health.  ", सा सुकेशी सुनासोरुस्सुरूपा च यशस्विनी।देवतेव वनस्यास्य राजते श्रीरिवापरा।। ,"<verse>
यशस्विनी सुकेशान्ता सुप्रतीका सुलोचना ।
वनदेवीव लक्ष्मीर्वा भाति सा वरवर्णिनी ॥
</verse>",False
" ""O Lion among kings, receive this payasam prepared by gods, conferring progeny, bestowing affluence and improving health.  ", स मामाहारसंरोधात्पीडितं प्रीतिवर्धनः।अनुमान्य यथातत्त्वमिदं वचनमब्रवीत्।। ,"<verse>
क्षुधार्तश्चिन्तयन्नासं पुत्रो मे सर्वदाप्रियः ।
यथावृत्तं च तत्सर्वं मह्यं स प्रत्यवेदयत् ॥
</verse>",False
" ""O Lion among kings, receive this payasam prepared by gods, conferring progeny, bestowing affluence and improving health.  ", रज्जुभिश्चाभिबध्नन्ति ततो मां तत्र राक्षसाः।।रावणस्य समीपं च गृहीत्वा मामुपानयन्। ,"<verse>
ततो मां राक्षसा बद्ध्वा रज्जुभी रावणान्तिकम् ।
बबन्धुर्विविधैः पाशैरनयन् रावणं प्रति ॥
</verse>",False
" ""O Lion among kings, receive this payasam prepared by gods, conferring progeny, bestowing affluence and improving health.  ", स रामो विविधान्वृक्षान्सरांसि विविधानि च।।पश्यन्कामाभिसन्तप्तो जगाम परमं ह्रदम्। ,"<verse>
नानाद्रुमसरः पश्यन् कामसंतप्तमानसः ।
स पश्यन् राघवो धीमान् तं वै सरवरं महत् ॥
</verse>",False
" ""O Lion among kings, receive this payasam prepared by gods, conferring progeny, bestowing affluence and improving health.  ", अचिरान्मोक्ष्यतेसीते देवितेजघनंगताम् ।धृतामेताम्बहून्मासान्वेणींरामोमहाबलः ।। ,"<verse>
मुञ्चिष्यति हि रामस्त्वां देवीमेकजटां सतीम्।
दीर्घकालधृतां सीतां शीघ्रं वीरो महाबलः॥
</verse>",False
" ""O Lion among kings, receive this payasam prepared by gods, conferring progeny, bestowing affluence and improving health.  ", शतयोजनविस्तीर्ण स्सागरो मकरालयः।विक्रमश्लाघनीयेन क्रमता गोष्पदीकृतः।। ,"<verse>
योजनं शतविस्तीर्णं नक्रालयमिमं विभो ।
त्वमद्भुतप्रभावेण गोष्पदीकृतवानसि ॥
</verse>",False
" ""O Lion among kings, receive this payasam prepared by gods, conferring progeny, bestowing affluence and improving health.  ", अध्यर्धयोजनं गत्वा सरय्वा दक्षिणे तटे।रामेति मधुरां वाणीं विश्वामित्रोऽभ्यभाषत।।  ,"<verse>
सरय्वा दक्षिणे तीरे अर्धयोजनमात्रतः ।
विश्वामित्रोऽब्रवीद्रामं स्निग्धया मधुरया गिरा ॥
</verse>",False
" ""O Lion among kings, receive this payasam prepared by gods, conferring progeny, bestowing affluence and improving health.  ", अन्तरिक्षगतास्सर्वेसर्वेमायाविशारदाः ।सर्वेत्रिदशदर्पघ्नास्सर्वे च रणदुर्जयाः ।। ,"<verse>
सर्वे रावणपुत्राश्च गगनगामिनस्तथा ।
मायाविशारदाः क्रूरा देवदर्पहरा रणे ॥
</verse>",False
" ""O Lion among kings, receive this payasam prepared by gods, conferring progeny, bestowing affluence and improving health.  ", अभिषिच्य च लङ्कायां राक्षसेन्द्रं विभीषणम् ।कृतकृत्यस्तदा रामो विज्वर: प्रमुमोद ह ।।  ,"<verse>
अभिषिच्य च लङ्कायां राक्षसेन्द्रं विभीषणम् ।
कृतकृत्यस्तदा रामो मुमुदे विगतज्वरः ॥
</verse>",False
" ""O Lion among kings, receive this payasam prepared by gods, conferring progeny, bestowing affluence and improving health.  ", मोचितस्सोऽपिरामेणवध्यमानःप्लवङ्गमैः ।अनृशंस्येनरामेणमोचिताराक्षसाःपरे ।। ,"<verse>
शार्दूलं हन्यमानं तं दृष्ट्वा वानरयूथपैः ।
अमुञ्चत् करुणो रामो राक्षसान् सानुगान् तथा ॥
</verse>",False
" ""O Lion among kings, receive this payasam prepared by gods, conferring progeny, bestowing affluence and improving health.  ", जगदद्याभिषिक्तंत्वामनुपश्यतुराघव ।प्रतपन्तमिवादित्यंमध्याह्नेदीप्ततेजसम् ।। ,"<verse>
अभिषिक्तो भवाद्य त्वमपराह्णे च राघव ।
सूर्यवत्तेजसा दीप्तं द्रक्ष्यन्ति त्वां जना भुवि ॥
</verse>",False
" ""O Lion among kings, receive this payasam prepared by gods, conferring progeny, bestowing affluence and improving health.  ", अद्यतेमच्छरैश्चिन्नंशिरोज्वलितकुण्डलम् ।क्रव्यादाव्यपकर्षन्तुविकीर्णंरणपांसुषु ।। ,"<verse>
मद्बाणकृत्तं मुण्डं ते शिरस्ते सविभूषणम् ।
पतितं रणधूल्यान्तु शिवाः कर्षन्तु भूतले ॥
</verse>",False
" ""O Lion among kings, receive this payasam prepared by gods, conferring progeny, bestowing affluence and improving health.  ", एवमुक्तोमहेन्द्रेणप्रसन्नेनमहात्मना ।सुप्रसन्नमनाहृष्टोवचनंप्राहराघवः ।। ,"<verse>
महेन्द्रवचनं श्रुत्वा राघवः प्रीतमानसः ।
प्रणम्य शिरसा देवं प्रहृष्टो वाक्यमब्रवीत् ॥
</verse>",False
" ""O Lion among kings, receive this payasam prepared by gods, conferring progeny, bestowing affluence and improving health.  ", पद्मवर्णं सुकेशान्तं पद्मनिश्श्वासमुत्तमम्।कदा द्रक्ष्यामि रामस्य वदनं पुष्करेक्षणम्।। ,"<verse>
पद्मवक्त्रं कदान्वहम् । उत्पलाक्षं रघूत्तमम् ॥
पद्मगन्धिमुखाब्जं च । द्रक्ष्यामि शुभकुन्तलम् ॥
</verse>",False
" ""O Lion among kings, receive this payasam prepared by gods, conferring progeny, bestowing affluence and improving health.  ", निर्जिताजीवलोकस्यतपसाभावितात्मना ।अगस्त्येनदुराधर्षामुनिनादक्षिणेवधिक् ।। ,"<verse>
दुर्जया मानुषैर्लोके दक्षिणा दिक् तपोधनैः ।
जितागस्त्येन वीर्येण तथैव त्वं मया जिता ॥
</verse>",False
" ""O Lion among kings, receive this payasam prepared by gods, conferring progeny, bestowing affluence and improving health.  ", समरेयुध्यमानानामस्माकंप्रेक्षतांपुरः ।जघानरुदतींसीतामिन्द्रजिद्रावणात्मजः ।। ,"<verse>
युध्यमानासु सेनासु रावणिः क्रूरकर्मकृत् ।
रुदन्तीं क्रोशतीं सीतां अस्माकं पुरतोऽवधीत् ॥
</verse>",False
" ""O Lion among kings, receive this payasam prepared by gods, conferring progeny, bestowing affluence and improving health.  ", महापार्श्वनिबोधत्वंरहस्यंकिञ्चिदात्मन: ।चिरवृत्तंतदाख्यास्येयदवाप्तंपुरामया ।। ,"<verse>
महापार्श्व पुरा गुह्यं ममाभूद् दीर्घकालतः ।
रहस्यं तद्वदिष्यामि सावधानेन तच्छृणु ॥
</verse>",False
" ""O Lion among kings, receive this payasam prepared by gods, conferring progeny, bestowing affluence and improving health.  ", तेषुवानरमुख्येषुपातितेषुमहात्मसु ।वानराणांसहस्राणिकुम्बकर्णंप्रदद्रुवुः ।। ,"<verse>
महायूथपतीनां च मुख्येषु पतितेषु च ।
कुम्भकर्णमभिद्रुत्य वनौकस प्रदुद्रुवुः ॥
</verse>",False
" ""O Lion among kings, receive this payasam prepared by gods, conferring progeny, bestowing affluence and improving health.  ", गोदावरीं जनस्थानमिमं प्रस्रवणं गिरिम्।।सर्वाण्यनुगमिष्यामि यदि सीता हि दृश्यते। ,"<verse>
गोदावरीं जनस्थानं प्रस्त्रवणगिरिं तथा ।
विचेष्यामि वने सीतां यावन्मे न हि लभ्यते ॥
</verse>",False
" ""O Lion among kings, receive this payasam prepared by gods, conferring progeny, bestowing affluence and improving health.  ", ततस्तस्य गिरेः शृङ्गे महेन्द्रस्य महाबलाः।हनुमत्प्रमुखाः प्रीतिं हरयो जग्मुरुत्तमाम्।। ,"<verse>
ततो महेन्द्रशैलाग्रे स्थितास्ते हरियूथपाः ।
हनूमांश्च महातेजा मुदं परमगात्तदा ॥
</verse>",False
" ""O Lion among kings, receive this payasam prepared by gods, conferring progeny, bestowing affluence and improving health.  ", एवमुक्तस्तुवैदेह्यालक्ष्मणःपरवीरहा ।अमर्षवशमापन्नोराघवंसमुदैक्षत ।। ,"<verse>
एवमुक्तस्तु वैदेह्या लक्ष्मणः परवीरहा ।
अमर्षवशमापन्नो राघवं समुदैक्षत ॥
</verse>",False
" ""O Lion among kings, receive this payasam prepared by gods, conferring progeny, bestowing affluence and improving health.  ", अतिथिः किल पूजार्हः प्राकृतोऽपि विजानता।धर्मं जिज्ञासमानेन किं पुनस्त्वादृशो महान्।। ,"<verse>
धर्मकामेन प्राज्ञेन पूज्यो ह्यतिथिरागतः ।
किं पुनस्त्वद्विधः पूज्यः विशिष्टो गृहमागतः ॥
</verse>",False
" ""O Lion among kings, receive this payasam prepared by gods, conferring progeny, bestowing affluence and improving health.  ", ममास्त्रबाणसम्पूर्णमाकाशं पश्य लक्ष्मण।।निस्सम्पातं करिष्यामि ह्यद्य त्रैलोक्यचारिणाम्। ,"<verse>
पश्य लक्ष्मण बाणौघैः पूरयिष्यामि मेदिनीम्।
त्रैलोक्यस्य गतिं चैव रोधयिष्यामि सर्वशः॥
</verse>",False
" ""O Lion among kings, receive this payasam prepared by gods, conferring progeny, bestowing affluence and improving health.  ", नाश्रौषमिति राजानमुपालब्धोऽपि वक्ष्यसि। चिरं दुःखस्य पापिष्ठमिति रामस्तमब्रवीत्।। ,"<verse>
न श्रुतं मे इति ब्रूयाः सारथे कोपिते नृपे ।
दुःखवृद्धिर्हि पापीयः रामः प्राह सुमन्त्रकम् ॥
</verse>",False
" ""O Lion among kings, receive this payasam prepared by gods, conferring progeny, bestowing affluence and improving health.  ", न तु मामिह तिष्ठन्तं पश्यसि त्वं गदाधरम्।धराधरमिवाकम्प्यं पर्वतं धातुभिश्चितम्।। ,"<verse>
गदाधरं स्थितं मां त्वं न पश्यसि किमद्भुतम् ।
अकम्प्यं धातुमन्तं च धरणीधरसंनिभम् ॥
</verse>",False
" ""O Lion among kings, receive this payasam prepared by gods, conferring progeny, bestowing affluence and improving health.  ",   एतदाख्याय तत्सर्वं हनुमान्मारुतात्मजः।भूयस्समुपचक्राम वचनं वक्तुमुत्तरम्।। ,"<verse>
आख्याय सकलं वृत्तं हनुमान् पवनात्मजः ।
भूयस्तद्विस्तरेणैव वक्तुमेव प्रचक्रमे ॥
</verse>",False
" ""O Lion among kings, receive this payasam prepared by gods, conferring progeny, bestowing affluence and improving health.  ", तच्चतस्यतदामन्येज्ञातमासीन्महात्मनः ।अथसङ्कुपितोदेवोमामिदंवाक्यमब्रवीत् ।। ,"<verse>
ततस्तद्वृत्तमाज्ञाय मन्ये ब्रह्मा महामनाः ।
क्रुद्धो मामब्रवीद्वाक्यमिदं स च चतुर्मुखः ॥
</verse>",False
" ""O Lion among kings, receive this payasam prepared by gods, conferring progeny, bestowing affluence and improving health.  ", भौमाश्चैव मृगा स्सर्वे गच्छन्ति स्म प्रदक्षिणम्।।तान् दृष्ट्वा राजशार्दूलो वसिष्ठं पर्यपृच्छत।  ,"<verse>
मृगान्पथि प्रधावतो दक्षिणेन ।
नरव्याघ्रो वसिष्ठं च पप्रच्छ मुनिपुंगवम् ॥
</verse>",False
" ""O Lion among kings, receive this payasam prepared by gods, conferring progeny, bestowing affluence and improving health.  ", जनकानां कुले कीर्तिमाहरिष्यति मे सुता।सीता भर्तारमासाद्य रामं दशरथात्मजम्।।  ,"<verse>
दशरथसुतं रामं पतिं लब्ध्वा ममात्मजा ।
सीता मम कुलस्यैव यशोवर्धनकारिणी ॥
</verse>",False
" ""O Lion among kings, receive this payasam prepared by gods, conferring progeny, bestowing affluence and improving health.  ", यदातेतनयश्शस्तोलक्ष्मणेनेन्द्रजिद्युधि ।।तदात्वभिहतातीव्रमद्यत्वस्मिनिपातिता । ,"<verse>
हते त्विन्द्रजिते पुत्रे लक्ष्मणेन पुरा मम ।
अभून्मे महती पीडा पतितोऽसि त्वमद्य वै ॥
</verse>",False
" ""O Lion among kings, receive this payasam prepared by gods, conferring progeny, bestowing affluence and improving health.  ", इत्येवंपरुषंवाक्यंब्रुवाणेहरिपुङ्गवे ।अमर्षवशमापन्नोनिशाचरगणेश्वरः ।। ,"<verse>
एवमुक्तः कपीन्द्रेण रावणो राक्षसेश्वरः ।
क्रोधेन महताविष्टो बभूव रजनीचरः ॥
</verse>",False
" ""O Lion among kings, receive this payasam prepared by gods, conferring progeny, bestowing affluence and improving health.  ", काममेषामिदं कार्यं विदितं मम तत्त्वतः।तथापि तु यथातत्त्वमाज्ञापयितुमर्हसि।। ,"<verse>
सत्यमेव जयत्यत्र ज्ञानं मोक्षप्रदायकम् ।
तस्मात् सत्यं च ज्ञानं च सेवनीयं सदा नरैः ॥
</verse>",False
" ""O Lion among kings, receive this payasam prepared by gods, conferring progeny, bestowing affluence and improving health.  ", नन्दिग्रामं गमिष्यामि सर्वानामन्त्रयेऽद्य वः।तत्र दुःखमिदं सर्वं सहिष्ये राघवं विना।। ,"<verse>
आप्रच्छे वः समस्तांस्तु नन्दिग्रामं प्रयाम्यहम् ।
रामशोकं समाश्रित्य वत्स्यामि दुःखितः सदा ॥
</verse>",False
" ""O Lion among kings, receive this payasam prepared by gods, conferring progeny, bestowing affluence and improving health.  ", ममचेदंमतंतातधरोऽयमितिराघव ।धर्ममूलंत्वयाछिन्नंराज्यमुत्सृजतातदा ।। ,"<verse>
ममापि राघवस्येष्टं कामकालवशेन वै ।
धर्माधर्मप्रवृत्तिस्तु राज्यत्यागाद्धता त्वया ॥
</verse>",False
" ""O Lion among kings, receive this payasam prepared by gods, conferring progeny, bestowing affluence and improving health.  ", सरितं वापि सम्प्राप्ता मीनवञ्जुलसेविताम्।स्नातुकामा निलीना स्याद्धासकामा वने क्वचित्।। ,"<verse>
मत्स्यकीर्णां नदीं याता स्नातुं सा नलसंकुलाम् ।
क्रीडन्ती वा निलीना सा गूढा क्वाप्यथ मोदतः ॥
</verse>",False
" ""O Lion among kings, receive this payasam prepared by gods, conferring progeny, bestowing affluence and improving health.  ", अमी हि विविधैः पुष्पैस्तरवो रुचिरच्छदाः। काननेऽऽस्मिन्विना कान्तां चिन्तामुत्पादयन्ति मे।। ,"<verse>
वृक्षाः सुपर्णपुष्पाढ्या कुर्वन्ति मम वेदनाम् ।
प्रियाहीनं वने चास्मिन् दहन्त्येते सुदुःखदम् ॥
</verse>",False
" ""O Lion among kings, receive this payasam prepared by gods, conferring progeny, bestowing affluence and improving health.  ", स वानरगणैस्तैस्तुवृतःपरमदुर्जयः ।लक्ष्मणानुचरोरामस्सम्प्रतस्थेमहाबलः ।। ,"<verse>
दुर्जयो बलवान् रामो लक्ष्मणानुगतो ययौ ।
निश्चयेन महातेजा वानरैः परिवारितः ॥
</verse>",False
" ""O Lion among kings, receive this payasam prepared by gods, conferring progeny, bestowing affluence and improving health.  ", अथ दीर्घस्य कालस्य बिलात्तस्माद्विनिस्सृतम्।सफेनं रुधिरं रक्तमहं दृष्ट्वा सुदुःखितः।। ,"<verse>
विद्या ददाति विनयम्
विनयाद् याति पात्रताम् ।
पात्रत्वाद् धनमाप्नोति
धनाद् धर्मं ततः सुखम् ॥
</verse>",False
" ""O Lion among kings, receive this payasam prepared by gods, conferring progeny, bestowing affluence and improving health.  ", विकीर्णैःपर्वताकारैरक्षोभिररिमर्दनैः ।।आसीद्वसुमतीपूर्णातदायुद्धमदान्वितैः । ,"<verse>
तत्र युद्धमदोन्मत्तैः पतितैः पर्वतोपमैः ।
विकीर्णैः सर्वतो भूमौ चितं रणमहीतलम् ॥
</verse>",False
" ""O Lion among kings, receive this payasam prepared by gods, conferring progeny, bestowing affluence and improving health.  ", ईदृशैस्तैरमात्यैस्तु राजा दशरथोऽनघ: ।उपपन्नो गुणोपेतैरन्वशासद्वसुन्धराम् ।। ,"<verse>
तैरयं मन्त्रिभिर्गुप्तो राजा दशरथोऽनघः ।
शशास वसुधां कृत्स्नां दीप्ततेजा महायशाः ॥
</verse>",False
" ""O Lion among kings, receive this payasam prepared by gods, conferring progeny, bestowing affluence and improving health.  ", स च भूमिधरः श्रीमान्बलिना तेन पीडितः।।सवृक्षशिखरोदग्रः प्रविवेश रसातलम्। ,"<verse>
पीडितः कपिवीरेण पातालं प्रविवेश सः ।
सवृक्षः समहाशृङ्गः रसातलमुपागतः ॥
</verse>",False
" ""O Lion among kings, receive this payasam prepared by gods, conferring progeny, bestowing affluence and improving health.  ", अस्त्रंतुपरमंघोरंराक्षसंराक्षसाधिपः ।ससर्जपरमक्रुद्धःपुनरेवनिशाचरः ।। ,"<verse>
ततः परमसंक्रुद्धो राजा राक्षसपुङ्गवः ।
ससर्ज राक्षसास्त्रं च घोरं परमदारुणम् ॥
</verse>",False
" ""O Lion among kings, receive this payasam prepared by gods, conferring progeny, bestowing affluence and improving health.  ", एवंतस्यब्रुवाणस्यकुम्भकर्णस्यराक्षसाः ।नादंचक्रुर्महाघोरंकम्पयन्तइवार्णवम् ।। ,"<verse>
इत्युक्ते कुम्भकर्णेन स गर्जो राक्षसो गणः ।
क्षुब्धोदधिसमानं ते नदन्ति स्म मुहुर्मुहुः ॥
</verse>",False
" ""O Lion among kings, receive this payasam prepared by gods, conferring progeny, bestowing affluence and improving health.  ", किमयं वानरो राजन् वनपः प्रत्युपस्थितः।कं चार्थमभिनिर्दिश्य दुःखितो वाक्यमब्रवीत्।। ,"<verse>
राजन् किमर्थमुद्याने रक्षी चायमिहागतः ।
किमर्थं दुःखितो ब्रूते लक्ष्मणः परिपृच्छति ॥
</verse>",False
" ""O Lion among kings, receive this payasam prepared by gods, conferring progeny, bestowing affluence and improving health.  ", तत्राहं संवृतं वन्यं हतवांस्तीरमागतम्।अन्यं चापि मृगं हिंस्रं शब्दं श्रुत्वाऽभ्युपागतम्।। ,"<verse>
निभृतोऽहं स्थितस्तत्र श्वापदानामुरो रवान् ।
नदीतीरं समायातान् जघान द्वौ वनौकसौ ॥
</verse>",False
" ""O Lion among kings, receive this payasam prepared by gods, conferring progeny, bestowing affluence and improving health.  ", तीक्ष्णकामास्तु गन्धर्वास्तीक्ष्णकोपा भुजङ्गमाः।मृगाणां तु भयं तीक्ष्णं ततस्तीक्ष्णक्षुधा वयम्।। ,"<verse>
गन्धर्वाणां भवेत् कामः सर्पाणां क्रोधतीव्रता ।
भीतिश्चैव मृगाणां स्यात् क्षुद्बाधा गृध्रपक्षिणाम् ॥
</verse>",False
" ""O Lion among kings, receive this payasam prepared by gods, conferring progeny, bestowing affluence and improving health.  ", ते तथोक्ता स्समुत्थाय त्वरिता राजशासनात्।पञ्चनावां शतान्याशु समानिन्युस्समन्ततः।। ,"<verse>
तच्छ्रुत्वा त्वरितं दीप्ताः समुत्तस्थुः ससम्भ्रमाः ।
गुहाज्ञया समानीता नौकाः पञ्चशतास्तथा ॥
</verse>",False
" ""O Lion among kings, receive this payasam prepared by gods, conferring progeny, bestowing affluence and improving health.  ", तद्वनं मथितैर्वृक्षैर्भिन्नैश्च सलिलाशयैः।चूर्णितैः पर्वताग्रैश्च बभूवाप्रियदर्शनम्।। ,"<verse>
उन्मूलितद्रुमं तच्च भिन्नजलाशयं वनम् ।
चूर्णितशैलशृङ्गं च बभूव विकृतं महत् ॥
</verse>",False
" ""O Lion among kings, receive this payasam prepared by gods, conferring progeny, bestowing affluence and improving health.  ", आश्वस्तश्चनिशल्यश्चलक्ष्मणश्शत्रुसूदनः ।।विष्णोर्भागममीमांस्यमात्मानंप्रत्यनुस्मरन् । ,"<verse>
लब्धसञ्ज्ञो गतकलेशः लक्ष्मणो रिपुघातकः ।
स्मर्त्यात्मानं हरेरंशं विष्णोरमिततेजसः ॥
</verse>",False
" ""O Lion among kings, receive this payasam prepared by gods, conferring progeny, bestowing affluence and improving health.  ", तेन शब्देन वित्रस्तास्ताटकावनवासिन:।ताटका च सुसंक्रुद्धा तेन शब्देन मोहिता।। ,"<verse>
धनुर्ध्वनिनत्रस्ताश्च ताटकावनवासिनः ।
ताटकापि महाक्रोधा विस्मिता च बभूव सा ॥
</verse>",False
" ""O Lion among kings, receive this payasam prepared by gods, conferring progeny, bestowing affluence and improving health.  ", अथो ज्वलनसङ्काशं चामीकरविभूषितम्। तमारुरुहतुस्तूर्णं भ्रातरौ रामलक्ष्मणौ।। ,"<verse>
आरुह्य तं रथं वीरौ तप्तकाञ्चनभूषितम् ।
दीप्तपावकसङ्काशं रामश्चैव हि लक्ष्मणः ॥
</verse>",False
" ""O Lion among kings, receive this payasam prepared by gods, conferring progeny, bestowing affluence and improving health.  ", भर्तारमनवद्याङ्गीलक्ष्मणंचासितेक्षणा ।प्रेक्ष्यपांसुषुचेष्टन्तौरुरोदजनकात्मजा ।। ,"<verse>
पतिं च लक्ष्मणं दृष्ट्वा चेष्टन्तौ वसुधातले ।
जनकस्य सुता तन्वी चुक्रोशासितकेषणा ॥
</verse>",False
" ""O Lion among kings, receive this payasam prepared by gods, conferring progeny, bestowing affluence and improving health.  ", कथं दशरथा ज्जात श्शुद्धाभिजनकर्मणः।जानन् धर्ममधर्मिष्ठं कुर्यां कर्म जुगुप्सितम्।। ,"<verse>
कथं कुर्यामधर्मं वै गर्हितं धर्मकोविदः ।
कुले जातस्तथा शुद्धे दशरथस्य धीमतः ॥
</verse>",False
" ""O Lion among kings, receive this payasam prepared by gods, conferring progeny, bestowing affluence and improving health.  ", स तु दृष्ट्वा नदीतीरे नावमिक्ष्वाकुनन्दनः।तितीर्षुः शीघ्रगां गङ्गामिदं लक्ष्मणमब्रवीत्।। ,"<verse>
तीरे तरीं समालोक्य तर्तुं गङ्गां तरङ्गिणीम् ।
इक्ष्वाकुवंशजो रामः सौमित्रिमिदमब्रवीत् ॥
</verse>",False
" ""O Lion among kings, receive this payasam prepared by gods, conferring progeny, bestowing affluence and improving health.  ", अस्मिन्लवणतोये च प्रक्षिप्तः प्लवगोत्तम।गुप्तपक्षसमग्रश्च तव पित्राभिरक्षितः।। ,"<verse>
पित्रा तव कपिश्रेष्ठ क्षिप्तोऽहं लवणाम्भसि ।
तेन मे रक्षितौ पक्षौ मरुता शीघ्रगामिना ॥
</verse>",False
" ""O Lion among kings, receive this payasam prepared by gods, conferring progeny, bestowing affluence and improving health.  ", एवमुक्तो वसिष्ठेन विश्वामित्रो महाबल:।आग्नेयमस्त्रमुत्क्षिप्य तिष्ठ तिष्ठेति चाब्रवीत्।। ,"<verse>
एवमुक्ते वसिष्ठेन विश्वामित्रो महाबलः ।
आग्नेयमस्त्रमुद्यम्य तिष्ठ तिष्ठेति चाब्रवीत् ॥
</verse>",False
" ""O Lion among kings, receive this payasam prepared by gods, conferring progeny, bestowing affluence and improving health.  ", दीप्यमाने तु लाङ्गूले न मां दहति पावकः।हृदयं च प्रहृष्टं मे वातास्सुरभिगन्धिनः।। ,"<verse>
दह्यमाने च लाङ्गूले नादहन्मां हुताशनः ।
हृदि मे हर्षसंभूतिर्ववौ सुगन्धि मारुतः ॥
</verse>",False
" ""O Lion among kings, receive this payasam prepared by gods, conferring progeny, bestowing affluence and improving health.  ", यद्यद्यापि ममैवाज्ञा निवर्तयतु राघवम्।न शक्ष्यामि विना रामं मुहूर्तमपि जीवितुम्।। ,"<verse>
यदि मच्छासनं लोके रामः प्रत्यानिनीयताम् ।
न हि रामं विना जीवेत् क्षणमप्यहमुत्सहे ॥
</verse>",False
" ""O Lion among kings, receive this payasam prepared by gods, conferring progeny, bestowing affluence and improving health.  ", ततस्ते न्यायत: कृत्वा प्रविभागं द्विजोत्तमा:।सुप्रीतमनसस्सर्वे प्रत्यूचुर्मुदिता भृशम्।। ,"<verse>
ततस्ते मुदिता विप्रा विभज्य तद्धनं समम् ।
परितुष्टा द्विजश्रेष्ठा भूयः पार्थिवमब्रुवन् ॥
</verse>",False
" ""O Lion among kings, receive this payasam prepared by gods, conferring progeny, bestowing affluence and improving health.  ", किन्तु वक्ष्याम्यहं देवि त्वयैवोक्तमिदं वचः।क्षत्रियैर्धार्यते चापो नार्तशब्दो भवेदिति।। ,"<verse>
अनुज्ञाता ह्यहं देवि त्वयैव धनुषो ग्रहे ।
क्षत्रिये सति चापे तु नार्तशब्दो भवेदिति ॥
</verse>",False
" ""O Lion among kings, receive this payasam prepared by gods, conferring progeny, bestowing affluence and improving health.  ", अथवैनं समुत्क्षिप्य उपर्युपरि सागरम्।।रामायोपहरिष्यामि पशुं पशुपतेरिव। ,"<verse>
अथवा प्रसहिष्येऽहं हर्तुं रावणमर्णवात् ।
पशुपतेः पशं क्रुद्धो यथा रुद्राय चाध्वरे ॥
</verse>",False
" ""O Lion among kings, receive this payasam prepared by gods, conferring progeny, bestowing affluence and improving health.  ", अथशृङ्गंसमाविध्यभीमंभीमपराक्रमः ।चिक्षेपराममुद्धिश्यबलवानन्तकोपमः ।। ,"<verse>
ततः कुम्भकर्णो भीमो कृतान्तसमविक्रमः ।
भ्रामयित्वा गिरिशृङ्गं रामाय प्रमुमोच ह ॥
</verse>",False
" ""O Lion among kings, receive this payasam prepared by gods, conferring progeny, bestowing affluence and improving health.  ", ततस्सचिवसन्दिष्टा हरयो रोमहर्षणाः।गिरिकुञ्जर मेघाभा नगर्या निर्ययुस्तदा।। ,"<verse>
मन्त्रिभिस्ते समादिष्टा हरयो भीमरूपिणः ।
शैलेभमेघसङ्काशाः प्रतस्थुर्लोमहर्षणाः ॥
</verse>",False
" ""O Lion among kings, receive this payasam prepared by gods, conferring progeny, bestowing affluence and improving health.  ", ऋषीणामग्निहोत्रेषु हुतेषु विधिपूर्वकम्।कपोताङ्गारुणो धूमो दृश्यते पवनोद्धतः।। ,"<verse>
हुताग्नयः प्रकुर्वन्ति हव्यं मन्त्रैस्तपस्विनः ।
कपोतधूम्रः संचारी धूमो वातेन नीयते ॥
</verse>",False
" ""O Lion among kings, receive this payasam prepared by gods, conferring progeny, bestowing affluence and improving health.  ", अग्रतश्चास्य सन्नद्धाश्चन्दनागरुभूषिताः।।खड्गचापधराश्शूरा जग्मुराशंसवो जनाः। ,"<verse>
चन्दनागुरुदिग्धाङ्गाः सन्नद्धाः खड्गधारिणः ।
रामस्यागमनं योधाः शशंसुः पुरतो गताः ॥
</verse>",False
" ""O Lion among kings, receive this payasam prepared by gods, conferring progeny, bestowing affluence and improving health.  ", तस्यायमतुलश्शब्दो जाह्नवीमभिवर्तते।वारिसङ्क्षोभजो राम प्रणामं नियत:कुरु।।  ,"<verse>
वारिणां सङ्घर्षजः शब्दो
महानयमभिप्रणः ।
गङ्गासरय्वोः सङ्गमे
प्रणमस्व समाहितः ॥
</verse>",False
" ""O Lion among kings, receive this payasam prepared by gods, conferring progeny, bestowing affluence and improving health.  "," ﻿उद्यानानि पुरा भान्ति मत्तप्रमुदितानि च।।

जनानां रतिसंयोगेष्वत्यन्तगुणवन्ति च।
  ","<verse>
पुरा ह्युपवनान्यासन् कूजितानि पतत्रिणाम् ।
रिरंसुजनयोग्यानि विहारभवनानि च ॥
</verse>",False
" ""O Lion among kings, receive this payasam prepared by gods, conferring progeny, bestowing affluence and improving health.  "," अञ्जलिं प्राङ्मुखः कुर्वन् पवनायात्मयोनये।

ततो हि ववृधे गन्तुं दक्षिणो दक्षिणां दिशम्।।
  ","<verse>
प्राङ्मुखः प्रवणो भूत्वा वायुपुत्रो महामतिः ।
नमस्कृत्य पितुः पश्चाद् वर्धयन् दक्षिणं ययौ ॥
</verse>",False
" ""O Lion among kings, receive this payasam prepared by gods, conferring progeny, bestowing affluence and improving health.  ", विभीषणवच: श्रुत्वारामोदृढपराक्रमः ।अन्वीक्ष्यमनसासर्वमिदंवचनमब्रवीत् ।। ,"<verse>
श्रुत्वा सर्वं विभीषणात् राघवः सुमहाबलः ।
मनसा संविमृश्याथ इदं वचनमब्रवीत् ॥
</verse>",False
" ""O Lion among kings, receive this payasam prepared by gods, conferring progeny, bestowing affluence and improving health.  ", स शरैस्सूर्यसङ्काशैश्शातकुम्भविभूषितैः ।वानरान् समरेवीरःप्रममाथसुदुर्जयः ।। ,"<verse>
दुर्जयो युधि शूरोऽसौ इन्द्रजिद् भीमविक्रमः ।
जघान वानरान् बाणैः तप्तकाञ्चनभूषणैः ॥
</verse>",False
" ""O Lion among kings, receive this payasam prepared by gods, conferring progeny, bestowing affluence and improving health.  ", वैदेह्या वचनं श्रुत्वा राक्षस्यो विद्रुता दिशः।स्थिताः काश्चिद्गताः काश्चिद्रावणाय निवेदितुम्।। ,"<verse>
श्रुत्वा वैदेहिभाषितं प्रदुद्रुवुर्दिशो दश ।
काश्चित्तत्रैव तस्थुश्च रावणाय न्यवेदयन् ॥
</verse>",False
" ""O Lion among kings, receive this payasam prepared by gods, conferring progeny, bestowing affluence and improving health.  ", यत्तु रामो विजानीयादभिज्ञानमनिन्दिते।।प्रीतिसञ्जननं तस्य प्रदातुं त्वमिहार्हसि। ,"<verse>
तदर्हसि प्रदातुं मे अभिज्ञानं यशस्वीनि ।
यद् दृष्ट्वा राघवो हृष्येत् त्वया दत्तं विशेषतः ॥
</verse>",False
" ""O Lion among kings, receive this payasam prepared by gods, conferring progeny, bestowing affluence and improving health.  ", बहुशो हि मया दृष्टः सागरे स महाबलः।भुजङ्गानुद्धरन्पक्षी महावेगो महायशाः।। ,"<verse>
गरुडो बलवान् शीघ्रः कीर्तिमान् खगराट् महान् ।
मया स बहुशो दृष्टः सर्पान् हरन् महार्णवात् ॥
</verse>",False
" ""O Lion among kings, receive this payasam prepared by gods, conferring progeny, bestowing affluence and improving health.  ", ऐक्ष्वाक स्वागतं वत्स जानामि त्वां सुधार्मिकम् ।शरणं ते भविष्यामि मा भैषीर्नृपपुङ्गव।। ,"<verse>
ऐक्ष्वाकव स्वागतं ते वत्स धर्मज्ञ वेद्मि त्वाम् ।
मा भैषीः पार्थिवश्रेष्ठ शरणं ते ददाम्यहम् ॥
</verse>",False
" ""O Lion among kings, receive this payasam prepared by gods, conferring progeny, bestowing affluence and improving health.  ", तव नास्ति मनुष्येन्द्र न चाभूत्ते कदाचन।।मनस्यपि तथा राम न चैतद्विद्यते क्वचित्। ,"<verse>
न ते परस्त्रियां रागः पूर्वमासीन्न चाप्ययम् ।
न च भद्रं मनस्तेऽस्ति कामो वै परयोषिति ॥
</verse>",False
" ""O Lion among kings, receive this payasam prepared by gods, conferring progeny, bestowing affluence and improving health.  ", मन्ये सूर्यश्च वायुश्च मेदिनी च यशस्विनी।।अभिरक्षन्ति पुष्पाणि प्रकुर्वन्तो मम प्रियम्। ,"<verse>
सूर्यः समीरणो भूमिः सुप्रसिद्धा च मे प्रियम् ।
अकुर्वन् रक्षणेनास्य पुष्पवृन्दस्य सर्वदा ॥
</verse>",False
" ""O Lion among kings, receive this payasam prepared by gods, conferring progeny, bestowing affluence and improving health.  "," मणिरत्नमिदं दत्तं वैदेह्याश्श्वशुरेण मे।

वधूकाले यथाबद्धमधिकं मूर्ध्नि शोभते।।
  ","<verse>
वैवाहिके पुरा काले श्वशुरेण समर्पितः ।
वैदेह्या धारितो मूर्ध्नि रराज च मनोहरः ॥
</verse>",False
" ""O Lion among kings, receive this payasam prepared by gods, conferring progeny, bestowing affluence and improving health.  ", अथास्य जज्ञिरे पुत्रास्सत्यधर्मपरायणा:।हविष्यन्दो मधुष्यन्दो दृढनेत्रो महारथ:।। ,"<verse>
हविष्यन्दो मधुष्यन्दो दृढनेत्रो महारथः ।
काले ततः सुता जज्ञे सत्यधर्मपरायणाः ॥
</verse>",False
" ""O Lion among kings, receive this payasam prepared by gods, conferring progeny, bestowing affluence and improving health.  ", सीते विमुच्यतामेषा वनवासकृता मतिः।बहुदोषं हि कान्तारं वनमित्यभिधीयते।। ,"<verse>
त्यज काननवासाशां सीते वनमनेकधा ।
बहुदोषं महाघोरं वनवासं प्रचक्षते ॥
</verse>",False
" ""O Lion among kings, receive this payasam prepared by gods, conferring progeny, bestowing affluence and improving health.  ", न च सङ्कुचितः पन्था येन वाली हतो गतः।समये तिष्ठ सुग्रीव मा वालिपथमन्वग।। ,"<verse>
तन्न संकुचितः पन्था येन वाली हतो गतः।
समये तिष्ठ सुग्रीव मा वालीपथमन्वगाः॥
</verse>",False
" ""O Lion among kings, receive this payasam prepared by gods, conferring progeny, bestowing affluence and improving health.  ", जवेनमहतायुक्तोमारुतिर्मारुतोयथा ।जगामहरिशार्दूलोदिशश्शब्देनपूरयन् ।। ,"<verse>
मारुतिः कपिशार्दूलः यथानिलजवो गतः ।
शब्देन पूरयन् सर्वाः दिशो दश महास्वनः ॥
</verse>",False
" ""O Lion among kings, receive this payasam prepared by gods, conferring progeny, bestowing affluence and improving health.  ", तामेवं ब्रुवतीं तारां ताराधिपनिभाननाम्।वाली निर्भर्त्सयामास वचनं चेदमब्रवी।। ,"<verse>
तारायाश्चन्द्रमुख्यास्तु वचनं तद्विगर्हयन् ।
प्रत्युवाच ततो वाली कोपसंरक्तलोचनः ॥
</verse>",False
" ""O Lion among kings, receive this payasam prepared by gods, conferring progeny, bestowing affluence and improving health.  ", शस्त्राणिशरपत्राणिसमिधोऽथविभीतकाः ।।लोहितानि च वासांसिस्रुवंकार्ष्णायसंतथा । ,"<verse>
शस्त्राणि यत्र पर्णानि समिधश्च बिभीतकाः ।
रक्तांशुकासनं तत्र स्रुवा च लोहनिर्मिता ॥
</verse>",False
" ""O Lion among kings, receive this payasam prepared by gods, conferring progeny, bestowing affluence and improving health.  ", ततोरामोधनुष्पाणिर्मृगंतमनुधावति ।स तंजघानधावन्तंशरेणानतपर्वणा ।। ,"<verse>
धनुर्धरो रणे रामो मृगमन्वद्रवच्छरैः ।
अनुद्रुत्य धनुष्पाणिः शरेणैनमवाकिरत् ॥
</verse>",False
" ""O Lion among kings, receive this payasam prepared by gods, conferring progeny, bestowing affluence and improving health.  ", तांस्तु सर्वान्प्रतिव्यूह्य युद्धे राजा प्रवासितः।स च शैलवरे रम्ये बभूवाभिरतो मुनिः।। ,"<verse>
युध्यमानोऽसिता राजा पराजितो वनं गतः ।
रम्यं शैलं समाश्रित्य मुनिवद् व्यचरत् सुखी ॥
</verse>",False
" ""O Lion among kings, receive this payasam prepared by gods, conferring progeny, bestowing affluence and improving health.  ", यत्तु शक्यं मया कर्तुं वाग्बुद्धिगुणवर्तिना।।श्रूयतां तत्प्रवक्ष्यामि भवतां पौरुषाश्रयम्। ,"<verse>
विचारवाक्प्रभावेण युक्तोऽहं कथयामि ते ।
यच्छक्यं तव वीर्येण कर्तुं तच्छृणु सादरम् ॥
</verse>",False
" ""O Lion among kings, receive this payasam prepared by gods, conferring progeny, bestowing affluence and improving health.  ", स बुद्धिं कृतवान् राजा कुशनाभस्सुधार्मिक:।ब्रह्मदत्ताय काकुत्स्थ दातुं कन्याशतं तदा।। ,"<verse>
कुशानाभस्तु धर्मात्मा ब्रह्मदत्ताय राघव ।
कन्याशतं महातेजा दातुं मतिमथाकरोत् ॥
</verse>",False
" ""O Lion among kings, receive this payasam prepared by gods, conferring progeny, bestowing affluence and improving health.  ", पालितां राक्षसेन्द्रेण निर्मितां विश्वकर्मणा।प्लवमानमिवाकाशे ददर्श हनुमान् पुरीम्।। ,"<verse>
विश्वकर्मानिर्मिता सा रक्षोराजेन पालिता ।
दिवि तैरन्त्यपुरी तुल्या व्योम्नि रेजे पुरी यथा ॥
</verse>",False
" ""O Lion among kings, receive this payasam prepared by gods, conferring progeny, bestowing affluence and improving health.  ", अलमस्मात्परित्रातुं राघवाद्राक्षसीगणम्।अभियाचाम वैदेहीमेतद्धि मम रोचते।। ,"<verse>
रक्षार्थं रक्षसां वंशं रामाद्भीतस्य सर्वथा ।
क्षमायाचनमेवात्र पर्याप्तं मन्यते मया ॥
</verse>",False
" ""O Lion among kings, receive this payasam prepared by gods, conferring progeny, bestowing affluence and improving health.  ", वृद्धभावादपक्षत्वाच्छृण्वंस्तदपि मर्षये।न हि मे शक्तिरस्त्यद्य भ्रातुर्वैरविमोक्षणे।। ,"<verse>
श्रुत्वाप्यहं न शक्नोमि कर्तुं वैरप्रतिक्रियाम् ।
वृद्धोऽहं पक्षहीनश्च निर्वीर्यो रणकर्मणि ॥
</verse>",False
" ""O Lion among kings, receive this payasam prepared by gods, conferring progeny, bestowing affluence and improving health.  ", वालिना भग्नदर्पस्तु सुग्रीवो मन्दविक्रमः।वालिनं प्रति सामर्षो दर्शयामास लाघव।। ,"<verse>
क्षीणवीर्यो हतोत्साहः सुग्रीवः शोकविह्वलः ।
बुद्धिमत्तां प्रदर्शयन् उपायमकरोत्तदा ॥
</verse>",False
" ""O Lion among kings, receive this payasam prepared by gods, conferring progeny, bestowing affluence and improving health.  ", ननु सद्योऽविनीतस्य दृश्यते कर्मणःफलम्।।कालोऽप्यङ्गीभवत्यत्र सस्यानामिव पक्तये। ,"<verse>
न हि पापं कृतं कर्म सद्यः फलति गौरिव ।
शनैरावर्तमानं तु कर्तुर्मूलानि कृन्तति ॥
</verse>",False
" ""O Lion among kings, receive this payasam prepared by gods, conferring progeny, bestowing affluence and improving health.  ", सहविर्लाजसंस्कारैर्माल्यगन्धपुरस्कृतैः ।।जुहुवेपावकंतत्रराक्षनेन्द्रःप्रतापवान् । ,"<verse>
पूजयामास गन्धैश्च पुष्पैश्चैव यथाविधि ।
लाजैश्चैव हुताशं च रक्षोराजो महाबलः ॥
</verse>",False
" ""O Lion among kings, receive this payasam prepared by gods, conferring progeny, bestowing affluence and improving health.  ", न रामस्तपसा देवि न बलेन न विक्रमैः।।न धनेन मया तुल्यस्तेजसा यशसापि वा। ,"<verse>
तपसा वा बलेनापि विक्रमेण धनेन वा ।
तेजसा वा यशसा वापि न रामो ममतुल्यकः ॥
</verse>",False
" ""O Lion among kings, receive this payasam prepared by gods, conferring progeny, bestowing affluence and improving health.  ", नाथवांश्च शुनश्शेफो यज्ञश्चाविघ्नितो भवेत्।देवतास्तर्पिताश्चस्युर्मम चापि कृतं वच:।। ,"<verse>
रक्षितोऽयं शुनःशेपो यज्ञश्चाविघ्नतो भवेत् ।
देवास्तुष्टिं गमिष्यन्ति मद्वाक्यं सत्यमेव च ॥
</verse>",False
" ""O Lion among kings, receive this payasam prepared by gods, conferring progeny, bestowing affluence and improving health.  ", गदापरिघहस्तौतौयुधिवीरौसमीयतुः ।नर्दन्तौगोवृषप्रख्यौघनाविवसविद्युतौ ।। ,"<verse>
महोदरः सुग्रीवश्च गदापरिघधारिणौ ।
विद्युद्वन्ताविव घनौ गर्जन्तौ रणमूर्धनि ॥
</verse>",False
" ""O Lion among kings, receive this payasam prepared by gods, conferring progeny, bestowing affluence and improving health.  ", यानि त्वत्तीरवासीनि दैवतानि च सन्ति हि।तानि सर्वाणि यक्ष्यामि तीर्थान्यायतनानि च।। ,"<verse>
तव तीरस्थिताः सर्वाः पूजयिष्यामि देवताः ।
तीर्थानि च समस्तानि तथा देवाळयानपि ॥
</verse>",False
" ""O Lion among kings, receive this payasam prepared by gods, conferring progeny, bestowing affluence and improving health.  ", मङ्गलाभिमुखी तस्य सा तदाऽसीन्महाकपेः।।उपतस्थे विशालाक्षी प्रयता हव्यवाहनम्। ,"<verse>
मङ्गलं कपिराजाय याचमाना विलोचना ।
हृदयेन तदा सीता हुताशनमुपागमत् ॥
</verse>",False
" ""O Lion among kings, receive this payasam prepared by gods, conferring progeny, bestowing affluence and improving health.  ", ततस्सपुरुषव्याघ्र स्तद्धनं सहलक्ष्मणः।।द्विजेभ्यो बालवृद्धेभ्यः कृपणेभ्योऽह्यदापयत्। ,"<verse>
लक्ष्मणेन सह श्रीमान् रामः सर्वं धनं ददौ ।
दरिद्रेभ्यो द्विजातिभ्यः बालवृद्धेषु चानघः ॥
</verse>",False
" ""O Lion among kings, receive this payasam prepared by gods, conferring progeny, bestowing affluence and improving health.  ", सुमहद्वैष्णवं यत्तदतिसृष्टं महर्षिणा।वरं तद्धनुरुद्यम्य खरं समभिधावत।। ,"<verse>
ततो रामो धनुःश्रेष्ठं वैष्णवं मुनिदत्तकम् ।
खरं प्रति महातेजाः सन्दधे धनुरुत्तमम् ॥
</verse>",False
" ""O Lion among kings, receive this payasam prepared by gods, conferring progeny, bestowing affluence and improving health.  ", इत्युक्तेराघवायाऽथमतिमानङ्गदोऽग्रतः ।विभीषणपरीक्षार्थमुवाचवचनंहरिः ।। ,"<verse>
इत्युक्त्वा वानरः श्रीमानङ्गदो बुद्धिमांस्तदा ।
विभीषणस्य जिज्ञासां रामायोवाच सत्वरम् ॥
</verse>",False
" ""O Lion among kings, receive this payasam prepared by gods, conferring progeny, bestowing affluence and improving health.  ", देवदानवयक्षाणांगन्धर्वोरगरक्षसाम् ।शत्रुमद्योद्धरिष्यामित्वामृषीणांचकण्टकम् ।। ,"<verse>
देवदानवयक्षाणां गन्धर्वाणां च भोगिनाम्।
ऋषीणां कण्ठशूलं त्वामुन्मूलयामि भूतलात्॥
</verse>",False
" ""O Lion among kings, receive this payasam prepared by gods, conferring progeny, bestowing affluence and improving health.  ", तमतिक्रम्य शैलेन्द्रं काञ्चनान्तरनिर्दरः।पर्वत स्सर्वसौवर्णो धाराप्रस्रवणायुतः।। ,"<verse>
सत्यमेव जयत्येव न चानृतं कदाचन ।
सत्येन पन्था विततो देवयानः सनातनः ॥
</verse>",False
" ""O Lion among kings, receive this payasam prepared by gods, conferring progeny, bestowing affluence and improving health.  ", अभिषेक्ष्यन्ति काकुत्स्थमयोध्यायां द्विजातयः।अपि मे देवताः कुर्युरिमं सत्यं मनोरथम्।। ,"<verse>
अयोध्यायां द्विजातीयाः रामं सेक्ष्यन्ति वै ध्रुवम् ।
करिष्यन्ति च देवा मे सत्यमेतं मनोरथम् ॥
</verse>",False
" ""O Lion among kings, receive this payasam prepared by gods, conferring progeny, bestowing affluence and improving health.  ", इत्युक्तःपरुषंवाक्यंन्यायवादीविभीषणः ।उत्पपातगदापाणिश्चतुर्भिस्सहराक्षसैः ।। ,"<verse>
इत्युक्तः परुषं वाक्यं रावणेन विभीषणः ।
उत्पपात गदापाणिश्चतुर्भिः सह राक्षसैः ॥
</verse>",False
" ""O Lion among kings, receive this payasam prepared by gods, conferring progeny, bestowing affluence and improving health.  ", तदाश्वसिहिविस्रब्धंस्वगृहेपरिवर्तसे ।।अयंचाभ्येतिसम्हृष्टस्त्वद्धर्शनसमुत्सुकः । ,"<verse>
स्वगृहे वसतीवेह स्वस्थिका भव मैथिलि ।
त्वां द्रष्टुमुत्सुको हृष्टो विभीषण उपस्थितः ॥
</verse>",False
" ""O Lion among kings, receive this payasam prepared by gods, conferring progeny, bestowing affluence and improving health.  ", शृङ्गबेरिपुरंप्राप्यगुहंगहनगोचरम् ।निषादाधिपतिंब्रूहिकुशलंवचनान्मम ।। ,"<verse>
शृङ्गवेरपुरं याहि व्योममार्गेण दृश्यते ।
दृष्ट्वा निषादराजं तं पृच्छ त्वं कुशलं मम ॥
</verse>",False
" ""O Lion among kings, receive this payasam prepared by gods, conferring progeny, bestowing affluence and improving health.  ", आतिथ्यं कर्तुमिच्छामि बलस्यास्य महाबल ।तव चैवाप्रमेयस्य यथार्हं सम्प्रतीच्छ मे।। ,"<verse>
विश्वामित्र महातेजः ससैन्यस्य च तेऽनघ ।
पूजां कर्तुं व्यवस्येऽहं तन्मे त्वं कर्तुमर्हसि ॥
</verse>",False
" ""O Lion among kings, receive this payasam prepared by gods, conferring progeny, bestowing affluence and improving health.  ", असत्यानि च युद्धानि संशयो मे न रोचते।।कश्च निस्संशयं कार्यं कुर्यात्प्राज्ञः ससंशयम्। ,"<verse>
युद्धानां च गतिश्चित्रा को हि धीमान् बुधो जनः ।
संशयास्पदकर्माणि कुर्यात् कः सहसा बुधः ॥
</verse>",False
" ""O Lion among kings, receive this payasam prepared by gods, conferring progeny, bestowing affluence and improving health.  ", ममन्थ च महाकायान्राक्षसान्वानरेश्वरः ।युगान्तसमयेवायुःप्रवृद्धानगमानिव ।। ,"<verse>
महाकायो वायुवेगो वानरेन्द्रो बभञ्ज तान् ।
राक्षसान् मारुतो घोरः प्रलयं भुवनं यथा ॥
</verse>",False
" ""O Lion among kings, receive this payasam prepared by gods, conferring progeny, bestowing affluence and improving health.  ", मामनिर्जित्य दुर्बुद्धे राक्षसेश्वरपालितां।न शक्यमद्य ते द्रष्टुं पुरीयं वानराधम।। ,"<verse>
न शक्या हि त्वया लङ्का प्रवेष्टुं वानराधम ।
विना जित्वा मया वीर रावणाभिरक्षिता ॥
</verse>",False
" ""O Lion among kings, receive this payasam prepared by gods, conferring progeny, bestowing affluence and improving health.  ", इक्ष्वाकुवंशविख्यातिं शनैः कीर्तयतानघ।।सा मया नरशार्दूल विश्वासमुपपादिता। ,"<verse>
तस्याः संजननार्थाय विश्वासस्य नरर्षभ ।
कीर्तितं मे महाराज कुलं ते भूरितेजसः ॥
</verse>",False
" ""O Lion among kings, receive this payasam prepared by gods, conferring progeny, bestowing affluence and improving health.  ", वानराधिपतिश्शीमान्सुग्रीवः कच्चिदेष्यति।मत्कृते हरिभिर्वीरैर्वृतो दन्तनखायुधैः।। ,"<verse>
नखदंष्ट्रायुधैर्वीरैर्वृतः सुग्रीव एष्यति ।
वानरैः सह तेजस्वी देशमस्मिन्नुपैष्यति ॥
</verse>",False
" ""O Lion among kings, receive this payasam prepared by gods, conferring progeny, bestowing affluence and improving health.  ", अथवा ह्रियमाणायाः पथि सिद्धनिषेविते।।मन्ये पतितमार्याया हृदयं प्रेक्ष्य सागरम्। ,"<verse>
सिद्धमार्गे हृता नूनं भीता वा रामवल्लभा ।
दृष्ट्वा महासमुद्रं च पतिता स्यान्मृता भुवि ॥
</verse>",False
" ""O Lion among kings, receive this payasam prepared by gods, conferring progeny, bestowing affluence and improving health.  ", राजा दशरथो नाम ज्येष्ठस्तस्य सुतो बली। रामः प्राप्तो मुनिं द्रष्टुं भार्यया सह सीतया।।  ,"<verse>
दशरथस्य पुत्रोऽयं ज्येष्ठो वीरो मुनिं द्रष्टुम् ।
भार्यया सीतया सार्धं प्राप्तवान्मुनिसंनिधिम् ॥
</verse>",False
" ""O Lion among kings, receive this payasam prepared by gods, conferring progeny, bestowing affluence and improving health.  ", सोऽहं ते पितुराचार्यस्तव चैव परन्तप।मम त्वं वचनं कुर्वन्नातिवर्तेस्सतां गतिम्।। ,"<verse>
अहं गुरुः पितुस्तेऽसं तथा तव च शत्रुहन् ।
मद्वचोऽनुसरन् मार्गं न सतां हातुमर्हसि ॥
</verse>",False
" ""O Lion among kings, receive this payasam prepared by gods, conferring progeny, bestowing affluence and improving health.  ", इत्येवमुच्यमानासासशब्दंप्ररुरोद ह ।।स्नापयन्तीतदास्रेणस्तनौवक्रंसुनिर्मलम् । ,"<verse>
एवमुक्ता सपत्नीभिः मन्दोदरी रुरोद ह।
वक्त्रं स्तनौ च सिञ्चन्ती भ्राशद्भिरश्रुबिन्दुभिः॥
पुनरेव रुरोदोच्चैः क्रोशन्ती कुररी यथा।
</verse>",False
" ""O Lion among kings, receive this payasam prepared by gods, conferring progeny, bestowing affluence and improving health.  ", दिशागजस्तु तच्छ्रुत्वा प्रत्याहांशुमतो वच:।आसमञ्ज कृतार्थस्त्वं सहाश्वश्शीघ्रमेष्यसि।। ,"<verse>
अंशुमद्भाषितं श्रुत्वा दिशागजवरो महान् ।
प्रत्युवाच महातेजाः कृतार्थस्त्वं गमिष्यसि ॥
</verse>",False
" ""O Lion among kings, receive this payasam prepared by gods, conferring progeny, bestowing affluence and improving health.  ", रावणोऽयं महाबाहुरिति सञ्चिन्त्य वानरः।अवप्लुतो महातेजा हनुमान्मारुतात्मजः।। ,"<verse>
दृष्ट्वा रावणमुग्रं वै मारुतात्मजवीर्यवान् ।
इत्येवं रावणं ज्ञात्वा किञ्चिदप्यवरोहति ॥
</verse>",False
" ""O Lion among kings, receive this payasam prepared by gods, conferring progeny, bestowing affluence and improving health.  ", धर्मोवैग्रसतेऽधर्मंततःकृतमभूद्युगम् ।।अधर्मोग्रसतेधर्मंततस्तिष्यःप्रवर्तते । ,"<verse>
धर्मो हन्ति यदाधर्मं कृतयुगं तदुच्यते ।
अधर्मो ग्रसते धर्मं कलियुगं तदुच्यते ॥
</verse>",False
" ""O Lion among kings, receive this payasam prepared by gods, conferring progeny, bestowing affluence and improving health.  ", गतिं खर इवाश्वस्य तार्क्ष्यस्येव पतत्रिणः।अनुगन्तुं न शक्तिर्मे गतिं तव महीपते।। ,"<verse>
नाश्वस्य रासभो गन्तुं न तार्क्ष्यस्य पतत्त्रिणः ।
तथा त्वां राजशार्दूल नानुगन्तुं क्षमोऽस्म्यहम् ॥
</verse>",False
" ""O Lion among kings, receive this payasam prepared by gods, conferring progeny, bestowing affluence and improving health.  ", मुहूर्तं भव सौमित्रे सीतायाः प्रत्यनन्तरः।इमानस्या वधिष्यामि पदवीमागतानिह।। ,"<verse>
लक्ष्मण रक्ष सीतां त्वं क्षणमत्र स्थिरीभव ।
हनिष्यामीह यातून् वै समायातान् इहाधुना ॥
</verse>",False
" ""O Lion among kings, receive this payasam prepared by gods, conferring progeny, bestowing affluence and improving health.  ", एष वै तत्र वैदेह्या विहगः प्रतिहारकः। पक्षी मां तु विशालाक्ष्यास्समीपमुपनेष्यति।। ,"<verse>
वैदेहीसहचारी यो वायसः स हि मां ततः ।
नयिष्यति विशालाक्षीं प्रियां मम सुलोचनाम् ॥
</verse>",False
" ""O Lion among kings, receive this payasam prepared by gods, conferring progeny, bestowing affluence and improving health.  ", कौशेयानि च वस्त्राणि भूषणानि वराणि च।क्षिप्रमादय राज्ञश्च भरतस्य च गच्छत।। ,"<verse>
कौशेयानि महार्हाणि भूषणानि च गृह्यताम् ।
भरताय च राज्ञे च शीघ्रं गच्छत मा चिरम् ॥
</verse>",False
" ""O Lion among kings, receive this payasam prepared by gods, conferring progeny, bestowing affluence and improving health.  ", तमजय्यमधृष्यं च वानरेन्द्रममर्षणम्।विचिन्तयन्न मुञ्चामि ऋश्यमूकमहन्विम।। ,"<verse>
मत्वा क्रुद्धमसह्यं च हरीशं तमनिर्जितम् ।
ऋष्यमूकादहं भीतो न बहिः प्रस्थितो ह्यतः ॥
</verse>",False
" ""O Lion among kings, receive this payasam prepared by gods, conferring progeny, bestowing affluence and improving health.  ", कथञ्चित्सन्तरिष्यामस्तेवयंवरुणालयम् ।हतमित्येवतंमन्येयुद्धेशत्रुनिबर्हण ।। ,"<verse>
येन केनाप्युपायेन तीर्णो नदपतिर्यदा ।
हतं शत्रुं रणे विद्धि तदा त्वं शत्रुसूदन ॥
</verse>",False
" ""O Lion among kings, receive this payasam prepared by gods, conferring progeny, bestowing affluence and improving health.  ", नाग्निर्नान्यानिशस्त्राणिननःपाशाभयावहाः ।घोरास्स्वार्थप्रयुक्तास्तुज्ञातयोनोभयावहाः ।। ,"<verse>
न वह्नेर्न च शस्त्राणां न मृत्योः पाशतो भयम् ।
केवलं स्वार्थसम्बद्धाः बान्धवा भयदायकाः ॥
</verse>",False
" ""O Lion among kings, receive this payasam prepared by gods, conferring progeny, bestowing affluence and improving health.  ", सन्ध्ययाचावृतालङ्काजपापुष्पनिकाशया ।।दृश्यतेसम्प्रदीप्तेवदिवसेऽपिवसुन्धरा । ,"<verse>
दिवापि सा बभौ लङ्का जपापुष्पैश्चिता तथा ।
सन्ध्यारागवृतेवासीद् दह्यमानेव मेदिनी ॥
</verse>",False
" ""O Lion among kings, receive this payasam prepared by gods, conferring progeny, bestowing affluence and improving health.  ", इच्छसि त्वं विनश्यन्तं रामं लक्ष्मण मत्कृते।।लोभात्त्वं मत्कृते नूनं नानुगच्छसि राघवम्। ,"<verse>
मम हेतोः प्रतिच्छन्नं शङ्के लक्ष्मण काङ्क्षसि ।
विनाशं राघवस्यासौ ततो नैनमभिद्रवेः ॥
</verse>",False
" ""O Lion among kings, receive this payasam prepared by gods, conferring progeny, bestowing affluence and improving health.  ", तंसमुत्सृज्यसाशक्तिःसौमित्रिंयुधिदुर्जयम् ।।रावणस्यरथेतस्मिन् स्थानंपुनरुपागता । ,"<verse>
हित्वा लक्ष्मणमक्षय्यं सा शक्तिः पुनरागमत् ।
रावणस्य रथं तूर्णमुपस्थाय व्यवस्थितम् ॥
</verse>",False
" ""O Lion among kings, receive this payasam prepared by gods, conferring progeny, bestowing affluence and improving health.  ", दुःखितो हि भवान्लोकांस्तेजसा यदि धक्ष्यते।आर्ताः प्रजा नरव्याघ्र क्व नु यास्यन्ति निर्वृतिम्।। ,"<verse>
यदि त्वं दुःखितो वीर लोकं दहसि तेजसा ।
आर्त्ताः कुत्र प्रयास्यन्ति शरणं दीनचेतसः ॥
</verse>",False
" ""O Lion among kings, receive this payasam prepared by gods, conferring progeny, bestowing affluence and improving health.  ", तस्य तस्मिन्वने पुत्रो बालष्षोडशवार्षिकः।प्रणष्टो जीवितान्ताय क्रुद्धस्तत्र महामुनिः।। ,"<verse>
नष्टे षोडशवर्षे तु पुत्रे तस्य वनान्तरे ।
महामुनिः प्रचुक्रोध कोपेन महता वृतः ॥
</verse>",False
" ""O Lion among kings, receive this payasam prepared by gods, conferring progeny, bestowing affluence and improving health.  ", चिन्तयानस्य तस्यैवं बुद्धिरासीन्महात्मन: ।सुतार्थं हयमेधेन किमर्थं न यजाम्यहम्।।  ,"<verse>
तस्य चिन्तयतो राज्ञो महात्मनो विचारणा ।
पुत्रार्थं हयमेधेन यजेयं त्रिदिवौकसः ॥
</verse>",False
" ""O Lion among kings, receive this payasam prepared by gods, conferring progeny, bestowing affluence and improving health.  ", दिष्ट्या रामश्चिरस्याद्य द्रष्टुं मां समुपागतः।। मनसा काङ्क्षितं ह्यस्य मयाप्यागमनं प्रति।  ,"<verse>
दिष्ट्या रामोऽत्र संप्राप्तो बहुकालस्य दर्शने ।
तस्यागमनमाकाङ्क्षन् प्रतीक्षे स्म सुहर्षितः ॥
</verse>",False
" ""O Lion among kings, receive this payasam prepared by gods, conferring progeny, bestowing affluence and improving health.  ", पौलस्त्यस्य वरिष्ठस्य रावणस्य महात्मनः।दशग्रीवस्य भार्या त्वं सीते न बहुमन्यसे।। ,"<verse>
पौलास्त्यकुलजातस्य रावणस्य यशस्विनः ।
पत्नीत्वं बहु मन्येथाः किं न सीते महात्मनः ॥
</verse>",False
" ""O Lion among kings, receive this payasam prepared by gods, conferring progeny, bestowing affluence and improving health.  ",  स सागरमनादृष्यमतिक्रम्य महाबलः।       त्रिकूटशिखरे लङ्कां स्थितां स्वस्थो ददर्श ह।। ,"<verse>
तीर्त्वा दुष्प्रसहं सिन्धुं हनुमान् मारुतात्मजः ।
त्रिकूटशिखरे स्थित्वा लङ्कां समवलोकयत् ॥
</verse>",False
" ""O Lion among kings, receive this payasam prepared by gods, conferring progeny, bestowing affluence and improving health.  ", रावणस्य पुनर्वाक्यं निशम्य तदकम्पनः।आचचक्षे बलं तस्य विक्रमं च महात्मनः।। ,"<verse>
श्रुत्वा रावणवाक्यानि अकम्पन उवाच ह ।
रामस्य सुमहद्वीर्यं युद्धे विक्रममेव च ॥
</verse>",False
" ""O Lion among kings, receive this payasam prepared by gods, conferring progeny, bestowing affluence and improving health.  ", सर्वरत्नसमायुक्तंमणिभिश्चविभूषितम् ।मुक्ताहारंनरेन्द्रायददौशक्रप्रचोदितः ।। ,"<verse>
शक्रप्रेरितवायुश्च ददौ मुक्तामयीं स्रजम् ।
नानारत्नविभूषाढ्यां भूपालाय जगत्पते ॥
</verse>",False
" ""O Lion among kings, receive this payasam prepared by gods, conferring progeny, bestowing affluence and improving health.  ", तेषां शार्दूलदर्पाणां महास्यानां महौजसाम्।सर्वोद्योग मुदीर्णानां रक्षसां सौम्य कारय।। ,"<verse>
आनयैतान् सुभग त्वं व्याघ्रवीर्यान् बलोत्कटान् ।
महावक्त्रान् रणे दृप्तान् युद्धाय समुपस्थितान् ॥
</verse>",False
" ""O Lion among kings, receive this payasam prepared by gods, conferring progeny, bestowing affluence and improving health.  ", मम दुःखमिदं पुत्र भूयस्समुपजायते।शपथै श्शपमानो हि प्राणानुपरुणत्सि मे।। ,"<verse>
शपथेन सुत प्राणान् रुणत्सि मम सर्वशः ।
भूयो वर्धति मे दुःखं शपथेन तवाधुना ॥
</verse>",False
" ""O Lion among kings, receive this payasam prepared by gods, conferring progeny, bestowing affluence and improving health.  ", एष वञ्चुलको नाम पक्षी परमदारुणः।आवयोर्विजयं युद्धे शंसन्निव विनर्दति।। ,"<verse>
एष वञ्चुलकः पक्षी रौति घोरं जयप्रदम् ।
युद्धे विजयमस्माकं शंसतीव मुदावहः ॥
</verse>",False
" ""O Lion among kings, receive this payasam prepared by gods, conferring progeny, bestowing affluence and improving health.  ", विसृजन्तोमहानादांस्त्रासयन्तोनिशाचरान् ।लङ्काद्वाराण्युपाजग्मुर्युद्धकामाःप्लवङ्गमाः ।। ,"<verse>
नादयन्तो महानादं त्रासयन्तो निशाचरान् ।
युद्धकामा महावीरा लङ्काद्वारमुपागमन् ॥
</verse>",False
" ""O Lion among kings, receive this payasam prepared by gods, conferring progeny, bestowing affluence and improving health.  ", तमद्यैव प्रियार्थं मे वैरिणं भ्रातृरूपिणम्।वालिनं जहि काकुत्स्थ मया बद्धोऽयमञ्जल।। ,"<verse>
भ्रातृरूपं रिपुं राम वालिनं जहि मत्कृते ।
अञ्जलिं ते करोम्येष मत्प्रियं कुरु राघव ॥
</verse>",False
" ""O Lion among kings, receive this payasam prepared by gods, conferring progeny, bestowing affluence and improving health.  ", तांशिलांतुप्रचिक्षेपराक्षसायमहाबलः ।बिभेदतांशिलांकुम्भःप्रसन्नैःपञ्चभिश्शरैः ।। ,"<verse>
मैन्दो मुमोच तां शैलं राक्षसाय जिघांसया ।
कुम्भस्तु पञ्चभिर्बाणैर्बिभेद तां शिलां रणे ॥
</verse>",False
" ""O Lion among kings, receive this payasam prepared by gods, conferring progeny, bestowing affluence and improving health.  ", मणिमुक्तं सुवर्णानि रत्नानि विविधानि च।दद्याद्दशरथो राजा मास्म तेषु मनः कृथाः।। ,"<verse>
दद्याद् दशरथो राजा हेमरत्नमणीनि च ।
विविधानि च रत्नानि मा तेषु मनसा कृथाः ॥
</verse>",False
" ""O Lion among kings, receive this payasam prepared by gods, conferring progeny, bestowing affluence and improving health.  ", सोऽवतीर्य रथाच्छीघ्रं राजवेश्म प्रविश्य च। कक्ष्या स्सप्ताभिचक्राम महाजनसमाकुलाः।। ,"<verse>
तूर्णं रथादवतीर्य विवेश नृपतेर्गृहम् ।
कक्ष्याः सप्त व्यतीत्याशु जनसंकीर्णमण्डलाः ॥
</verse>",False
" ""O Lion among kings, receive this payasam prepared by gods, conferring progeny, bestowing affluence and improving health.  ", असङ्ख्येयास्तु रामस्य सायकाश्चापमण्डलात्।विनिष्पेतुरतीवोग्रा रक्षःप्राणापहारिणः।। ,"<verse>
मण्डलीकृतचापात्तु रामस्याक्लिष्टकर्मणः ।
शरा घोरा विनिष्पेतुर्दैत्यासून्मथितुं क्षमाः ॥
</verse>",False
" ""O Lion among kings, receive this payasam prepared by gods, conferring progeny, bestowing affluence and improving health.  ", विस्मयाच्छप्रहर्षाच्चस्नेहाच्चपतिदेवता ।उदैक्षतमुखंभर्तुःसौम्यंसौम्यतरानना ।। ,"<verse>
पतिदेवप्रिया साध्वी सीता हर्षसमन्विता ।
ददर्श रामवक्त्रं सा सौम्यं स्नेहसमन्विता ॥
</verse>",False
" ""O Lion among kings, receive this payasam prepared by gods, conferring progeny, bestowing affluence and improving health.  ", तं महाबलसम्पन्नं राक्षसं रणकोविदम्।।परिघेणातिघोरेण सूदयामि सहानुगम्। ,"<verse>
मया हतो महावीर्यो जम्बुमाली रणोत्सुकः ।
घोरेण परिघेणाजौ तथान्ये घोरराक्षसाः ॥
</verse>",False
" ""O Lion among kings, receive this payasam prepared by gods, conferring progeny, bestowing affluence and improving health.  ", इहाद्य रजनीं राम सुखं वत्स्यामहे वयम्।श्व: प्रभाते नरश्रेष्ठ जनकं द्रष्टुमर्हसि।। ,"<verse>
इहाद्य रजनीं राम वत्स्यामः सुखिनो वयम् ।
श्वो द्रक्ष्यामो नृपश्रेष्ठ जनकं मिथिलाधिपम् ॥
</verse>",False
" ""O Lion among kings, receive this payasam prepared by gods, conferring progeny, bestowing affluence and improving health.  ", तदेवं प्रस्थितस्यास्य परिज्ञातस्य कर्मभिः।भर्त्रा परिगृहीतस्य ध्रुवः कार्यफलोदयः।। ,"<verse>
निश्चितं हि कपीन्द्रोऽसौ सिद्धिं वेत्ति हनूमति ।
अतस्तमेव सुग्रीवः प्रहृष्टः प्रेषयत्यलम् ॥
</verse>",False
" ""O Lion among kings, receive this payasam prepared by gods, conferring progeny, bestowing affluence and improving health.  ", अहं ज्ञात्वा नरव्याघ्र वर्तमानमदूरतः।ब्रह्मलोकं न गच्छामि त्वामदृष्ट्वा प्रियातिथिम्।। ,"<verse>
राम त्वं मे प्रियो बन्धुर्ज्ञात्वा त्वामुपयातकम् ।
न गच्छामि ब्रह्मलोकं त्वामदृष्ट्वा रघूत्तम ॥
</verse>",False
" ""O Lion among kings, receive this payasam prepared by gods, conferring progeny, bestowing affluence and improving health.  ", तच्छ्रुत्वा वचनं तस्य कृतार्था रघुनन्दन।प्रणिपत्य सुरास्सर्वे पितामहमपूजयन्।। ,"<verse>
श्रुत्वा वाक्यं विधातुश्च कृतार्थाः सर्वदेवताः ।
प्रणम्य शिरसा रामं पूजयामासुरञ्जलिम् ॥
</verse>",False
" ""O Lion among kings, receive this payasam prepared by gods, conferring progeny, bestowing affluence and improving health.  ", इन्द्रजित्तुमहामायःसर्वसैन्यसमावृतः ।।विवेशनगरींलङ्कांपितरंचाभ्युपागमत् । ,"<verse>
कृत्स्नसैन्यवृतो वीरः लङ्कापुरीं विवेश ह ।
महावीर्यो महातेजाः पितरं समुपस्थितः ॥
</verse>",False
" ""O Lion among kings, receive this payasam prepared by gods, conferring progeny, bestowing affluence and improving health.  ", अभवन् पन्नगास्त्रस्ताभोगिनस्तत्रवासिनः ।शीघ्रंसर्वाणियादांसिजग्मुश्चलवणार्णवम् ।। ,"<verse>
तार्क्ष्यभीतास्तदा तत्र सर्पाश्च यादसां गणाः ।
लवणोदं द्रुतं जग्मुर्भीताः सागरमर्णवम् ॥
</verse>",False
" ""O Lion among kings, receive this payasam prepared by gods, conferring progeny, bestowing affluence and improving health.  ", तत्र नामुदितः कश्चिन्नास्ति कश्चिदसत्प्रियः।अहन्यहनि वर्धन्ते गुणास्तत्र मनोरमाः।। ,"<verse>
न कश्चिद् दुःखितस्तत्र न च पापमतिर्नरः ।
जनेषु वर्धन्ते नित्यं गुणाः प्रतिदिनं जने ॥
</verse>",False
" ""O Lion among kings, receive this payasam prepared by gods, conferring progeny, bestowing affluence and improving health.  ", अर्थिनः कार्यनिर्वृत्तिमकर्तुरपि यश्चरेत्।तस्य स्यात्सफलं जन्म किं पुनः पूर्वकारिणः।। ,"<verse>
उपकारिणि यः कुर्यात् क्रियते न हि चित्रकम् ।
अनुपकारिणे यस्तु कुर्यात् तज्जन्म सार्थकम् ॥
</verse>",False
" ""O Lion among kings, receive this payasam prepared by gods, conferring progeny, bestowing affluence and improving health.  ", न सन्ति महिषा यत्र न मृगा न च हस्तिनः।।शार्दूलाः पक्षिणो वापि ये चान्ये वनगोचराः। ,"<verse>
न महिषा न च मृगा न गजा न च व्याघ्रकाः ।
न खगाः सन्ति तत्रैव न चान्ये वन्यजन्तवः ॥
</verse>",False
" ""O Lion among kings, receive this payasam prepared by gods, conferring progeny, bestowing affluence and improving health.  ", न पापानां वधे पापं विद्यते शत्रुसूदन।तस्मादेनं वधिष्यामि वानरं पापचारिणम्।। ,"<verse>
पापिनां वधदोषो न शत्रुघ्न न कदाचन ।
तस्मादहं हनिष्ये तं पापवानरघातनम् ॥
</verse>",False
" ""O Lion among kings, receive this payasam prepared by gods, conferring progeny, bestowing affluence and improving health.  ", उत्सृज्य प्रमदामेनामनपेक्षौ यथागतम्।त्वरमाणौ पलायेथां न वां जीवितमाददे।।। ,"<verse>
तस्मात् त्यज त्वमेनां वै गच्छ शीघ्रं यथागतम् ।
न ते प्राणान् हरिष्यामि रक्षामि तव जीवितम् ॥
</verse>",False
" ""O Lion among kings, receive this payasam prepared by gods, conferring progeny, bestowing affluence and improving health.  ", मया रामेण च त्यक्तं शाश्वतं सत्कृतं गुणैः।।इक्ष्वाकुकुलमक्षोभ्यमाकुलं पालयिष्यसि। ,"<verse>
ऐक्ष्वाकं शासिता दिव्यं निष्कण्टकमनाविलम् ।
मया रामेण च व्यक्तं शोकाकुलमचेतनम् ॥
</verse>",False
" ""O Lion among kings, receive this payasam prepared by gods, conferring progeny, bestowing affluence and improving health.  ", यदि प्रव्राजितो रामो लोभकारणकारितम्।वरदाननिमित्तं वा सर्वथा दुष्कृतं कृतम्।। ,"<verse>
राज्यलोभादथैतद्वा वरदानस्य पूर्तये ।
एतन्निर्वासनं कर्म सर्वथा पापकर्म हि ॥
</verse>",False
" ""O Lion among kings, receive this payasam prepared by gods, conferring progeny, bestowing affluence and improving health.  ", कर्णवन्ति हि भूतानि विशेषेण तुरङ्गमाः।यूयं तस्मान्निवर्तध्वं याचनां प्रतिवेदिताः।। ,"<verse>
श‍ृण्वन्ति पशवः सर्वे तुरङ्गाश्च विशेषतः ।
तस्मादस्मद्वचः श्रुत्वा निवर्तस्व महामते ॥
</verse>",False
" ""O Lion among kings, receive this payasam prepared by gods, conferring progeny, bestowing affluence and improving health.  ", गच्छायोध्यामितोराजन्विसर्जय च वानरान् ।।मैथिलींसान्त्वयस्वैनामनुरक्तांयशस्विनीम् । ,"<verse>
अयोध्यां गच्छ राजेन्द्र त्यक्त्वा शाखामृगान् इतः ।
आश्वासय च वैदेहीं यशस्विनीं प्रियां तव ॥
</verse>",False
" ""O Lion among kings, receive this payasam prepared by gods, conferring progeny, bestowing affluence and improving health.  ", केतुर्मूर्धनिगृध्रोऽस्यनिलीनोदक्षिणामुखः ।तुदन्नुभयतःपार्श्वंसमग्रामहरत्प्रभाम् ।। ,"<verse>
प्रहस्तस्य ध्वजाग्रे तु गृध्रं याम्यमुखं स्थितम् ।
पक्षौ कण्डूयमानं च दृष्ट्वा स हृतश्रीरभूत् ॥
</verse>",False
" ""O Lion among kings, receive this payasam prepared by gods, conferring progeny, bestowing affluence and improving health.  ", ये तु त्वरयितुं याता वानरास्सर्ववानरान्।ते वीरा हिमवच्छैलं ददृशुस्तं महाद्रुमम्।। ,"<verse>
त्वरिताश्च गताः शीघ्रमद्रिराजं हिमार्दकम् ।
तस्मात् महाद्रुमात् तत्र ददृशुस्ते हिमाचलम् ॥
</verse>",False
" ""O Lion among kings, receive this payasam prepared by gods, conferring progeny, bestowing affluence and improving health.  ", संसक्तां धूमजालेन शिखामिव विभावसोः।।तां स्मृतीमिव सन्दिग्धामृद्धिं निपतितामिव। ,"<verse>
मन्दप्रख्यायमानां तां धूमशिखामिवानलाम् ।
संशयोपगतां विद्यां नष्टप्रायामिव श्रियम् ॥
</verse>",False
" ""O Lion among kings, receive this payasam prepared by gods, conferring progeny, bestowing affluence and improving health.  ", इयमेकपदी राजन्यतो मे पितुराश्रमः।तं प्रसादय गत्वा त्वं न त्वां स कुपितश्शपेत्।। ,"<verse>
एष पन्था नृपश्रेष्ठ पितुराश्रममञ्जसा ।
गत्वा तं हि प्रसाद्य त्वं मा क्रोधाच्छपतु प्रभुः ॥
</verse>",False
" ""O Lion among kings, receive this payasam prepared by gods, conferring progeny, bestowing affluence and improving health.  ", यौ तौ दैवासुरे युद्धे वरौ दशरथोऽददात्।तौ स्मारय महाभागे सोऽर्थो न त्वामतिक्रमेत्।। ,"<verse>
देवासुररणे दत्तौ वरौ तौ संस्मरापय ।
कल्याणि मा प्रमाद्य त्वं स्वार्थे कैकेयि सर्वथा ॥
</verse>",False
" ""O Lion among kings, receive this payasam prepared by gods, conferring progeny, bestowing affluence and improving health.  ", तदेतां विसृजानार्यां क्षत्रधर्माश्रितां मतिम्।धर्ममाश्रय मा तैक्ष्ण्यं मद्बुद्धिरनुगम्यताम्।। ,"<verse>
त्यजैतां कुत्सितां बुद्धिं क्षात्रधर्मं समाश्रय ।
धर्म्यं पन्थानमारुह्य कुरु मे शासनं हितम् ॥
</verse>",False
" ""O Lion among kings, receive this payasam prepared by gods, conferring progeny, bestowing affluence and improving health.  ", सर्वतश्चार्यतां दृष्टिः कानने निपुणोह्यसि।आश्रमः कतरस्मिन्नो देशे भवति सम्मतः।। ,"<verse>
लक्ष्मणालोकयारण्यं पर्णशालाकृते शुभम् ।
त्वं हि देशविभागज्ञः कुशलोऽसि विनिर्णये ॥
</verse>",False
" ""O Lion among kings, receive this payasam prepared by gods, conferring progeny, bestowing affluence and improving health.  ", नापिसम्भाषितुंशक्यास्सम्प्रश्नोऽत्रनलभ्यते ।सर्वतोरक्ष्यतेपन्थावानरैःपर्वतोपमै ।। ,"<verse>
न ते संभाषणीया हि न प्रष्टुं न च वीक्षितुम् ।
गिरिभिः सर्वतो गुप्ता वानरा इव सर्वशः ॥
</verse>",False
" ""O Lion among kings, receive this payasam prepared by gods, conferring progeny, bestowing affluence and improving health.  ", महार्हवस्त्रसंवीतो भूत्वा चिरसुखोषितः।।काषायपरिधानस्तु कथं भूमौनिवत्स्यति। ,"<verse>
चीरवासाः कथं शेते भूमौ स बहुमानितः ।
यः पुरा दिव्यवस्त्रेण दिव्यशय्यामुपाश्रितः ॥
</verse>",False
" ""O Lion among kings, receive this payasam prepared by gods, conferring progeny, bestowing affluence and improving health.  ", एवमुक्त्वा सुमित्रां सा विवर्णा मलिना कृशा।प्रतस्थे भरतो यत्र वेपमाना विचेतना।। ,"<verse>
इत्युक्त्वा तु सुमित्रां तां वेपमाना विचेतना ।
कृशा विवर्णगात्री सा जगाम भरतान्तिकम् ॥
</verse>",False
" ""O Lion among kings, receive this payasam prepared by gods, conferring progeny, bestowing affluence and improving health.  ", कथं रथैर्विभुर्यात्वा गजाश्वैश्च मुहुर्मुहुः।।पद्भ्यां रामो महारण्ये वत्सो मे विचरिष्यति। ,"<verse>
रथेभतुरगाढ्यो यः पद्भ्यामेव वने कथम्।
विचरिष्यति मे रामः मृदुश्चाप्यनुपानहः॥
</verse>",False
" ""O Lion among kings, receive this payasam prepared by gods, conferring progeny, bestowing affluence and improving health.  ", मधुरं सान्त्वित स्तेन सुग्रीवेण स राघवः।मुखमश्रुपरिक्लिन्नं वस्त्रान्तेन प्रमार्जय।। ,"<verse>
सुग्रीवमधुरैर्वाक्यैराश्वासितो रघूद्वहः ।
प्रामार्जदश्रुपूर्णं तद्वक्त्रं वस्त्रेण राघवः ॥
</verse>",False
" ""O Lion among kings, receive this payasam prepared by gods, conferring progeny, bestowing affluence and improving health.  ", राज्यं यदि हि रामस्य भरतस्यापि तत्तदा।मन्यते हि यथात्मानं तथा भ्रातृ़ंश्च राघवः।। ,"<verse>
यथा रामस्य राज्यं हि भरतस्यापि तत्तथा ।
यस्मात्प्राणसमान् भ्रातॄन् रामः पश्यति सर्वदा ॥
</verse>",False
" ""O Lion among kings, receive this payasam prepared by gods, conferring progeny, bestowing affluence and improving health.  ", मत्सन्देशयुता वाचस्त्वत्तश्श्रुत्वा च राघवः।पराक्रमविधिं वीरो विधिवत्संविधास्यति।। ,"<verse>
सत्यमेव जयत्येव न धर्मो हन्यते क्वचित् ।
सत्येन धार्यते पृथ्वी धर्मो रक्षति रक्षितः ॥
</verse>",False
" ""O Lion among kings, receive this payasam prepared by gods, conferring progeny, bestowing affluence and improving health.  ", वरं माल्यं वरं भोज्यं वरं वस्त्रं च शोभने।भर्तारं च वरं मन्ये त्वद्युक्तमसितेक्षणे।। ,"<verse>
त्वं योग्यासि वरारोहे माल्यान्नानां च वाससाम् ।
भर्तुश्च सदृशस्यैव मन्ये त्वां त्वमसितेक्षणे ॥
</verse>",False
" ""O Lion among kings, receive this payasam prepared by gods, conferring progeny, bestowing affluence and improving health.  ", अतिमात्रप्रहर्षोऽयं किं जनस्य च शंस मे।कारयिष्यति किं वापि सम्प्रहृष्टो महीपतिः।। ,"<verse>
किमिमे प्रमुदा युक्ताः जनाः पश्यन्ति मां वद ।
हर्षेण नृपतिः किं नु विधातुं समुपस्थितः ॥
</verse>",False
" ""O Lion among kings, receive this payasam prepared by gods, conferring progeny, bestowing affluence and improving health.  ", कीदृशा: किंप्रभा: सौम्यवानरायेदुरासदाः ।कस्यपुत्राश्चपौत्राश्चतत्त्वमाख्याहिराक्षस:।।। ,"<verse>
दुरासदाः कथं सौम्य किं रूपं के बलोत्कटाः ।
कस्य पुत्राश्च पौत्राश्च तद्ब्रूहि त्वं महामते ॥
</verse>",False
" ""O Lion among kings, receive this payasam prepared by gods, conferring progeny, bestowing affluence and improving health.  ", नीलजीमूतसङ्काश पीताम्बरशुभाङ्गद ।स्वगात्राणिविनिक्षिप्यकिंशेषेरुधिराप्लुतः ।। ,"<verse>
पीताम्बरधरं श्यामं नीलमेघसमप्रभम् ।
रक्ताप्लुतशरीरं त्वां किमर्थं पतितो ह्यसि ॥
</verse>",False
" ""O Lion among kings, receive this payasam prepared by gods, conferring progeny, bestowing affluence and improving health.  ", पीतकौशेयकेनासि सूचिता वरवर्णिनि।धावन्त्यपि मया दृष्टा तिष्ठ यद्यस्ति सौहृदम्।। ,"<verse>
पलायन्तीं प्रपश्यामि पीतवस्त्रं सुशोभनम् ।
मयि चेदस्ति ते प्रीतिः तिष्ठ तिष्ठ सुगात्रि मे ॥
</verse>",False
" ""O Lion among kings, receive this payasam prepared by gods, conferring progeny, bestowing affluence and improving health.  ", काचिदङ्केशिरःकृत्वारुरोदमुखमीक्षती ।स्नापयन्तीमुखंबाष्पैस्तुषारैरिवपङ्कजम् ।। ,"<verse>
अङ्के शिरो दधौ ह्येकः परो वक्त्रं प्रगृह्य च ।
अश्रूणि मुमुचे पश्यन् पद्मं प्रालेयविन्दुवत् ॥
</verse>",False
" ""O Lion among kings, receive this payasam prepared by gods, conferring progeny, bestowing affluence and improving health.  ", तासां तद्वचनं श्रुत्वा वायु: परमकोपन:।प्रविश्य सर्वगात्राणि बभञ्ज भगवान् प्रभु:।। ,"<verse>
श्रुत्वा तद्भाषणं तासां क्रुद्धो वायुर्महाबलः।
प्रविश्य सर्वगात्राणि बभञ्ज च रुषा विभुः॥
</verse>",False
" ""O Lion among kings, receive this payasam prepared by gods, conferring progeny, bestowing affluence and improving health.  ", आधिरोहाऽर्य पादाभ्यां पादुके हेमभूषिते।एतेहि सर्वलोकस्य योगक्षेमं विधास्यतः।। ,"<verse>
कुरु चारु पदद्वन्द्वं स्वर्णचित्रेषु पादुके ।
एते हि सर्वलोकस्य योगक्षेमं विधास्यतः ॥
</verse>",False
" ""O Lion among kings, receive this payasam prepared by gods, conferring progeny, bestowing affluence and improving health.  ", बाहुवेगप्रणुन्नेन सागरेणाहमुत्सहे।समाप्लावयितुं लोकं सपर्वतनदीह्रदम्।। ,"<verse>
सशैलनदितोयाढ्यं ग्रसेयं जगदप्यहम् ।
बाहुभ्यां च प्रमथ्याहं वेगेन क्षोभयेदधिम् ॥
</verse>",False
" ""O Lion among kings, receive this payasam prepared by gods, conferring progeny, bestowing affluence and improving health.  ", खनित्रपिटके चोभे समानयत गच्छतः।चतुर्दश वने वासं वर्षाणि वसतो मम।। ,"<verse>
चतुर्दशसमावासं वने वस्तुं प्रयाम्यहम् ।
खनित्रं पिटकं चैव आनयस्व द्वयं मम ॥
</verse>",False
" ""O Lion among kings, receive this payasam prepared by gods, conferring progeny, bestowing affluence and improving health.  ", अवीज्यतततोवीरोहैमैर्हेमविभूषितैः ।चारुचामरमुख्यैश्चमुख्यस्सर्वधनुष्मताम् ।। ,"<verse>
ततः स वीरराजोऽसौ स्वर्णभूषणभूषितः ।
हैमदण्डयुतैश्चापि वीजितश्च धनुर्धरैः ॥
</verse>",False
" ""O Lion among kings, receive this payasam prepared by gods, conferring progeny, bestowing affluence and improving health.  ", ये च त्वामनुजीवन्ति नाहं तेषां न ते मम।केवलार्थपरां हि त्वां त्यक्तधर्मां त्यजाम्यहम्।। ,"<verse>
न मे त्वदाश्रितैः कार्यं न तेषामपि मय्यपि ।
धिक् त्वां स्वार्थरतं नित्यं धर्महीनं त्यजाम्यहम् ॥
</verse>",False
" ""O Lion among kings, receive this payasam prepared by gods, conferring progeny, bestowing affluence and improving health.  ", मन्ये साभरणा सुप्ता सीताऽस्मिञ्छयनोत्तमे।तत्र तत्र हि दृश्यन्ते सक्ताः कनकबिन्दवः।। ,"<verse>
कनकस्य च चूर्णानि लीनान्यत्र ततस्ततः ।
मन्येऽस्यां शयनीयायां सीता सुप्ता सभूषणा ॥
</verse>",False
" ""O Lion among kings, receive this payasam prepared by gods, conferring progeny, bestowing affluence and improving health.  ", ततस्त्वन्नाशजं शोकं रामस्याक्लिष्टकर्मणः।लक्ष्मणो वानरेन्द्राय सुग्रीवाय न्यवेदयत्।। ,"<verse>
ततस्त्वद्विप्रवासं च रामशोकं च लक्ष्मणः ।
सुग्रीवाय शशंसैतत्कर्त्रे दुष्करकर्मणाम् ॥
</verse>",False
" ""O Lion among kings, receive this payasam prepared by gods, conferring progeny, bestowing affluence and improving health.  ", भद्रे हृदयमप्येतदनुमृशोद्धरस्व मे।एतत्समीक्ष्य कैकेयि ब्रूहि यत्साधु मन्यसे।। ,"<verse>
मम सीदति हृत्कान्ते स्पृश मां त्राहि सङ्कटात् ।
कैकेयि सर्वमालोक्य वद यत्ते हितं मतम् ॥
</verse>",False
" ""O Lion among kings, receive this payasam prepared by gods, conferring progeny, bestowing affluence and improving health.  ", तान्यञ्जलिसहस्राणिप्रगृहीतानिनागरैः ।।व्याकोचानीवपद्मानिददर्शभरताग्रजः । ,"<verse>
कृताञ्जलिपुटाः सर्वे पद्मकुड्मलसन्निभाः ।
भरताग्रजमालोक्य पौरः सहस्रशो मुदा ॥
</verse>",False
" ""O Lion among kings, receive this payasam prepared by gods, conferring progeny, bestowing affluence and improving health.  ", न नूनं तपसो वास्ति फलयोगश्श्रुतस्य वा।पिता यन्मां न जानाति शयानं पतितं भुवि।। ,"<verse>
न जानाति पिता मे मां शयानं धरणीतले ।
वृथा तपो वृथा शास्त्रं न फलं विद्यते ध्रुवम् ॥
</verse>",False
" ""O Lion among kings, receive this payasam prepared by gods, conferring progeny, bestowing affluence and improving health.  ", कुशला व्यवहारेषु सौहृदेषु परीक्षिता: ।प्राप्तकालं तु ते दण्डं धारयेयुस्सुतेष्वपि ।।  ,"<verse>
लोकव्यवहृतिज्ञास्ते सत्यसंधाश्च मित्रषु ।
स्वपुत्रेष्वपि धर्मज्ञाः दण्डं चक्रुर्यथोचितम् ॥
</verse>",False
" ""O Lion among kings, receive this payasam prepared by gods, conferring progeny, bestowing affluence and improving health.  ", सपुत्रांत्वांत्यजामीतियदुक्ताकेकयीत्वया ।स शापःकेकयींघोरस्सपुत्रां न स्पृशेत्प्रभो ।। ,"<verse>
यदुक्तं हि त्वया देव शापेन कैकयीं सुतम् ।
स शापो दारुणो मा भूत् कैकेय्यां मयि चाप्ययम् ॥
</verse>",False
" ""O Lion among kings, receive this payasam prepared by gods, conferring progeny, bestowing affluence and improving health.  ", गर्हितं तु कृतं कर्म येन स्म पशिताशिना।प्रतीकार्यं च मे तस्य वैरं भ्रातृकृतं भवेत्।। ,"<verse>
न जायते म्रियते वा कदाचिद्-
नायं भूत्वा भविता वा न भूयः ।
अजो नित्यः शाश्वतोऽयं पुराणो
न हन्यते हन्यमाने शरीरे ॥
</verse>",False
" ""O Lion among kings, receive this payasam prepared by gods, conferring progeny, bestowing affluence and improving health.  ", सम्पीड्यरसिचास्कन्धम् करेणाभिनिवेश्य च ।।किञ्चिदभ्यवनम्यैनमुन्ममाथयथागजः । ,"<verse>
एकेनोरसि वृक्षस्य स्कन्धं पीड्य करेण सः ।
शाखामन्यकरेणाकृष्य कुम्भं द्विरदोपमः ॥
</verse>",False
" ""O Lion among kings, receive this payasam prepared by gods, conferring progeny, bestowing affluence and improving health.  ", पूर्णचन्द्राननंरामंद्रक्ष्यस्यार्येसलक्ष्मणम् ।।स्थिरमित्रंहतामित्रंशचीवत्रिदशेश्वरम् । ,"<verse>
सजीवनाथं कल्याणि रामं सौमित्रिणा सह ।
द्रक्ष्यस्यद्य शचीव प्रमुदितं शक्रं सुरेश्वरम् ॥
</verse>",False
" ""O Lion among kings, receive this payasam prepared by gods, conferring progeny, bestowing affluence and improving health.  ", तमाविध्यमहातेजाश्शक्रध्वजसमंतदा ।निननादविवृत्तास्योनिकुम्भोभीमविक्रमः ।। ,"<verse>
गृह्य तां सहसा भीमां गदां शक्रध्वजोपमाम् ।
ननाद सुमहानादं तां च वेगेन ताडयत् ॥
</verse>",False
" ""O Lion among kings, receive this payasam prepared by gods, conferring progeny, bestowing affluence and improving health.  ", रामस्त्वनेन वाक्येन सुप्रीतः प्रत्युवाच तम्।व्रजापृच्छस्व सौमित्रे सर्वमेव सुहृज्जनम्।। ,"<verse>
श्रुत्वा तस्य वचः प्रीतः रामो लक्ष्मणमब्रवीत् ।
आपृच्छस्व सुहृद्वर्गं गच्छ लक्ष्मण सर्वशः ॥
</verse>",False
" ""O Lion among kings, receive this payasam prepared by gods, conferring progeny, bestowing affluence and improving health.  ", वज्रस्पर्शतलैर्हस्स्सैर्मुष्टिभिश्चहताभृशम् ।।वेमुश्शोणितमास्येभ्योविशीर्णदशनेक्षणाः । ,"<verse>
मुष्टिहस्तप्रहारैश्च वज्रकल्पैर्हता रणे ।
रुधिरं वमतो वक्त्राद्भग्नदन्ताक्षिराक्षसाः ॥
</verse>",False
" ""O Lion among kings, receive this payasam prepared by gods, conferring progeny, bestowing affluence and improving health.  ", कुम्भकर्णादयश्चेमे सर्वे राक्षसपुङ्गवाः।।रक्तं निवसनं गृह्य प्रविष्टा गोमयह्रदे। ,"<verse>
कुम्भकर्णादयो दैत्या रक्ताम्बरधरास्तथा ।
विविशुर्गोमयं कुण्डं राक्षसेन्द्रा महौजसः ॥
</verse>",False
" ""O Lion among kings, receive this payasam prepared by gods, conferring progeny, bestowing affluence and improving health.  ", गते हि हरिशार्दूल पुनरागमनाय तु।प्राणानामपि सन्देहो मम स्यान्नात्र संशयः।। ,"<verse>
गते हि त्वयि विक्रान्ते वानराणामनुत्तम ।
प्राणानामपि सन्देहो मम स्यान्नात्र संशयः ॥
</verse>",False
" ""O Lion among kings, receive this payasam prepared by gods, conferring progeny, bestowing affluence and improving health.  ", ततोऽहं विपुलं रूपं संक्षिप्य निमिषान्तरात्।तस्या हृदयमादाय प्रपतामि नभ:स्थलम्।। ,"<verse>
महाकायात्क्षणाद्भूत्वा सूक्ष्मरूपो ह्यहं लघुः ।
प्रविश्य हृदयं तस्याः नभः समुत्पपात ह ॥
</verse>",False
" ""O Lion among kings, receive this payasam prepared by gods, conferring progeny, bestowing affluence and improving health.  ", गाश्च स्पृशतु पादेन गुरून्परिवदेत्स्वयम्।मित्रे द्रुह्येत सोऽत्यन्तं यस्याऽर्योऽनुमते गतः।। ,"<verse>
परामर्शं प्रदायाशु यः प्रैषयद् वनं मम ।
गोताडनगुरुद्रोही मित्रध्रुक् स च पातकः ॥
</verse>",False
" ""O Lion among kings, receive this payasam prepared by gods, conferring progeny, bestowing affluence and improving health.  ", अद्यजन्मकृतार्थंमेसम्वृत्तश्चमनोरथः ।।यत्त्वांपश्यामिराजानमयोध्यांपुनरागतम् । ,"<verse>
अद्य मे सफलं जन्म पूर्णो मेऽयं मनोरथः ।
अयोध्यायां पुनर्वीक्ष्य त्वां राज्ये भूपतिं स्थितम् ॥
</verse>",False
" ""O Lion among kings, receive this payasam prepared by gods, conferring progeny, bestowing affluence and improving health.  ", असकृत्संयुगे येन निहता दैत्यदानवाः।।नचिराच्चीरवासास्त्वां रामो युधि वधिष्यति। ,"<verse>
वल्कलैः संवृतो रामो रणे त्वां हि वधिष्यति ।
यो हन्ता राक्षसानां च शीघ्रं त्वां स वधिष्यति ॥
</verse>",False
" ""O Lion among kings, receive this payasam prepared by gods, conferring progeny, bestowing affluence and improving health.  ", अद्यमत्कार्मुकोत्सृष्टंशरवर्षंदुरासदम् ।।मुक्तंवर्षमिवाकाशेवारयिष्यथसंयुगे । ,"<verse>
पश्य मे बलवीर्यं च शरासारं मुचाम्यहम् ।
वृष्टिं नभस्तलाद् घोरां दुर्निवार्यां परैरणे ॥
</verse>",False
" ""O Lion among kings, receive this payasam prepared by gods, conferring progeny, bestowing affluence and improving health.  ", तेनसीताजनस्थानाद्धृताहत्वाजटायुषम् ।रुद्दाचविवशादीनाराक्षसीभिस्सुरक्षिता ।। ,"<verse>
जनस्थानाद्धि हर्ता सा रावणेन तपस्विनी ।
रक्ष्यते रक्षसां गेहे दीना राक्षसरक्षिता ॥
</verse>",False
" ""O Lion among kings, receive this payasam prepared by gods, conferring progeny, bestowing affluence and improving health.  ", विभजाम ततः सर्वा विवादो मे न रोचते।पेयमानीयतां क्षिप्रं लेह्यमुच्चावचं बहु।। ,"<verse>
विभक्ष्यामः प्रिये सर्वं विवादो न हि मे रुचिः ।
शीघ्रं गच्छान्नपानार्थं सूपलेह्यसमन्वितम् ॥
</verse>",False
" ""O Lion among kings, receive this payasam prepared by gods, conferring progeny, bestowing affluence and improving health.  ", यदि मां तारयेदार्यस्सुग्रीवः सत्यसङ्गरः।।अस्माद्धुःखाम्बुसंरोधाच्छीतो भव हनूमतः। ,"<verse>
यदि किञ्चित्प्रदानेन यद्यस्ति चरितं तपः ।
यदि वास्त्येकपत्नीत्वं शीतो भव हनूमतः ॥
</verse>",False
" ""O Lion among kings, receive this payasam prepared by gods, conferring progeny, bestowing affluence and improving health.  ", इदं धनुर्वरं ब्रह्मन् संस्पृशामीह पाणिना।यत्नवांश्च भविष्यामि तोलने पूरणेऽपि वा।। ,"<verse>
ब्रह्मर्षे पश्यामि धनुः स्पृशामीदं शरासनम् ।
प्रयते च ग्रहीतुं वै पूरयितुं च यत्नतः ॥
</verse>",False
" ""O Lion among kings, receive this payasam prepared by gods, conferring progeny, bestowing affluence and improving health.  ", पताकालङ्कृतंदीप्तंतप्तकाञ्चनभूषितम् ।रथंप्रदक्षिणंकृत्वासमारोहच्चमूपतिः ।। ,"<verse>
कृत्वा प्रदक्षिणं वीरः सध्वजं काञ्चनं रथम् ।
तप्तचामीकराभासं आरुरोह चमूपतिः ॥
</verse>",False
" ""O Lion among kings, receive this payasam prepared by gods, conferring progeny, bestowing affluence and improving health.  "," विवस्वतस्तनूजस्य हरेश्च कुशपर्वणः।

ऋक्षस्य केतुमालस्य मम चैव गतिर्भवेत्।।
  ","<verse>
वैवस्वतः सुग्रीवश्च कुशपर्वा च जाम्बवान् ।
केतुमालोऽथ ऋक्षश्च अहं चैव समर्थकाः ॥
</verse>",False
" ""O Lion among kings, receive this payasam prepared by gods, conferring progeny, bestowing affluence and improving health.  ", मित्रमौपयिकं कर्तुं रामः स्थानं परीप्सता।।वधं चानिच्छता घोरं त्वयासौ पुरुषर्षभः। ,"<verse>
कुरु मैत्रीं नरेन्द्रेण रामेण त्रिदशेशिना ।
यदि मृत्युभयान्मुक्तिमिच्छस्येतद्धि ते हितम् ॥
</verse>",False
" ""O Lion among kings, receive this payasam prepared by gods, conferring progeny, bestowing affluence and improving health.  ", सुमहन्नोबलंकस्माद्विषादंभजतेभवान् ।त्वयाभोगवतींगत्वानिर्जिताःपन्नगायुधि ।। ,"<verse>
कस्मात्त्वं खिद्यसे वीर महत्ते सैन्यमुत्तमम् ।
भोगवत्यां त्वया वीर जिता युद्धे च पन्नगाः ॥
</verse>",False
" ""O Lion among kings, receive this payasam prepared by gods, conferring progeny, bestowing affluence and improving health.  ", ततः पश्चान्महातेजा नाराचान्भास्करोपमान्।जिघांसू राक्षसङ्कृद्धस्त्रयोदश समाददे।। ,"<verse>
क्रुद्धः स दीप्ततेजा वै रामो बाणान् त्रयोदश ।
जग्राह सूर्यसङ्काशान् जिघांसुर्जातुधानकम् ॥
</verse>",False
" ""O Lion among kings, receive this payasam prepared by gods, conferring progeny, bestowing affluence and improving health.  ", संस्कारक्रमसम्पन्नामद्रुतामविलम्बिताम्।उच्चारयति कल्याणीं वाचं हृदयहारिणी।। ,"<verse>
कल्याणी संस्कृता वाणी नातिद्रुता न मन्दिता ।
मनो हरति सर्वेषां तस्य मधुरभाषितम् ॥
</verse>",False
" ""O Lion among kings, receive this payasam prepared by gods, conferring progeny, bestowing affluence and improving health.  ", अधर्मभयभीतश्च परलोकस्य चानघ। तेन लक्ष्मण नाद्याह मात्मानमभिषेचये।। ,"<verse>
न चाहमभिषिक्तोऽस्मि परलोकभयादपि ।
भीतोऽधर्मस्य सर्वथा न राज्यमभिषेचये ॥
</verse>",False
" ""O Lion among kings, receive this payasam prepared by gods, conferring progeny, bestowing affluence and improving health.  ", ततस्तौ देशकालज्ञौ खड्गाभ्यामेव राघवौ।अच्छिन्दतां सुसंविग्नौ बाहू तस्यांसदेशतः।। ,"<verse>
ततः क्रुद्धास्तु भ्रातरो देशकालविदोऽचिरात् ।
कृष्य खड्गान् द्विषद्बाहू चिच्छिदुः स्कन्धदेशतः ॥
</verse>",False
" ""O Lion among kings, receive this payasam prepared by gods, conferring progeny, bestowing affluence and improving health.  ", न नूनं दैवतं किंचित्कालेन बलवत्तरम्।यत्र दाशरथी रामो भूमावेव शयीत सः।। ,"<verse>
शयानः पृथिवीपृष्ठे रामो दाशरथिस्तदा ।
कालो हि बलवान्नूनं न हि दैवं बलोत्तरम् ॥
</verse>",False
" ""O Lion among kings, receive this payasam prepared by gods, conferring progeny, bestowing affluence and improving health.  ", नीवारान्पनसांस्तालांस्तिमिशान्वञ्चुलान्धवान्।चिरिबिल्वान्मधूकांश्च बिल्वानपि च तिन्दुकान्।। ,"<verse>
नीवारक्षेत्रतालांश्च पनसानप्यशोककान् ।
कोविदारान्मधूकांश्च बिल्वांस्तिन्दुकवृक्षकान् ॥
</verse>",False
" ""O Lion among kings, receive this payasam prepared by gods, conferring progeny, bestowing affluence and improving health.  ", हन्यामहंत्विमौपापौशत्रुपक्षप्रशंसकौ ।यदिपूर्वोपकारैस्तुनक्रोधोमृदुतांव्रजेत् ।। ,"<verse>
अहनं पापिनौ चैतौ शत्रु-पक्ष-प्रशंसकौ ।
स्मृत्वा पूर्वोपकारं तु यदि कोपो न मे मृदुः ॥
</verse>",False
" ""O Lion among kings, receive this payasam prepared by gods, conferring progeny, bestowing affluence and improving health.  ", पुष्पितान्पुष्पिताग्राभिर्लताभिः परिवेष्टितान्। द्रुमान्पश्येह सौमित्रे पम्पाया रुचिरान्बहून्।। ,"<verse>
सौमित्रे पश्य पम्पाया-
स्तीरे फुल्लान्द्रुमानिमान् ।
लताश्च फुल्लशिखराः
संसक्ताः सर्वतो मुदा ॥
</verse>",False
" ""O Lion among kings, receive this payasam prepared by gods, conferring progeny, bestowing affluence and improving health.  ", सबद्धो वाग्भिरग्य्राभिरभितुष्टाव वै सुरौ।इन्द्रमिन्द्रानुजं चैव यथावन्मुनिपुत्रक:।। ,"<verse>
एवं बद्धो मुनेः पुत्र इन्द्रोपेन्द्रौ तुतोष ह ।
तुष्टाव सार्द्रया वाचा देवौ तावुभयावपि ॥
</verse>",False
" ""O Lion among kings, receive this payasam prepared by gods, conferring progeny, bestowing affluence and improving health.  ", अथ वैडूर्यवर्णेषु शाद्वलेषु महाबलः।धीरः सलिलकल्पेषु विचचार यथासुखम्।। ,"<verse>
वैदूर्यहरिते शादे सञ्चचार हरिर्मुदा ।
पीतपिङ्गलवर्णाङ्गो धीरो वीरो महाबलः ॥
</verse>",False
" ""O Lion among kings, receive this payasam prepared by gods, conferring progeny, bestowing affluence and improving health.  ", वीराश्च नियतोत्साहा राजशास्त्रमनुष्ठिता: ।शुचीनां रक्षितारश्च नित्यं विषयवासिनाम् ।।  ,"<verse>
वीरवन्तो दृढोत्साहा राष्ट्रनीतिपरायणाः ।
सदा रक्षन्ति सज्जनान् धर्मपालनतत्पराः ॥
</verse>",False
" ""O Lion among kings, receive this payasam prepared by gods, conferring progeny, bestowing affluence and improving health.  ", नैवं राक्षसशार्दूल त्यज्यतामेष निश्चयः।राजशास्त्रव्यपेतो हि मार्गः संसेव्यते त्वया।। ,"<verse>
रक्षःशार्दूलसंकाशो विभीषणोऽब्रवीद्वचः ।
त्यज नीतिविरुद्धं यत् संकल्पं राक्षसेश्वर ॥
</verse>",False
" ""O Lion among kings, receive this payasam prepared by gods, conferring progeny, bestowing affluence and improving health.  ", नवमासधृतं गर्भं भास्करस्य गभस्तिभिः।पीत्वा रसं समुद्राणां द्यौः प्रसूते रसायन।। ,"<verse>
समुद्रवारि सूर्यस्य रश्मिभिः पीतमम्बरम् ।
नवमासान् दधद् गर्भे रसं वर्षति जीवनम् ॥
</verse>",False
" ""O Lion among kings, receive this payasam prepared by gods, conferring progeny, bestowing affluence and improving health.  ", ऊचुर्लक्षणिकायेमांपुत्रिण्यविधवेतिच ।तेऽद्यसर्वेहतेरामेज्ञानिनोऽनृतवादिनः ।। ,"<verse>
पुत्रवत्यविधवा च भविष्यामीति ये विदुः।
आदिशन् हि त्रिकालज्ञा असत्यास्ते भवन्ति मे॥
</verse>",False
" ""O Lion among kings, receive this payasam prepared by gods, conferring progeny, bestowing affluence and improving health.  ", अनसूया तु धर्मज्ञा श्रुत्वा तां महतीं कथाम्।पर्यष्वजत बाहुभ्यां शिरस्याघ्राय मैथिलीम्।। ,"<verse>
श्रुत्वा सीताकथां पुण्यामनसूया यशस्विनी ।
उपाघ्राय च तां मूर्ध्नि बाहुभ्यां परिषस्वजे ॥
</verse>",False
" ""O Lion among kings, receive this payasam prepared by gods, conferring progeny, bestowing affluence and improving health.  ", स तु दिव्येन रूपेण मुनिपुत्रस्स्वकर्मभिः।स्वर्गमध्यारुहत्क्षिप्रं शक्रेण सह धर्मवित्।। ,"<verse>
तपस्विनः सुतः पुण्यो दिव्यं रूपमवाप्य च ।
स्वपुण्येन सहेंद्रेण सद्यः स्वर्गं जगाम सः ॥
</verse>",False
" ""O Lion among kings, receive this payasam prepared by gods, conferring progeny, bestowing affluence and improving health.  ", तं परिष्वज्य धर्मात्मा आतस्मात्सरयूतटात्।।आनयामास ता गोपै स्त्रिजटायाश्रमं प्रति। ,"<verse>
परिष्वज्य त्रिजटां तां रामो धर्मात्मनां वरः ।
सरयूपारपर्यन्तं प्रेषयामास गोधनम् ॥
</verse>",False
" ""O Lion among kings, receive this payasam prepared by gods, conferring progeny, bestowing affluence and improving health.  ", स तथेति प्रतिज्ञाय मारुतिर्भीमविक्रमः।।शिरसा वन्ध्य वैदेहीं गमनायोपचक्रमे। ,"<verse>
उक्त्वा तथेति वैदेहीं महातेजा महाबलः ।
प्रणम्य शिरसा देवीं प्रतस्थे मरुतात्मजः ॥
</verse>",False
" ""O Lion among kings, receive this payasam prepared by gods, conferring progeny, bestowing affluence and improving health.  ", तमाहूय महातेजा ब्रह्मदत्तं महीपति:।  ददौ कन्याशतं राजा सुप्रीतेनान्तरात्मना।।  ,"<verse>
कुशनाभस्तु राजर्षिः ब्रह्मदत्ताय धीमते ।
ददौ कन्याशतं प्रीतः प्रहृष्टेनान्तरात्मना ॥
</verse>",False
" ""O Lion among kings, receive this payasam prepared by gods, conferring progeny, bestowing affluence and improving health.  ", ततो देवास्सगन्धर्वास्सासुरास्सहपन्नगा:।सम्भ्रान्तमनसस्सर्वे पितामहमुपागमन्।। ,"<verse>
ततो देवाः सगन्धर्वाः सासुराश्च महोरगाः ।
विभ्रान्तमनसो भूत्वा ब्रह्माणं शरणं ययुः ॥
</verse>",False
" ""O Lion among kings, receive this payasam prepared by gods, conferring progeny, bestowing affluence and improving health.  ", न हि ते निष्ठुरं वाच्यो भरतो नाप्रियं वचः।अहं ह्यप्रियमुक्त स्स्यां भरतस्याप्रिये कृते।। ,"<verse>
न ब्रूयाः परुषं वाक्यं भरतं प्रति कर्हिचित् ।
मदुक्तं तत् प्रपद्येत यद् भवेद् भरते कृतम् ॥
</verse>",False
" ""O Lion among kings, receive this payasam prepared by gods, conferring progeny, bestowing affluence and improving health.  ", गतिरेका पतिर्नार्या द्वितीया गतिरात्मजः।तृतीया ज्ञातयो राजंश्चतुर्थी नेह विद्यते।। ,"<verse>
प्रथमं शरणं भर्ता द्वितीयं पुत्र एव च ।
तृतीयं बान्धवा राजन् न चतुर्थेह विद्यते ॥
</verse>",False
" ""O Lion among kings, receive this payasam prepared by gods, conferring progeny, bestowing affluence and improving health.  ", लक्ष्मणस्तु महोल्काभिर्ज्वलिताभिस्समन्ततः।चितामादीपयामास सा प्रजज्वाल सर्वतः।। ,"<verse>
लक्ष्मणः सुमहातेजाः चितामादीपयद्बली ।
उल्काभिर्महतीभिश्च समन्ताददहत्तदा ॥
</verse>",False
" ""O Lion among kings, receive this payasam prepared by gods, conferring progeny, bestowing affluence and improving health.  ", तस्या भूषणघोषेण वैदेह्या राक्षसाधिपः।बभौ सचपलो नीलस्सघोष इव तोयदः।। ,"<verse>
वैदेहीं नूपुरक्वाणां राक्षसेन्द्र उपस्थितः ।
सविद्युत्स्तनितः श्यामो मेघः प्रावृषिको यथा ॥
</verse>",False
" ""O Lion among kings, receive this payasam prepared by gods, conferring progeny, bestowing affluence and improving health.  ", एवमुक्तस्तया राम रम्भया भीतया तदा।।तामुवाच सहस्राक्षो वेपमानां कृताञ्जलिम्। ,"<verse>
श्रुत्वा राम भयार्तां तां रम्भां प्रणिपतां स्थिताम् ।
वेपमानां भयेनैव महेन्द्रो वाक्यमब्रवीत् ॥
</verse>",False
" ""O Lion among kings, receive this payasam prepared by gods, conferring progeny, bestowing affluence and improving health.  ", नयनैर्ब्रुकुटीभिश्च रामं निर्दिश्य शङ्किताः।अन्योन्यमुपजल्पन्त श्शनैश्चक्रुर्मिथः कथाः।। ,"<verse>
सशङ्कं राममीक्षन्तः भ्रुकुटिकुटिलाननाः ।
परस्परं प्रजल्पन्तः रहस्ते मुनयोऽब्रुवन् ॥
</verse>",False
" ""O Lion among kings, receive this payasam prepared by gods, conferring progeny, bestowing affluence and improving health.  ", ततोदेववरर्श्रीमान् श्रुत्वातेषांवचोऽमृतम् ।।आहूयमातलिंशक्रोवचनंचेदमब्रवीत् । ,"<verse>
श्रुत्वा तन्मधुरं वाक्यं देवराजः प्रतापवान् ।
आहूय मातलिं सूतमिदं वचनमब्रवीत् ॥
</verse>",False
" ""O Lion among kings, receive this payasam prepared by gods, conferring progeny, bestowing affluence and improving health.  ", गिरिप्रस्थास्तु सौमित्रे सर्वतस्सम्प्रपुष्पितैः। निष्पत्रैस्सर्वतो रम्यैः प्रदीप्ता इव किंशुकैः।। ,"<verse>
अपुष्पितांश्च पश्येमान्
पुष्पितान्कुसुमाकरान् ।
सौमित्रे पश्य निष्पत्रान्
दीप्तान् इव हुताशनान् ॥
</verse>",False
" ""O Lion among kings, receive this payasam prepared by gods, conferring progeny, bestowing affluence and improving health.  ", तयोःशरपथंप्राप्यरावणोराजपुत्रयोः ।स बभौ च यथाराहुःसमीपशशिसूर्ययोः ।। ,"<verse>
यदा तौ नृपपुत्रौ तु बाणगोचरमीयतुः ।
रावणस्य तदा वीरौ राहुं सोमदिवाकरौ ॥
</verse>",False
" ""O Lion among kings, receive this payasam prepared by gods, conferring progeny, bestowing affluence and improving health.  ", स चतुर्भिर्महाभागै:पुत्रैर्दशरथ: प्रियै:।।बभूव परमप्रीतो देवैरिव पितामह:। ,"<verse>
स पुत्रैः सहितो राजा तथा दशरथोऽभवत् ।
मुमुदे परमप्रीतः देवैरिव पितामहः ॥
</verse>",False
" ""O Lion among kings, receive this payasam prepared by gods, conferring progeny, bestowing affluence and improving health.  ", अहताङ्गं समस्तैश्च देवप्रहरणैस्तथा।अक्षोभ्याणां समुद्राणां क्षोभणं क्षिप्रकारिणम्।। ,"<verse>
न क्षतो देवयुद्धेषु क्षोभकोऽकम्प्यवारिधेः ।
शीघ्रकर्मा महावीर्यः रावणो राक्षसेश्वरः ॥
</verse>",False
" ""O Lion among kings, receive this payasam prepared by gods, conferring progeny, bestowing affluence and improving health.  ", तस्मात्सज्जीभवार्य त्वं कुरुष्व वचनं हितम्।ममैव हि निमित्तानि सद्यश्शंसन्ति सम्भ्रमम्।। ,"<verse>
सावधानो भव भ्रातः शृणु मे हितभाषणम् ।
पश्यामि दुर्निमित्तानि सूचयन्ति महद्भयम् ॥
</verse>",False
" ""O Lion among kings, receive this payasam prepared by gods, conferring progeny, bestowing affluence and improving health.  ", छिद्रं हि मृगयन्तेऽत्र विद्वांसो ब्रह्मराक्षसा: ।निहतस्य च यज्ञस्य सद्य: कर्ता विनश्यति ।।  ,"<verse>
छिद्रं प्रेक्षन्ति यज्ञेषु ब्रह्मराक्षसपण्डिताः ।
छिद्रे तु सहसा प्राप्ते कर्ता शीघ्रं विनश्यति ॥
</verse>",False
" ""O Lion among kings, receive this payasam prepared by gods, conferring progeny, bestowing affluence and improving health.  ", नित्यं स्मरति रामस्त्वां ससुग्रीव स्सलक्ष्मणः।दिष्ट्या जीवसि वैदेहि राक्षसीवशमागता।। ,"<verse>
स्मरन्ति त्वां सदा देवि रामसुग्रीवलक्ष्मणाः ।
राक्षसीमध्यसंस्थापि दिष्ट्या जीवसि भामिनि ॥
</verse>",False
" ""O Lion among kings, receive this payasam prepared by gods, conferring progeny, bestowing affluence and improving health.  ", गोकुलाकुलतीरायास्तमसाया विदूरतः।अवसत्तत्र तां रात्रिं रामः प्रकृतिभिस्सह।। ,"<verse>
स रामस्तमसातीरे गोकुलाकुलसङ्कुले ।
नातिदूरे वसन् रात्रौ प्रजया सह सङ्गतः ॥
</verse>",False
" ""O Lion among kings, receive this payasam prepared by gods, conferring progeny, bestowing affluence and improving health.  ", वदनं पद्मसङ्काशममलं चारुदर्शनम्।शोकार्तंतु वरारोहे न भ्राजति वरानने।। ,"<verse>
शोकेनाभिहतं वक्त्रं ते सुश्रोणि गतप्रभम् ।
नेत्रानन्दकरं स्वच्छं पद्मं म्लानमिव स्थितम् ॥
</verse>",False
" ""O Lion among kings, receive this payasam prepared by gods, conferring progeny, bestowing affluence and improving health.  ", तस्मै हस्त्युत्तमांश्चित्रान्कम्बलानजिनानि च।अभिसत्कृत्य कैकेयो भरताय धनं ददौ।। ,"<verse>
कैकेयनरदेवोऽसौ भरतायादराद्ददौ ।
चित्रकम्बलरत्नानि गजांश्चाजिनमुत्तमम् ॥
</verse>",False
" ""O Lion among kings, receive this payasam prepared by gods, conferring progeny, bestowing affluence and improving health.  ", अथ दीर्घेण कालेन रूपयौवनशालिन:।षष्टि: पुत्रसहस्राणि सगरस्याभवंस्तदा।। ,"<verse>
कालेन महता तत्र सगरस्यात्मजा नृप ।
षष्टिः पुत्रसहस्राणि रूपयौवनशालिनः ॥
</verse>",False
" ""O Lion among kings, receive this payasam prepared by gods, conferring progeny, bestowing affluence and improving health.  ", एषसेतुंमहोत्साहःकरोतुमयिवानरः ।तमहंधारयिष्यामियथाह्येषपितातथा ।। ,"<verse>
सोत्साहोऽयं कपिश्रेष्ठः मयि सेतुं विधास्यति ।
तं चाहं धारयिष्यामि पितृतुल्यो हि वीर्यतः ॥
</verse>",False
" ""O Lion among kings, receive this payasam prepared by gods, conferring progeny, bestowing affluence and improving health.  ", ते प्रसाद्य महात्मानं विषण्णवदनास्तदा। ऊचु: परमसन्त्रस्ता पितामहमिदं वच:।। ,"<verse>
उद्विग्नमनसः सर्वे दीनवक्त्राः पितामहम् ।
उपतस्थुर्महात्मानं प्रसाद्यैवमथाब्रुवन् ॥
</verse>",False
" ""O Lion among kings, receive this payasam prepared by gods, conferring progeny, bestowing affluence and improving health.  ", पद्भ्यांतुशैलमापीड्यबडबामुखवन्मुखम् ।विवृत्योग्रंननादोच्चैस्त्रासयन्निवराक्षसान् ।। ,"<verse>
पादाभ्यां पीड्य शैलं तु विवृत्यासौ मुखं महत् ।
ननाद राक्षसाकारो त्रासयन् रजनीचरान् ॥
</verse>",False
" ""O Lion among kings, receive this payasam prepared by gods, conferring progeny, bestowing affluence and improving health.  ", तच्छ्रुत्वा विषसादैव द्वितीयाप्रियशंसनात्।विषण्णवदनो भूत्वा भूयः पप्रच्छ मातरम्।। ,"<verse>
द्वितीयामप्रियां श्रुत्वा भूयः शोकेन पीडितः ।
दीनः स मातरं प्राह पुनरेवाब्रवीदिदम् ॥
</verse>",False
" ""O Lion among kings, receive this payasam prepared by gods, conferring progeny, bestowing affluence and improving health.  ", तरसा तां समुत्पाट्य चिक्षेप बलवद्भली।तां शरैर्दशभिः क्रुद्धस्ताडयामास राक्षसः।। ,"<verse>
गृहीत्वा महतीं शैलं चिक्षेप हनुमान् बली ।
तं रक्षो दशभिर्बाणैः क्रुद्धश्चिच्छेद लीलया ॥
</verse>",False
" ""O Lion among kings, receive this payasam prepared by gods, conferring progeny, bestowing affluence and improving health.  ", तां पुरीं तादृशीं दृष्ट्वा दुराधर्षां सुरासुरैः।हनुमान् चिन्तयामास विनिश्चित्य मुहुर्मुहुः।। ,"<verse>
तां समीक्ष्य पुरीं लङ्कां देवदानवदुर्धराम् ।
चिन्तयामास तेजस्वी विनिःश्वस्य मुहुर्मुहुः ॥
</verse>",False
" ""O Lion among kings, receive this payasam prepared by gods, conferring progeny, bestowing affluence and improving health.  ", एतछ्रुत्वा शुभं वाक्यं भरद्वाजो महामुनिः।राघवस्य ततो वाक्यमर्थग्राहकमब्रवीत्।। ,"<verse>
श्रुत्वा रामस्य तद्वाक्यं शुभं सङ्कल्पसूचकम् ।
भरद्वाजो महातेजाः प्रत्युवाच रघूत्तमम् ॥
</verse>",False
" ""O Lion among kings, receive this payasam prepared by gods, conferring progeny, bestowing affluence and improving health.  ", एवं हि कथयन्त्यास्तु कौसल्यायाश्शुभं वचः।मन्दरश्मिरभूत्सूर्यो रजनी चाभ्यवर्तत।। ,"<verse>
कौसल्यायां ब्रुवन्त्यां तु करुणं साश्रुलोचनम् ।
मन्दप्रभोऽभवत्सूर्यः प्रवृत्ता च निशा ततः ॥
</verse>",False
" ""O Lion among kings, receive this payasam prepared by gods, conferring progeny, bestowing affluence and improving health.  ", गुरोर्गुणगृहीताश्च प्रख्याताश्च पराक्रमे ।विदेशेष्वपि विज्ञातास्सर्वतो बुद्धिनिश्चयात् ।।  ,"<verse>
वृद्धेभ्यो जगृहुः शीलं वीर्येण प्रथितेजसः ।
बुद्ध्या सर्वार्थदर्शश्च प्रसिद्धाः सर्वतोऽभवन् ॥
</verse>",False
" ""O Lion among kings, receive this payasam prepared by gods, conferring progeny, bestowing affluence and improving health.  ", हेमपट्टपरिक्षिप्तंवज्रविद्रुमभूषितम् ।यमदण्डोपमंभीमंरक्षसांभयनाशनम् ।। ,"<verse>
हेमपट्टेन संनद्धं वज्रविद्रुमभूषितम् ।
यमदण्डप्रतीकाशं भीमं भयविनाशनम् ॥
</verse>",False
" ""O Lion among kings, receive this payasam prepared by gods, conferring progeny, bestowing affluence and improving health.  ", पितरि स्वर्गमापन्ने रामे चारण्यमाश्रिते।।किं मे जीवितसामर्थ्यं प्रवेक्ष्यामि हुताशनम्। ,"<verse>
स्वर्गते पितरि श्रेष्ठे रामे च वनमाश्रिते।
को मे बलमुपायो वा प्रवेक्ष्यामि हुताशनम्॥
</verse>",False
" ""O Lion among kings, receive this payasam prepared by gods, conferring progeny, bestowing affluence and improving health.  ", कारयित्वा महत्कर्म भर्ता भृत्यमनर्थकम्।अधर्मो योऽस्य सोऽस्यास्तु यस्याऽर्योऽनुमतेगतः।। ,"<verse>
यस्यार्योऽनुमते यातः तस्य पापं भवेन्महत्।
भृत्याद्‌ अक्लिष्टकर्माणि कारयित्वाऽप्रयच्छतः॥
</verse>",False
" ""O Lion among kings, receive this payasam prepared by gods, conferring progeny, bestowing affluence and improving health.  ", सागरस्येनमेवेगोमारुतस्येवमेगतिः ।नैतद्दाशरथिर्वेदह्यासादयतितेनमाम् ।। ,"<verse>
सागरोपमवेगोऽहं वायुवेगसोगतिः ।
न जानाति हि मामेवं रामस्तस्मादभिद्रवेत् ॥
</verse>",False
" ""O Lion among kings, receive this payasam prepared by gods, conferring progeny, bestowing affluence and improving health.  ", देव यस्या भयाद्रामं नानुपृच्छसि सारथिम्। नेह तिष्ठिति कैकेयी विस्रब्धं प्रतिभाष्यताम्।।  ,"<verse>
यद्भयान्नैव सूतं त्वं रामं पृच्छसि पार्थिव।
सा कैकेयी न चेहास्ति विस्रब्धं भाषतामिति॥
</verse>",False
" ""O Lion among kings, receive this payasam prepared by gods, conferring progeny, bestowing affluence and improving health.  ", गन्धहस्तीव दुर्धर्षस्तरस्वी गन्धमादनः ।यातु वानरवाहिन्या स्सव्यं पार्श्वमधिष्ठितः ।।  ,"<verse>
गन्धमादनवीरोऽसौ मत्तवारणविक्रमः ।
सव्यं पातु बलस्यास्य दुर्धर्षो हरियूथपः ॥
</verse>",False
" ""O Lion among kings, receive this payasam prepared by gods, conferring progeny, bestowing affluence and improving health.  ", सकृत्तुप्रहरेदानींदुर्भुद्धे किंविकत्थसे ।।ततस्त्वांमामिकामुष्टिर्नयिष्यतियमक्षयम् । ,"<verse>
रे दुर्मते वृथाजल्प कुरुष्व चेत्पुनस्तथा ।
मुष्टिना प्रहराम्यद्य नेष्यामि यमसादनम् ॥
</verse>",False
" ""O Lion among kings, receive this payasam prepared by gods, conferring progeny, bestowing affluence and improving health.  ", भर्त्सितामपि याचध्वं राक्षस्यः किं विवक्षया।।राघवाद्धि भयं घोरं राक्षसानामुपस्थितम्। ,"<verse>
याचध्वं शरणं सीतां पूर्वं तर्जितवत्यपि ।
शङ्कायाः किं फलं ह्यद्य रामेण राक्षसक्षयः ॥
</verse>",False
" ""O Lion among kings, receive this payasam prepared by gods, conferring progeny, bestowing affluence and improving health.  ", पूजयित्वाङ्गदं सर्वे वानरा वानरर्षभम्।।जग्मुर्मधुवनं यत्र नदीवेग इव द्रुमम्। ,"<verse>
प्रशस्य तेजस्वदङ्गदं हरीषभमरिंदमम् ।
मधुवनं प्रपेदुस्ते वेगान्नद्यो द्रुमा इव ॥
</verse>",False
" ""O Lion among kings, receive this payasam prepared by gods, conferring progeny, bestowing affluence and improving health.  ", अद्य मे सप्तमी रात्रिश्च्युतस्याऽर्यकवेश्मनः।अम्बायाः कुशली तात युधाजिन्मातुलश्च मे।। ,"<verse>
अद्यापि सप्तमी रात्रिः प्रयातस्यार्यकाद् गृहात्।
मातामहश्च मे स्वस्थो मातुलो युधजित्तथा॥
</verse>",False
" ""O Lion among kings, receive this payasam prepared by gods, conferring progeny, bestowing affluence and improving health.  ", रामस्य वचनं श्रुत्वा विश्वामित्रो महामुनि:।निवेशमकरोद्देशे विविक्ते सलिलायुते।। ,"<verse>
श्रुत्वा रामस्य तद्वाक्यं विश्वामित्रो महामुनिः ।
जलाभ्याशे शुचौ देशे वासाय समरोचयत् ॥
</verse>",False
" ""O Lion among kings, receive this payasam prepared by gods, conferring progeny, bestowing affluence and improving health.  ", एवंसम्मन्त्रयन्नेवसक्रोधोरावणंप्रति ।रामःसुवेलमासाद्यचित्रसानुमुपारुहत् ।। ,"<verse>
एवमुक्त्वा तु रामोऽसौ सुवेलस्य च सानुषु ।
आरुरोह सुखं स्थातुं रम्यं सानुमनुत्तमम् ॥
</verse>",False
" ""O Lion among kings, receive this payasam prepared by gods, conferring progeny, bestowing affluence and improving health.  ", कश्चिदाम्रवणं छित्त्वा पलाशां श्च निषिञ्चति।पुष्पं दृष्ट्वा फले गृध्नु स्स शोचति फलागमे।। ,"<verse>
आम्रं छित्त्वा पलाशं यः सिञ्चति प्रणिपत्य च ।
फलाकाङ्क्षी स शोचेत पुष्यमाणे पलाशके ॥
</verse>",False
" ""O Lion among kings, receive this payasam prepared by gods, conferring progeny, bestowing affluence and improving health.  ", तच्छ्रुत्वा करुणं वाक्यं क्रोधो मामभ्यवर्तत।उत्तरं च मया दृष्टं कार्यशेषमनन्तरम्।। ,"<verse>
श्रुत्वा तस्याः प्रलापं वै क्रोधो मे समपद्यत ।
ततः कार्यमवेक्ष्याहं यन्मया परिशेषितम् ॥
</verse>",False
" ""O Lion among kings, receive this payasam prepared by gods, conferring progeny, bestowing affluence and improving health.  ", अहं वनमिदं दुर्गं विराधो नाम राक्षसः।चरामि सायुधो नित्यमृषिमांसानि भक्षयन्।। ,"<verse>
विराधो नाम रक्षोऽहं चरामीदं महावने ।
सशस्त्रो मुनिमांसादः अटामीह भयंकरः ॥
</verse>",False
" ""O Lion among kings, receive this payasam prepared by gods, conferring progeny, bestowing affluence and improving health.  ", तांस्त्वभिद्रवतो दृष्ट्वा राक्षसान् भीमविक्रमान्।खरस्यापि रथः किञ्चिज्जगाम तदनन्तरम्।। ,"<verse>
राममभ्यद्रवन्भीमा रक्षसा भीमविक्रमाः ।
खरस्य तु रथो मन्दं जगाम पृष्ठतो बलात् ॥
</verse>",False
" ""O Lion among kings, receive this payasam prepared by gods, conferring progeny, bestowing affluence and improving health.  ", कौसल्या बाष्पपूर्णेन मुखेन परिशुष्यता।सुमित्रामब्रवीद्दीना याश्चान्या राजयोषितः।। ,"<verse>
कौसल्या बाष्पपूर्णाक्षी दीनवक्त्रा तपस्विनी ।
सुमित्रां नृपपत्नीश्च दुःखिता वाक्यमब्रवीत् ॥
</verse>",False
" ""O Lion among kings, receive this payasam prepared by gods, conferring progeny, bestowing affluence and improving health.  ", विदितो ह्येष वृत्तान्तो मम सर्वस्तवानघ।।तपसश्च प्रभावेण स्नेहाद्दशरथस्य च।  ,"<verse>
मया तव गतं सर्वं तपःसामर्थ्ययोगतः ।
दशरथस्य स्नेहाच्च विज्ञातं हि मयानघ ॥
</verse>",False
" ""O Lion among kings, receive this payasam prepared by gods, conferring progeny, bestowing affluence and improving health.  ", सफलां च करिष्यामि प्रतिज्ञां जहि सम्भ्रमम्।प्रसूतं कलमं क्षेत्रे वर्षेणेव शतक्रत।। ,"<verse>
प्रतिज्ञां पालयिष्यामि त्यज शङ्कां शुचां त्यज ।
यथा वर्षति पर्जन्यो सस्यार्थं पाकशासनः ॥
</verse>",False
" ""O Lion among kings, receive this payasam prepared by gods, conferring progeny, bestowing affluence and improving health.  ", शतमश्वानृते हन्ति सहस्रं तु गवानृते।आत्मानं स्वजनं हन्ति पुरुषः पुरुषानृते।। ,"<verse>
अश्वानृते शतं हन्ति सहस्रं तु गवानृते ।
पुरुषांस्त्वनृते हन्ति ह्यात्मानं सबान्धवम् ॥
</verse>",False
" ""O Lion among kings, receive this payasam prepared by gods, conferring progeny, bestowing affluence and improving health.  ", सा तयोः कुशलं देवी निशम्य नरसिंहयोः।प्रीतिसंहृष्टसर्वाङ्गी हनुमन्तमथाब्रवीत्।। ,"<verse>
श्रुत्वा रामससौमित्र्योः कुशलं पुरुषर्षभ।
रोमाञ्चिततनुः सीता हनूमन्तमुवाच ह॥
</verse>",False
" ""O Lion among kings, receive this payasam prepared by gods, conferring progeny, bestowing affluence and improving health.  ", मातरं मां च सम्पश्यन् वसेमामद्य शर्वरीम्।तर्पित स्सर्वकामैस्त्वं श्वः काले साधयिष्यसि।।। ,"<verse>
अद्य रात्रौ मया सार्धं मात्रा च सह वर्तय ।
कृतकामः श्व उत्थाय काले यास्यसि शोभने ॥
</verse>",False
" ""O Lion among kings, receive this payasam prepared by gods, conferring progeny, bestowing affluence and improving health.  ", सतान्वृक्षान् समासाद्यप्रतिचिच्छेदरावणः ।अभ्यवर्षत्सुघोरेणशरवर्षेणपावकिम् ।। ,"<verse>
भक्त्वा तान् पादपान् राव-
णो भीमशरवृष्टिभिः ।
नीलं प्रत्यकिरद् घोरैः
शरैरमितविक्रमः ॥
</verse>",False
" ""O Lion among kings, receive this payasam prepared by gods, conferring progeny, bestowing affluence and improving health.  ", तं चतुर्भिः खरः क्रुद्धो रामं गात्रेषु मार्गणैः।विव्याध युधि मर्मज्ञो मातङ्गमिव तोमरैः।। ,"<verse>
क्रुद्धस्तु खरबाणैस्तान् मर्मज्ञः समरे खरः ।
चतुर्भिः प्राहरद् रामं तोमरैरिव वारणम् ॥
</verse>",False
" ""O Lion among kings, receive this payasam prepared by gods, conferring progeny, bestowing affluence and improving health.  ", शरनिर्दग्धतोयस्यपरिशुष्कस्यसागर: ।मयाशोषितसत्त्वस्यपांसुरुत्पद्यतेमहान् ।। ,"<verse>
मद्बाणशोषिते तोये सिकताः स्युर्महाबलाः ।
विशुष्के तव पानीये रेणुः पारे प्रदृश्यते ॥
</verse>",False
" ""O Lion among kings, receive this payasam prepared by gods, conferring progeny, bestowing affluence and improving health.  ", एवं कृत्वा महाराजो विभागं लोकसन्निधौ।व्यादिश्य च महातेजा दिवं दशरथो गतः।। ,"<verse>
विभागं कृतवान् राजा महातेजाः सभासदि ।
इत्यादिश्य च तान् सर्वान् स्वर्गलोकं जगाम ह ॥
</verse>",False
" ""O Lion among kings, receive this payasam prepared by gods, conferring progeny, bestowing affluence and improving health.  ", तस्य तद्वचनं श्रुत्वा भक्ष्यलुब्धस्य पक्षिणः।अङ्गदः परमायस्तो हनूमन्तमथाब्रवीत्।। ,"<verse>
आहारार्थिनमुद्वीक्ष्य गृध्रस्य वचनं शृण्वन् ।
अङ्गदः सुविषण्णात्मा हनूमन्तमभाषत ॥
</verse>",False
" ""O Lion among kings, receive this payasam prepared by gods, conferring progeny, bestowing affluence and improving health.  ", गोलाङ्गूलमहाराजो गवाक्षो भीमविक्रमः।वृतः कोटिसहस्रेण वानराणामदृश्यत।। ,"<verse>
गवाक्षश्च महावीर्यो गोपुच्छाधिपतिर्वृतः ।
सहस्रकोटिभिर्वीरो वानराणां महाबलः ॥
</verse>",False
" ""O Lion among kings, receive this payasam prepared by gods, conferring progeny, bestowing affluence and improving health.  ", दारयन्स च मां काकस्तत्त्रैव परिलीयते।न चाप्युपारमन्मांसाद्भक्षार्थि बलिभोजनः।। ,"<verse>
हविर्भुक् स च काकोऽसौ क्षुधितो मांसकाङ्क्षया।
तुतोद मां मुहुश्चैव न च सोऽप्यरमत् ततः॥
</verse>",False
" ""O Lion among kings, receive this payasam prepared by gods, conferring progeny, bestowing affluence and improving health.  ", ततश्चित्राणि माल्यानि दिव्यान्याभरणानि च।।अपविद्धानि कैकेय्या तानि भूमिं प्रपेदिरे। ,"<verse>
ततः कैकेयिका देवी विचित्राश्च स्रजो भुवि ।
भूषणानि महार्हाणि क्षिप्रं भूमौ व्यवासृजत् ॥
</verse>",False
" ""O Lion among kings, receive this payasam prepared by gods, conferring progeny, bestowing affluence and improving health.  ", तमालोक्यमहातेजाहनूमान्मारुतात्मजः ।निवार्यशरजालानिप्रदुद्रावसरावणम् ।। ,"<verse>
दृष्ट्वा तु रावणं वीरः मारुतिर्भिमुखोऽपतत् ।
वारयित्वा शरौघं तं महातेजा महाबलः ॥
</verse>",False
" ""O Lion among kings, receive this payasam prepared by gods, conferring progeny, bestowing affluence and improving health.  ", अपरे वानरश्रेष्ठास्सङ्गम्य च यथोचितम्।सुग्रीवेण समागम्य स्थिताः प्राञ्जलय स्तदा।। ,"<verse>
ततः सुग्रीवमासाद्य वानरास्ते यतव्रताः ।
कृत्वाञ्जलिपुटाः सर्वे तस्थुरभिमुखं तदा ॥
</verse>",False
" ""O Lion among kings, receive this payasam prepared by gods, conferring progeny, bestowing affluence and improving health.  ", ततःशोणितदिग्धाङ्गौलक्ष्मणेन्दजितावुभौ ।।रणेतौराजतुर्वीरौपुष्पिताविवकिंशुकौ । ,"<verse>
रुधिरेणावसिक्ताङ्गौ लक्ष्मणरावणी रणे ।
शुशुभाते महावीर्यौ पुष्पिताविव किं शुकौ ॥
</verse>",False
" ""O Lion among kings, receive this payasam prepared by gods, conferring progeny, bestowing affluence and improving health.  ", वृथागर्जितनिश्चेष्टा राक्षस्यः पिशिताशनाः।।रावणाय शशंसुस्ताः सीताध्यवसितं महत्। ,"<verse>
वृथासु तर्जनास्वेव राक्षस्यो मांसभोजनाः ।
रावणाय शशंसुस्ताः सीतायाश्च दृढं व्रतम् ॥
</verse>",False
" ""O Lion among kings, receive this payasam prepared by gods, conferring progeny, bestowing affluence and improving health.  ", लक्ष्मणेनसहभ्रात्रावैदेह्याभार्ययासह ।अर्चितस्सर्वकामैस्त्वंततोराम गमिष्यसि ।। ,"<verse>
पूर्णकामाः प्रहृष्टाश्च लक्ष्मणानुचरो वनम् ।
प्रयाहि सह वैदेह्या राम सौम्य सुहृद्वृतः ॥
</verse>",False
" ""O Lion among kings, receive this payasam prepared by gods, conferring progeny, bestowing affluence and improving health.  ", साश्वश्रूर्ममकौसल्यात्वयापुत्रेणराघव: ।वत्सेनेवयथाधेनुर्विवत्सावत्सलाकृता ।। ,"<verse>
कौसल्या मम श्वश्रूश्च राघव त्वद्वियोगतः ।
वत्सेन रहिता धेनुः क्रन्दतीव तपस्विनी ॥
</verse>",False
" ""O Lion among kings, receive this payasam prepared by gods, conferring progeny, bestowing affluence and improving health.  ", स ते दर्पं बलं वीर्यमुत्सेकं च तथाविधम्।अपनेष्यति गात्रेभ्यश्शरवर्षेण संयुगे।। ,"<verse>
दर्पं बलं च वीर्यं च गर्वं च तव संयुगे ।
शरवर्षेण गात्रेभ्यः स हरिष्यति मार्गणैः ॥
</verse>",False
" ""O Lion among kings, receive this payasam prepared by gods, conferring progeny, bestowing affluence and improving health.  ", स तद्गृह्य हरिश्रेष्ठः स्थाप्य मूर्ध्नि कृताञ्जलिः।वन्दित्वा चरणौ चैव प्रस्थितः प्लवगोत्तमः।। ,"<verse>
गृहीत्वा मुद्रिकां रामात् मूर्ध्नि कृत्वा कपिप्रभुः ।
प्रणम्य शिरसा पादौ जगाम स हरीश्वरः ॥
</verse>",False
" ""O Lion among kings, receive this payasam prepared by gods, conferring progeny, bestowing affluence and improving health.  ", इति प्रतिसमादिश्य राक्षसेन्द्रः पुनः पुनः।।काममन्युपरीतात्मा जानकीं पर्यतर्जयत्। ,"<verse>
सदिदेश तदा रक्षो राक्षसीः क्रोधदीपिताः ।
तर्जयामास सीतां च पुनः पुनरुदङ्गुलिः ॥
</verse>",False
" ""O Lion among kings, receive this payasam prepared by gods, conferring progeny, bestowing affluence and improving health.  ", तदलं त्यज्यतामेष निश्चयः पापनिश्चये।।अपि ते चरणै मूर्ध्ना स्पृशाम्येष प्रसीद मे।  ,"<verse>
त्यजाशु मतिमुग्रां त्वमलं ते पापचेतसा ।
शिरसा ते स्पृशाम्यद्य पादौ च संप्रसीद मे ॥
</verse>",False
" ""O Lion among kings, receive this payasam prepared by gods, conferring progeny, bestowing affluence and improving health.  ", इत्युक्त्वा वचनं सूतं सान्त्वयित्वा पुनः पुनः।गुहं वचनमक्लीबो रामो हेतुमदब्रवीत्।। ,"<verse>
उक्त्वा सूतं समाश्वास्य
सान्त्वयित्वा पुनः पुनः ।
अक्लिष्टकर्मा रामस्तु
गुहं हेतुमद् अब्रवीत् ॥
</verse>",False
" ""O Lion among kings, receive this payasam prepared by gods, conferring progeny, bestowing affluence and improving health.  ", शत्रुघ्नश्च तदाज्ञाय वचनं भृशदुःखितः।अन्तःपुरचरान्सर्वानित्युवाच धृत व्रतः।। ,"<verse>
तच्छ्रुत्वा वचनं तीव्रं शत्रुघ्नो दुःखितोऽब्रवीत् ।
अन्तःपुरजनं सर्वं वीर्यवान् स दृढव्रतः ॥
</verse>",False
" ""O Lion among kings, receive this payasam prepared by gods, conferring progeny, bestowing affluence and improving health.  ", बभूव हि समा भूमिस्समन्तात्पञ्चयोजना।शाद्वलैर्भहुभिश्चन्ना नीलवैढूर्यसन्निभैः।। ,"<verse>
पञ्चयोजनविस्तीर्णा समा भूमिः कृता तथा ।
वैडूर्यमणिसङ्काशैः शाद्वलैश्च सुशोभिता ॥
</verse>",False
" ""O Lion among kings, receive this payasam prepared by gods, conferring progeny, bestowing affluence and improving health.  ", कच्चिदर्थेन वा धर्ममर्थं धर्मेण वा पुनः।उभौ वा प्रीतिलोभेन कामेन च न बाधसे।। ,"<verse>
कच्चिदर्थेन वा धर्मं
धर्मं वाऽप्यर्थेन राघव।
उभौ वा प्रीतिलोभेन
काम्यमानं न बाधसे॥
</verse>",False
" ""O Lion among kings, receive this payasam prepared by gods, conferring progeny, bestowing affluence and improving health.  ", यस्मादुद्विग्नचेतास्त्वं प्रद्रुतो हरिपुङ्गव।तं क्रूरदर्शनं क्रूरं नेह पश्यामि वालिन।। ,"<verse>
न हि पश्यामि चिह्नं वै वालिनः क्रूरकर्मणः ।
यस्माद् बिभेषि सुग्रीव हरीश भयमुत्सृज ॥
</verse>",False
" ""O Lion among kings, receive this payasam prepared by gods, conferring progeny, bestowing affluence and improving health.  ", केचिद्भीमबलाश्शूराश्शूलान्खङ्गान्परश्वधान्।रामस्याभिमुखं गत्वा चिक्षिपुः परमायुधान्।। ,"<verse>
रणे राममुपेत्याशु वीराः प्रास्यन् महायुधम् ।
शूलं खड्गं च तीक्ष्णं च परशुं च महाबलाः ॥
</verse>",False
" ""O Lion among kings, receive this payasam prepared by gods, conferring progeny, bestowing affluence and improving health.  ", परिघाभिहतश्चापिवानरेन्द्रात्मजस्तदा ।जानुभ्यांपतितोबूमौपुनरेवोत्पपात ह ।। ,"<verse>
ततो गदाहतः शूरः वालीपुत्रः पपात ह ।
जानुभ्यां पतितो भूमौ पुनरेवोत्पपात सः ॥
</verse>",False
" ""O Lion among kings, receive this payasam prepared by gods, conferring progeny, bestowing affluence and improving health.  ", यदभिप्रेतमस्मासु प्रियं वरवृतं च यत्।।कैकेय्यास्तु सुसंवृत्तं क्षिप्रमद्यैव लक्ष्मण। ,"<verse>
यत्प्रार्थितं वरैः पूर्वं कैकेय्या लक्ष्मणाधुना ।
तत्तत् सर्वं हि संवृत्तं शीघ्रमेव न संशयः ॥
</verse>",False
" ""O Lion among kings, receive this payasam prepared by gods, conferring progeny, bestowing affluence and improving health.  ", किंमांनप्रेक्षसेराजन् किंमांनप्रतिभाषसे ।बालांबाल्येनसम्प्राप्तांभार्यांमांसहचारिणीम् ।। ,"<verse>
युवती त्वामुपेतास्मि भार्या सहचरी नृप ।
कस्मान्मां नेक्षसे राजन् किं मां न वदसि प्रभो ॥
</verse>",False
" ""O Lion among kings, receive this payasam prepared by gods, conferring progeny, bestowing affluence and improving health.  ", तस्मादाहारवीर्येण निसर्गेण च वानराः।आयोजनशतात्साग्राद्वयं पश्याम नित्यशः।। ,"<verse>
तस्मादाहारवीर्येण निसर्गेण प्लवङ्गमाः ।
पश्यामीह हि सर्वतः योजनानां शतं वयम् ॥
</verse>",False
" ""O Lion among kings, receive this payasam prepared by gods, conferring progeny, bestowing affluence and improving health.  ", तां दृष्ट्वा परमप्रीतां ब्रुवन्तीं मन्थरां ततः।रामस्यैव गुणान्देवी कैकेयी प्रशशंस ह।। ,"<verse>
दृष्ट्वा तां मन्थरां दीनाम् एवं भाषस्वतीं तदा ।
कैकेयी रामभद्रस्य गुणान् सूपशशंस ह ॥
</verse>",False
" ""O Lion among kings, receive this payasam prepared by gods, conferring progeny, bestowing affluence and improving health.  ", पृथिव्यां राजसिंहानां मुख्यस्य विदितात्मनः।।स्नुषा दशरथस्याहं शत्रुसैन्यप्रतापिनः। ,"<verse>
स्नुषा दशरथस्याहं शत्रुसैन्यप्रमर्दिणः ।
राज्ञः सर्वस्य लोकस्य धीमतः धर्मचारिणः ॥
</verse>",False
" ""O Lion among kings, receive this payasam prepared by gods, conferring progeny, bestowing affluence and improving health.  ", यद्यहंभ्रातृहन्तारं न हन्मियुधिराघवम् ।ननुमेमरणंश्रेयो न चेदंव्यर्थजीवितम् ।। ,"<verse>
हत्वा भ्रातृहनं युद्धे न हन्मि राघवं यदि ।
वृथा मे जीवितं सर्वम् इत्यमन्यत रावणः ॥
</verse>",False
" ""O Lion among kings, receive this payasam prepared by gods, conferring progeny, bestowing affluence and improving health.  ", संश्रुत्य च न शक्ष्यामि जीवमानः प्रतिश्रवम्।मुनीनामन्यथा कर्तुं सत्यमिष्टं हि मे सदा।। ,"<verse>
प्रतिज्ञां हि मुनीनां च नान्यथा कर्तुमुत्सहे ।
जीवता हि मया सत्यं प्राणेभ्योऽपि सदा प्रियम् ॥
</verse>",False
" ""O Lion among kings, receive this payasam prepared by gods, conferring progeny, bestowing affluence and improving health.  ", राक्षसानांवधेसाह्यंलङ्कायाश्चप्रधर्षणे ।करिष्यामियथाप्राणंप्रवेक्ष्यामिचवाहिनीम् ।। ,"<verse>
लङ्कामर्दनकार्यार्थं करिष्यामि बलोत्कटम् ।
राक्षसानां विनाशाय सेनाप्रवेशनाय च ॥
</verse>",False
" ""O Lion among kings, receive this payasam prepared by gods, conferring progeny, bestowing affluence and improving health.  ", माता ते पितरं देवि ततः केकयमब्रवीत्। शंस मे जीव वा मा वा न मामपहसिष्यसि।। ,"<verse>
ततः प्राह प्रसूस्तातं जीवेर्वा म्रियसेऽपि वा ।
हेतुं कथय मे सत्यं मां यदुपहसस्यहो ॥
</verse>",False
" ""O Lion among kings, receive this payasam prepared by gods, conferring progeny, bestowing affluence and improving health.  ", जनस्थाने वसद्भिस्तु भवद्भीराममाश्रिता।प्रवृत्तिरुपनेतव्या किञ्करोतीति तत्त्वतः।। ,"<verse>
जनस्थाने वसद्भिश्च भवद्भी रामचेष्टितम् ।
ज्ञातव्यं हि प्रयत्नेन तत्त्वतो हि विशेषतः ॥
</verse>",False
" ""O Lion among kings, receive this payasam prepared by gods, conferring progeny, bestowing affluence and improving health.  ", ततश्शतसहस्रेणहरिपुत्रंमहाबलः ।।जघानमर्मदेशेषुमातङ्गमिवतोमरैः । ,"<verse>
ततोऽङ्गदो महावीर्यो वज्रदंष्ट्रं महाहवे ।
मर्मस्थानेषु तीक्ष्णाभिर्गदाभिः स बिभेद ह ॥
</verse>",False
" ""O Lion among kings, receive this payasam prepared by gods, conferring progeny, bestowing affluence and improving health.  ", तत्र प्राग्ज्योतिषं नाम जातरूपमयं पुरम्।यस्मिन्वसति दुष्टात्मा नरको नाम दानवः।। ,"<verse>
वराहाद्रौ पुरी रम्या प्राग्ज्योतिषमिति श्रुता ।
हैमप्राकारसंयुक्ता तत्रास्ते नरकासुरः ॥
</verse>",False
" ""O Lion among kings, receive this payasam prepared by gods, conferring progeny, bestowing affluence and improving health.  ", नेह पश्यामि लोकेऽन्यं यो मे प्रतिबलो भवेत्।पश्य मे सुमहद्वीर्यमप्रतिद्वन्द्वमाहवे।। ,"<verse>
न मेऽस्ति सदृशः कश्चिल्लोकेऽस्मिन् सचराचरे ।
पश्य मे वीर्यमद्वन्द्वं युद्धे प्रतिबलं न हि ॥
</verse>",False
" ""O Lion among kings, receive this payasam prepared by gods, conferring progeny, bestowing affluence and improving health.  ", ममचाप्यन्तरात्मायंशुद्धंवेत्तिविभीषणम् ।अनुमानाच्चभावाच्चसर्वतस्सुपरीक्षितः ।। ,"<verse>
शुद्धो भावो हि मे तस्य विभीषणगुणग्रही ।
सर्वथा सम्परीक्षितः शङ्काभिः स हि मे मतः ॥
</verse>",False
" ""O Lion among kings, receive this payasam prepared by gods, conferring progeny, bestowing affluence and improving health.  ", तच्छ्रुत्वा शोकसन्तप्ता सन्तापयसि मां भृशम्।आविष्टाऽसि गृहं शून्यं सा त्वं परवशं गता।। ,"<verse>
परवाक्यैः प्रणुन्ना त्वं शोकेन परिदूयसे ।
क्रोधगारं प्रविश्याद्य मम तीव्रं ददासि रुजम् ॥
</verse>",False
" ""O Lion among kings, receive this payasam prepared by gods, conferring progeny, bestowing affluence and improving health.  ", ननु भोज्येषु पानेषु वस्त्रेष्वाभरणेषु च।।प्रवारयसि नस्सर्वान् तन्नः कोऽन्यः करिष्यति। ,"<verse>
अन्नपानसुवस्त्राणि भूषणान्यपि दापयन् ।
स्वादूनि वरयन् नित्यं कोऽन्यः संप्रति कारयेत् ॥
</verse>",False
" ""O Lion among kings, receive this payasam prepared by gods, conferring progeny, bestowing affluence and improving health.  ", ननाद च महानादंसमुद्रमभिनादयन् ।विजयन्निवनिर्घातन्विधमन्निवपर्वतान् ।। ,"<verse>
कुम्भकर्णो महानादं
ननाद जयघोषवत् ।
शैलभङ्गसमो नादः
सागरप्रतिनादवान् ॥
</verse>",False
" ""O Lion among kings, receive this payasam prepared by gods, conferring progeny, bestowing affluence and improving health.  ", कृतं हनुमता कार्यं सुमहद्भुवि दुर्लभम् ।मनसापि यदन्येन न शक्यं धरणीतले ।। ,"<verse>
कृतं हनुमता कार्यं सुमहद् भूरितेजसा ।
मनसापि ह्यचिन्त्यं यद् अन्यैः कर्तुं न शक्यते ॥
</verse>",False
" ""O Lion among kings, receive this payasam prepared by gods, conferring progeny, bestowing affluence and improving health.  ", स समृद्धां मया सार्धमयोध्यां गच्छ राघव।अभिषेचयचात्मानं कुलस्यास्य भवाय नः।। ,"<verse>
तस्माद्गच्छ मया सार्धम् अयोध्यां विपुलां रघु ।
राज्यं गृहाण वंशस्य हिताय कुरुनन्दन ॥
</verse>",False
" ""O Lion among kings, receive this payasam prepared by gods, conferring progeny, bestowing affluence and improving health.  ", आज्ञाप्य च महाराजो राघवस्याभिषेचनम्।।उपस्थानमनुज्ञाप्य प्रविवेश निवेशनम्। ,"<verse>
आज्ञाप्य रामाभिषेकं नृपो बन्धून् विसृज्य च ।
अनुज्ञाय सुहृद्वर्गं विवेश स्वं निवेशनम् ॥
</verse>",False
" ""O Lion among kings, receive this payasam prepared by gods, conferring progeny, bestowing affluence and improving health.  ", नैवर्क्षरजसा राजन्न त्वया नापि वालिना।वनं निसृष्टपूर्वं हि भक्षितं तच्च वानरैः।। ,"<verse>
नृपते तव कालेऽस्मिन् पूर्वं वा बलिनामपि ।
अगम्यं मधुवनं तत् वानरैर्विप्रमथ्यते ॥
</verse>",False
" ""O Lion among kings, receive this payasam prepared by gods, conferring progeny, bestowing affluence and improving health.  ", सम्पन्नं राज्यमिच्छंस्तु व्यक्तं प्राप्याभिषेचनम्।आवां हन्तुं समभ्येति कैकेय्या भरतस्सुतः।। ,"<verse>
सम्पन्नं राज्यमिच्छन् हि व्यक्तं शत्रुघ्नसारथिः ।
भरतः कैकयीपुत्रो हन्तुं समभिवर्तते ॥
</verse>",False
" ""O Lion among kings, receive this payasam prepared by gods, conferring progeny, bestowing affluence and improving health.  ", इमामपि हतां कुब्जां यदि जानाति राघवः।त्वां च मां च हि धर्मात्मा नाभिभाषिष्यते ध्रुवम्।। ,"<verse>
हतां ज्ञात्वा कुब्जामेतां यदि रामो हि धर्मवित् ।
न त्वां वदेन्न मां चैव सर्वथा राघवः शुचिः ॥
</verse>",False
" ""O Lion among kings, receive this payasam prepared by gods, conferring progeny, bestowing affluence and improving health.  ", साप्रसह्यमयाभुक्ताकृताविवसनाततः ।स्वयम्भूभवनंप्राप्तालोलितानलिनीयथा ।। ,"<verse>
हठात्प्रहृतवस्त्रा सा भुक्ता मया बलात्तदा ।
प्रकम्पिता मृणालीव ब्रह्मलोकमगात्ततः ॥
</verse>",False
" ""O Lion among kings, receive this payasam prepared by gods, conferring progeny, bestowing affluence and improving health.  ", किन्नु स्याचित्तमोहोऽयं भवेद्वातगतिस्त्वियम्।।उन्मादजो विकारो वा स्यादियं मृगतृष्णिका। ,"<verse>
किं नु मे मनसो भ्रान्तिर्वि कल्पो वाऽथ चेतसः ।
उन्मादजो नु मे रोगो मृगतृष्णा नु किं भवेत् ॥
</verse>",False
" ""O Lion among kings, receive this payasam prepared by gods, conferring progeny, bestowing affluence and improving health.  ", या मे राज्यविहीनस्य वने वन्येन जीवतः।।सर्वं व्यपनयेच्छोकं वैदेही क्व नु सा गता। ,"<verse>
हृतराज्यस्य मे दुःखं वनवासदुखापहा ।
वन्यभोजनतुष्टा सा वैदेही क्व गता प्रिया ॥
</verse>",False
" ""O Lion among kings, receive this payasam prepared by gods, conferring progeny, bestowing affluence and improving health.  ", सुसुखेऽपि बहुद्रव्ये तस्मिन्हि धरणीधरे।वसतस्तस्य रामस्य रतिरल्पापिना भवे।। ,"<verse>
रम्ये बहुगुणे शैले वसन्नपि सुखं रघुः ।
न लेभे हृदये तोषं विना तां जनकात्मजाम् ॥
</verse>",False
" ""O Lion among kings, receive this payasam prepared by gods, conferring progeny, bestowing affluence and improving health.  ", शतानि त्रीणि गत्वाऽथ योजनानां महाकपे।तेजसा तस्य निर्धूतो न विषादं ततोगतः।। ,"<verse>
गत्वा योजनसाहस्रं त्रिशतं कपिपुङ्गव।
सूर्यतेजःप्रपीडितः खिन्नो नासीस्त्वमच्युत॥
</verse>",False
" ""O Lion among kings, receive this payasam prepared by gods, conferring progeny, bestowing affluence and improving health.  ", वीर केसरिणः पुत्र हनुमान्मारुतात्मज।।ज्ञातीनां विपुलश्शोकस्त्वया तात प्रणाशितः। ,"<verse>
मारुतात्मज वीरेन्द्र केशरीसुत हर्षद ।
त्वया वंशव्यथा नीता प्रिय बन्धो नमोऽस्तु ते ॥
</verse>",False
" ""O Lion among kings, receive this payasam prepared by gods, conferring progeny, bestowing affluence and improving health.  ", ऋचीकस्य वचश्श्रुत्वा तेषां माता महात्मनाम्।।उवाच नरशार्दूलमम्बरीषं तपस्विनी। ,"<verse>
ऋचीकस्य वचः श्रुत्वा
दुःखिता सा महासुता ।
अब्रवीन्मनुजव्याघ्रं
माता ह्यम्बरीषं वचः ॥
</verse>",False
" ""O Lion among kings, receive this payasam prepared by gods, conferring progeny, bestowing affluence and improving health.  ", पीतं कनकपट्टाभं स्रस्तं तद्वसनं शुभम्।उत्तरीयं नगासक्तं तदा दृष्टं प्लवङ्गमैः।। ,"<verse>
तद् पीतं कनकप्रभं वासो मुक्तं नभस्तलात् ।
पतितं तरुशाखायां वानरैः संप्रवीक्षितम् ॥
</verse>",False
" ""O Lion among kings, receive this payasam prepared by gods, conferring progeny, bestowing affluence and improving health.  ", सीताऽपि चरणांस्तासामुपसङ्गृह्य दुःखिता।श्वश्रूणामश्रुपूर्णाक्षी सा बभूवाग्रतः स्थिता।। ,"<verse>
सीतापि शोक-संतप्ता श्वश्रूणां पादसंग्रहे ।
बाष्पपूर्णमुखी तस्थौ तासामेवाग्रतः स्थिता ॥
</verse>",False
" ""O Lion among kings, receive this payasam prepared by gods, conferring progeny, bestowing affluence and improving health.  ", तपसा चाभिसम्प्राप्ता ब्रह्मणो हि प्रसादजा।शस्त्रेणावध्यता लोकेऽच्छेद्याभेद्यत्वमेव च।। ,"<verse>
प्राप्तं ब्रह्मप्रसादेन तपसा लब्धमीदृशम् ।
न मां शस्त्रेण हन्तुं वै छेत्तुं शक्नोति कश्चन ॥
</verse>",False
" ""O Lion among kings, receive this payasam prepared by gods, conferring progeny, bestowing affluence and improving health.  ", अनार्याकरणारम्भ नृशंस कुलपांसन।।अहं तव प्रियं मन्ये रामस्य व्यसनं महत्। ,"<verse>
अनार्य करुणावेदिन् कुलपांसन लक्ष्मण ।
हृष्टस्त्वं मन्ये रामस्य व्यसनं महदुपस्थितम् ॥
</verse>",False
" ""O Lion among kings, receive this payasam prepared by gods, conferring progeny, bestowing affluence and improving health.  ", कामवृत्तमिदं रौद्रं स्त्रीणामसदृशं मतम्।वपुषा त्वस्य सत्त्वस्य विस्मयो जनितो मम।। ,"<verse>
अप्रियं स्त्रीहठं भाति तथाप्यस्य त्वचो रुचिः ।
मृगस्यास्य विचित्रा ता मनो मे विस्मयं नयेत् ॥
</verse>",False
" ""O Lion among kings, receive this payasam prepared by gods, conferring progeny, bestowing affluence and improving health.  ", निकूलवृक्षमासाद्य दिव्यं सत्योपयाचनम्।अभिगम्याभिवाद्यं तं कुलिङ्गां प्राविशन्पुरीम्।। ,"<verse>
ते प्राप्य दिव्यवृक्षं वै सत्योपयाचनाह्वयम् ।
प्रदक्षिणीकृत्य तं तु कुलिङ्गां नगरीं ययुः ॥
</verse>",False
" ""O Lion among kings, receive this payasam prepared by gods, conferring progeny, bestowing affluence and improving health.  ", तस्मिन्प्रतिगृहीते तु वाक्ये हरिगणेश्वरः।लक्ष्मणात्सुमहत्त्रासं वस्त्रं क्लिन्नमिवात्यजत्।। ,"<verse>
तारावाक्यं ग्रहीते तु लक्ष्मणेन हरीश्वरः ।
भयं मुमोच सुग्रीवः सिक्तं वस्त्रमिवोरसा ॥
</verse>",False
" ""O Lion among kings, receive this payasam prepared by gods, conferring progeny, bestowing affluence and improving health.  ", समालभ्य तत स्सर्वे कृत्वा चैनं प्रदक्षिणम्।।षष्टि: पुत्रसहस्राणि बिभिदुर्वसुधातलम्। ,"<verse>
षष्टिः पुत्रसहस्राणि तं गजं तु प्रदक्षिणी ।
कृत्वा ततः समाविश्य महीं बिभिदुरंजसा ॥
</verse>",False
" ""O Lion among kings, receive this payasam prepared by gods, conferring progeny, bestowing affluence and improving health.  ", यदग्निदायके पापं यत्पापं गुरतल्पगे।मित्रद्रोहे च यत्पापं तत्पापं प्रतिपद्यताम्।। ,"<verse>
यः सल्लापं प्रकुर्वीत रामप्रव्राजने रतः ।
दहेद्गृहं गुरुं गच्छेन्मित्रद्रोही भवेच्च सः ॥
</verse>",False
" ""O Lion among kings, receive this payasam prepared by gods, conferring progeny, bestowing affluence and improving health.  ", कासि कस्य कुतश्चित्त्वं किं निमित्तं च दण्डकान्।एका चरसि कल्याणि घोरान्राक्षससेवितान्।। ,"<verse>
का त्वं कल्याणि कस्यासि कुतो वा किमुमागता ।
इहैका विजने घोरे दण्डकारण्यमण्डले ॥
राक्षसाढ्ये वने घोरे एका चरसि भीरु कः ।
किन्निमित्तं च कल्याणि ब्रूहि मे शुभलोचने ॥
</verse>",False
" ""O Lion among kings, receive this payasam prepared by gods, conferring progeny, bestowing affluence and improving health.  ", केदारस्येवकेदारस्सोदकस्यनिरूदकः ।उपस्नेहेनजीवामिजीवन्तींयच्छृणोमिताम् ।। ,"<verse>
तस्या जीवेन जीवामि श्रुत्वैव श्रवणं प्रति ।
केदारो वारिहीनोऽपि जीवेदार्द्रसमीपतः ॥
</verse>",False
" ""O Lion among kings, receive this payasam prepared by gods, conferring progeny, bestowing affluence and improving health.  ", विनष्टःपश्यतस्तस्यारक्षिणश्शरणागतः ।आदायसुकृतंतस्यसर्वंगच्छेदरक्षित:।।। ,"<verse>
विनष्टः पश्यतस्तस्य
रक्षिणः शरणं गतः ।
आदाय सुकृतं तस्य
सर्वं गच्छत्यरक्षितः ॥
</verse>",False
" ""O Lion among kings, receive this payasam prepared by gods, conferring progeny, bestowing affluence and improving health.  ", हनुमांश्च महाबाहुः प्रणम्य शिरसा ततः।।नियतामक्षतां देवीं राघवाय न्यवेदयत्। ,"<verse>
प्रणम्य शिरसा रामं हनुमान्वाक्यमब्रवीत् ।
रामभक्ता हि वैदेही देवी कुशलिनी स्थिता ॥
</verse>",False
" ""O Lion among kings, receive this payasam prepared by gods, conferring progeny, bestowing affluence and improving health.  ", काञ्चनोरश्छदान्दिव्यान्पिशाचवदनान्खरान्।तांश्चास्य जवसम्पन्नाञ्जघान समरे बली।। ,"<verse>
हत्वा खरान् सुवर्णस्थान् राक्षसक्लेशकारिणः ।
जटायुः समरे वीरो रथयुक्तान् महाबलः ॥
</verse>",False
" ""O Lion among kings, receive this payasam prepared by gods, conferring progeny, bestowing affluence and improving health.  ", स तांमातलिनानीतांशक्तिंवासवसम्मताम् ।जग्राहपरमक्रुद्धोराघवोरघुनन्दनः ।। ,"<verse>
जग्राह राघवो वीरो मातल्याहृतशक्तिकाम् ।
महेन्द्रपूजितां शक्तिं रघूणां हर्षवर्धनः ॥
</verse>",False
" ""O Lion among kings, receive this payasam prepared by gods, conferring progeny, bestowing affluence and improving health.  ", तस्य वानरसिंहस्य प्लवमानस्य सागरम्।।कक्षान्तरगतो वायुर्जीमूत इव गर्जति। ,"<verse>
सागरं तरतस्तस्य कपिसिंहस्य गर्जतः ।
कक्षान्तरगतो वायुः मेघस्तनितवद् बभौ ॥
</verse>",False
" ""O Lion among kings, receive this payasam prepared by gods, conferring progeny, bestowing affluence and improving health.  ", दुष्करं कुरुते रामो य इमां मत्तकाशिनीम्।सीतां विना महाबाहुर्मुहूर्तमपि जीवति।। ,"<verse>
यद्विना मदिराक्षीं तां रामो जीवति वीर्यवान् ।
दुष्करं कुरुते वीरः क्षणेनापि महाबलः ॥
</verse>",False
" ""O Lion among kings, receive this payasam prepared by gods, conferring progeny, bestowing affluence and improving health.  ", तरुणैश्चारुवेषैश्च नरैरुन्नतगामिभिः। सम्पतद्भिरयोध्यायां नाभिभान्ति महापथाः।। ,"<verse>
युववृन्दैः सुवेषैश्च मन्दगामिभिराकुलाः ।
न भान्ति राजमार्गास्ते शून्या अयोध्याया इह ॥
</verse>",False
" ""O Lion among kings, receive this payasam prepared by gods, conferring progeny, bestowing affluence and improving health.  ", गभस्तिभिरिवार्कस्य स तु देशः प्रकाशते।विश्राम्यद्भिस्तपस्सिद्धैर्देवकल्पैः स्वयंप्रभैः।। ,"<verse>
तपःसिद्धैर्मुनीन्द्रैश्च स्वप्रकाशैर्विभासितैः ।
असूर्यमपि तद् देशं भासयेत्सवितुर्यथा ॥
</verse>",False
" ""O Lion among kings, receive this payasam prepared by gods, conferring progeny, bestowing affluence and improving health.  ", सम्प्रत्येतावतीं शक्तिं गमने तर्कयाम्यहम्।नैतावता हि संसिद्धिः कार्यस्यास्य भविष्यति।। ,"<verse>
न मेऽस्ति शक्तिरद्यैवं गन्तुं तद् दूरमम्बरे ।
अल्पेनानेन वीर्येण साध्यसिद्धिर्न जायते ॥
</verse>",False
" ""O Lion among kings, receive this payasam prepared by gods, conferring progeny, bestowing affluence and improving health.  ", सुषेणस्तुमहावीर्योगिरिकूटोपमोहरिः ।बहुभिःसम्वृतस्तत्रवानरैःकामरूपिभिः ।। ,"<verse>
शैलरूपो महावीर्यः सुषेणो बहुभिर्वृतः ।
कामरूपैः समायुक्तो वानरैः कामरूपिभिः ॥
</verse>",False
" ""O Lion among kings, receive this payasam prepared by gods, conferring progeny, bestowing affluence and improving health.  ", अन्योन्यंबद्धवैराणांघोराणांजयमिच्छताम् ।सम्प्रवृत्तंनिशायुद्धंतदावानररक्षसाम् ।। ,"<verse>
ततो वानररक्षोभिः परस्परजिगीषुभिः ।
प्रवृत्तं सुमहद् युद्धं निशायां घोररूपिणाम् ॥
</verse>",False
" ""O Lion among kings, receive this payasam prepared by gods, conferring progeny, bestowing affluence and improving health.  ", स वै दत्तवरः शैलो बभूवावस्थितस्तदा।हनुमांश्च मुहूर्तेन व्यतिचक्राम सागरम्।। ,"<verse>
ततः शक्राभयेनैव मैनाकोऽभूद् व्यवस्थितः ।
हनूमानपि वेगेन ततार लवणार्णवम् ॥
</verse>",False
" ""O Lion among kings, receive this payasam prepared by gods, conferring progeny, bestowing affluence and improving health.  ", सर्पैरुष्ट्रैःखरैरश्वैस्सिम्हद्विपमृगद्विजैः ।अनुजग्मुश्चतंघोरंकुम्भकर्णंमहाबलम् ।। ,"<verse>
व्यालोष्ट्रखरवाजीषु सिंहमृगविहङ्गिषु ।
राक्षसाः कुम्भकर्णेन भीमाश्च सह निर्ययुः ॥
</verse>",False
" ""O Lion among kings, receive this payasam prepared by gods, conferring progeny, bestowing affluence and improving health.  ", निवृत्तास्तु पुनस्सर्वे दूषणाश्रयनिर्भयाः।राममेवाभ्यधावन्त सालतालशिलायुधाः।। ,"<verse>
दूषणाश्रयनिर्भयाः सालतालाश्मपाणयः ।
पुनरेवाभ्यधावन्त रामं प्रति युयुत्सवः ॥
</verse>",False
" ""O Lion among kings, receive this payasam prepared by gods, conferring progeny, bestowing affluence and improving health.  ", वसिष्ठमथ दृष्ट्वैव भरद्वाजो महातपाः।सञ्चचाऽलासनात्तूर्णं शिष्यानर्घ्यमिति ब्रुवन्।। ,"<verse>
दृष्ट्वा वसिष्ठमायान्तं पीठादुत्थाय सत्वरम् ।
शिष्यानुवाच सप्रेमम् अर्घ्यमानीयतामिति ॥
</verse>",False
" ""O Lion among kings, receive this payasam prepared by gods, conferring progeny, bestowing affluence and improving health.  ", एवंविभीषणेनोक्तोराक्षसेनविपश्चिता ।अजगामाथसुग्रीवोयत्ररामस्सलक्ष्मणः ।। ,"<verse>
विभीषणवचः श्रुत्वा सुग्रीवो लक्ष्मणेन च ।
जगाम सविधे रामं राघवस्य महात्मनः ॥
</verse>",False
" ""O Lion among kings, receive this payasam prepared by gods, conferring progeny, bestowing affluence and improving health.  ", चतुरङ्गबलं चापि शीघ्रं निर्यातु सर्वश:।ममज्ञासमकालं च यानयुग्यमनुत्तमम्।। ,"<verse>
ममाज्ञया चतुर्दिक्षु चतुरङ्गबलं मम ।
सपालक्यं प्रयाताशु सुसज्जीभूय सर्वशः ॥
</verse>",False
" ""O Lion among kings, receive this payasam prepared by gods, conferring progeny, bestowing affluence and improving health.  ", एहि पश्य शरीराणि मुनीनां भावितात्मनाम्।हतानां राक्षसैर्घोरैर्बहूनां बहुधा वने।। ,"<verse>
पश्यारण्ये हतान् रक्षैस्तापसान् परमात्मनः ।
क्रूरैर्बहुतरान् वन्यान् कलेवरगणानिह ॥
</verse>",False
" ""O Lion among kings, receive this payasam prepared by gods, conferring progeny, bestowing affluence and improving health.  ", दीर्घमायुश्च ते ब्रह्मन् ददामि समरुद्गण:।स्वस्ति प्राप्नुहि भद्रं ते गच्छ सौम्य यथासुखम्।। ,"<verse>
मरुद्भिः सहितो ब्रह्मन् ददामि दीर्घमायुषम् ।
वर्धस्व सौम्य भद्रं ते गच्छेदानीं यथासुखम् ॥
</verse>",False
" ""O Lion among kings, receive this payasam prepared by gods, conferring progeny, bestowing affluence and improving health.  ", सज्जोऽहं त्वत्प्रतीक्षोऽस्मि वेद्यामस्यां प्रतिष्ठित:।।अविघ्नं कुरुतां राजा किमर्थमवलम्बते। ,"<verse>
वेद्यां सन्नद्धरूपोऽहं त्वां प्रतीक्षे महीपते ।
निर्विघ्नं गच्छ भूपाल विलम्बं कुरुषे कथम् ॥
</verse>",False
" ""O Lion among kings, receive this payasam prepared by gods, conferring progeny, bestowing affluence and improving health.  ", रिपूणांप्रतिकूलानांयुद्धार्थमभिवर्तताम् ।उभाभ्यांसदृशंनामवक्तुमप्रस्तवेस्तवम् ।। ,"<verse>
युद्धपूर्वं युवाभ्यां किं शत्रुस्तुतिर्विधीयते ।
एवं प्रशंसनं शत्रोः किं युक्तं रणमूर्धनि ॥
</verse>",False
" ""O Lion among kings, receive this payasam prepared by gods, conferring progeny, bestowing affluence and improving health.  ", शोच्यस्त्वमसिदुर्बुद्धेनिन्दनीयश्चसाधुभिः ।यस्त्वंस्वजनमुत्सृज्यपरभृत्यत्वमागतः ।। ,"<verse>
त्यक्त्वा स्वजनमज्ञस्त्वं परं शरणमाश्रितः ।
शोचनीयोऽसि दुर्बुद्धे गर्हणीयश्च सर्वदा ॥
</verse>",False
" ""O Lion among kings, receive this payasam prepared by gods, conferring progeny, bestowing affluence and improving health.  ", तावुभौ पुरुषव्याघ्रौ राजपुत्रौ महाबलौ।त्वद्दर्शनकृतोत्साहौ लङ्कां भस्मीकरिष्यतः।। ,"<verse>
भ्रातरौ तौ महावीर्यौ त्वां द्रष्टुमुत्सुकावुभौ ।
राजपुत्रौ च तौ लङ्कां भस्मीकरिष्यतो ध्रुवम् ॥
</verse>",False
" ""O Lion among kings, receive this payasam prepared by gods, conferring progeny, bestowing affluence and improving health.  ", तस्य तच्छुशुभे ताम्रं शरेणाभिहतं मुखम्।शरदीवाम्बुजं फुल्लं विद्धं भास्कररश्मिना।। ,"<verse>
शरताडितरक्तास्यं बाणविद्धं विरोचते ।
फुल्लं शरदपद्मं वा सूर्यरश्मिप्रतापितम् ॥
</verse>",False
" ""O Lion among kings, receive this payasam prepared by gods, conferring progeny, bestowing affluence and improving health.  ", सुचन्द्रतनयो राम धूम्राश्व इति विश्रुत:।धूम्राश्वतनयश्चापि सञ्जयस्समपद्यत।। ,"<verse>
सुचन्द्रतनयो राम धूम्राश्व इति विश्रुतः ।
धूम्राश्वतनयश्चापि सञ्जयः समपद्यत ॥
</verse>",False
" ""O Lion among kings, receive this payasam prepared by gods, conferring progeny, bestowing affluence and improving health.  ", अथजीवतिनश्शत्रुर्वयं च कृतसम्युगाः ।ततस्तदभिपत्स्यामोमनसायत्समीक्षितम् ।। ,"<verse>
यदि जीवति सङ्ग्रामे शत्रुर्जीवति चेद्वयम् ।
यथासङ्कल्पितं सर्वं पश्यामो जीविता वयम् ॥
</verse>",False
" ""O Lion among kings, receive this payasam prepared by gods, conferring progeny, bestowing affluence and improving health.  ", तत्र सानुषु चित्रेषु विशालासु गुहासु च।रावणस्सह वैदेह्या मार्गितव्यस्ततस्ततः।। ,"<verse>
तत्र कन्दरजालेषु विचित्रेषु वनेषु च ।
मार्गध्वं रावणं क्रूरं वैदेहीं च यशस्विनीम् ॥
</verse>",False
" ""O Lion among kings, receive this payasam prepared by gods, conferring progeny, bestowing affluence and improving health.  ", आर्यपुत्राभिरामोऽसौ मृगो हरति मे मनः।आनयैनं महाबाहो क्रीडार्थं नो भविष्यति।। ,"<verse>
आर्यपुत्र महाबाहो मृगोऽयं हरते मनः ।
इममानय मे देव क्रीडनार्थं भविष्यति ॥
</verse>",False
" ""O Lion among kings, receive this payasam prepared by gods, conferring progeny, bestowing affluence and improving health.  ", लाघवेनतुसंयुक्तोविद्युन्मालीनिशाचरः ।अपक्रम्यरथात्तूर्णंगदापाणिःक्षितौस्थितः ।। ,"<verse>
विद्युन्माली सुषेणं तं दृष्ट्वा कोपेन ताडयत् ।
महाशैलं समादाय जघानोरसि वीर्यवान् ॥
</verse>",False
" ""O Lion among kings, receive this payasam prepared by gods, conferring progeny, bestowing affluence and improving health.  ", कुम्भकर्णंसमीक्ष्यैवहरयोऽद्यप्रविद्रुतुः ।कथमेनंरणेक्रुद्धंवारयिष्यन्तिवानराः ।। ,"<verse>
दृष्ट्वैव कुम्भकर्णं तं प्लवङ्गा विद्रवन्ति च ।
कथं वारयितुं शक्यः क्रुद्धो युद्धे स वानरैः ॥
</verse>",False
" ""O Lion among kings, receive this payasam prepared by gods, conferring progeny, bestowing affluence and improving health.  ", पूर्णे वर्षसहस्रे तु ब्रह्मा लोकपितामह:।अब्रवीन्मधुरं वाक्यं विश्वामित्रं तपोधनम्।। ,"<verse>
वर्षसाहस्रपूर्णान्ते ब्रह्मा लोकपितामहः ।
अब्रवीन्मधुरां वाचं विश्वामित्रं तपोधनम् ॥
</verse>",False
" ""O Lion among kings, receive this payasam prepared by gods, conferring progeny, bestowing affluence and improving health.  ", इत्युक्त: परमोदारो वसिष्ठेन महात्मना।।प्रत्युवाच महातेजा वाक्यं परमधर्मवित्। ,"<verse>
एवमुक्तो वसिष्ठेन महात्मना महाद्युतिः ।
जनकः प्रत्युवाचेदं धार्मिको वदतां वरः ॥
</verse>",False
" ""O Lion among kings, receive this payasam prepared by gods, conferring progeny, bestowing affluence and improving health.  ", स सुहृद्योविपन्नार्थंदीनमभ्यवपद्यते ।।स बन्धुर्योऽपनीतेषुसाहाय्यायोपकल्पते । ,"<verse>
नष्टे भाग्ये च दीनस्य यः सहायः स बान्धवः ।
च्युतस्य धर्ममार्गाच्च त्राता यः स हि बान्धवः ॥
</verse>",False
" ""O Lion among kings, receive this payasam prepared by gods, conferring progeny, bestowing affluence and improving health.  ", ततस्सम्प्रस्थितः काले रामस्सौमित्रिणा सह।सीतां कमलपत्राक्षीमिदं वचनमब्रवीत्।। ,"<verse>
प्रातः प्रस्थितवान् रामो लक्ष्मणेन समन्वितः ।
पद्मपत्रविशालाक्षीं सीतामुवाच राघवः ॥
</verse>",False
" ""O Lion among kings, receive this payasam prepared by gods, conferring progeny, bestowing affluence and improving health.  ", लक्ष्मणश्चापिरामश्चशरैराशीविषोपमैः ।।दृश्यादृश्यानिरक्षांसिप्रवराणिनिजघ्नतुः । ,"<verse>
रामश्च लक्ष्मणश्चैव विषमैः सर्पसायकैः ।
दृश्यमानान् अदृश्यांश्च निजघ्नू राक्षसोत्तमान् ॥
</verse>",False
" ""O Lion among kings, receive this payasam prepared by gods, conferring progeny, bestowing affluence and improving health.  ", चित्रकूटं गते रामे पुत्रशोकातुरस्तथा ।।राजा दशरथस्स्वर्गं जगाम विलपन्सुतम् । ,"<verse>
प्रस्थिते चित्रकूटाय शोकार्तो नृपतिर्मृतः ।
पुत्रविश्लेषदुःखार्तः स्वर्गं देवो जगाम ह ॥
</verse>",False
" ""O Lion among kings, receive this payasam prepared by gods, conferring progeny, bestowing affluence and improving health.  ", गजकन्या गजाश्चैव हेमकक्ष्याः पताकिनः। जीमूता इव घर्मान्ते सघोषास्सम्प्रतस्थिरे।।  ,"<verse>
हैमकक्ष्याः सकेतवः प्रस्थिताः करिहस्तिनः ।
घर्मान्तमेघगम्भीरघण्टानादप्रणादिनः ॥
</verse>",False
" ""O Lion among kings, receive this payasam prepared by gods, conferring progeny, bestowing affluence and improving health.  ", रामस्य गदितं श्रुत्वा हरयो रामसन्निधौ।चोदयन्ति हनूमन्तं सीतावृत्तान्तकोविदम्।। ,"<verse>
श्रुत्वा रामस्य तद्वाक्यं कपयोऽचोदयन् कपिम् ।
सीतावृत्तान्तवेत्तारं वक्तुं रामाय सर्वशः ॥
</verse>",False
" ""O Lion among kings, receive this payasam prepared by gods, conferring progeny, bestowing affluence and improving health.  ", तस्याधस्ताच्च तां देवीं राजपुत्रीमनिन्दिताम्।।लक्षयामास लक्ष्मीवान् हनुमान् जनकात्मजाम्। ,"<verse>
तस्य वृक्षस्य मूलस्थां ददर्श जनकात्मजाम् ।
महातेजा हनूमांश्च देवीं तामनघां तदा ॥
</verse>",False
" ""O Lion among kings, receive this payasam prepared by gods, conferring progeny, bestowing affluence and improving health.  ", असम्भ्रान्तस्ससौमित्रिस्तान्शरानभिलक्षितान् ।मुमोचलक्ष्मणोबाणान्वधार्थंतस्यरक्षसः ।। ,"<verse>
न शशाक रुजं कर्तुं सौमित्रिस्तस्य रक्षसः ।
हन्तुकामोऽपि तैर्बाणैः समरे भूरितेजसः ॥
</verse>",False
" ""O Lion among kings, receive this payasam prepared by gods, conferring progeny, bestowing affluence and improving health.  "," ईषत्कार्यमिदं कार्यं कृतमासीन्न संशयः।

तस्य क्रोधाभिभूतेन मया मूलक्षयः कृतः।।
  ","<verse>
कृतं कार्यं मया स्वल्पं सिद्धेर्मूलं तु नाशितम् ।
कोपेन मम सर्वस्वं नष्टं हि मम कर्मणः ॥
</verse>",False
" ""O Lion among kings, receive this payasam prepared by gods, conferring progeny, bestowing affluence and improving health.  ", एतत्सञ्जल्पितं श्रुत्वा तयोः क्रुद्धस्तु राक्षसः।विदार्याऽस्यं तदा रौद्रस्तौ भक्षयितुमारभत्।। ,"<verse>
श्रुत्वा तद्वचनं क्रूरः राक्षसः स भयानकः ।
व्यादाय विपुलं वक्त्रं खादितुं स व्यवस्यत ॥
</verse>",False
" ""O Lion among kings, receive this payasam prepared by gods, conferring progeny, bestowing affluence and improving health.  ", एवमुक्तस्तु मे शक्रो बाहू योजनमायतौ।।प्रादादास्यं च मे कुक्षौ तीक्ष्णदंष्ट्रमकल्पयत्। ,"<verse>
याचितः स मया शक्रः बाहू मे योजने कृतौ ।
वक्त्रं च मे प्रणीतं वै तीक्ष्णदंष्ट्रं महोदरे ॥
</verse>",False
" ""O Lion among kings, receive this payasam prepared by gods, conferring progeny, bestowing affluence and improving health.  ", सोऽहंरिपुविनाशायविजयायाविचारयन् ।स्वयमेवगमिष्यामिरणशीर्षंतदद्भुतम् ।। ,"<verse>
अहमेव गमिष्यामि तदद्भुतं रणाङ्गणम् ।
हत्वा शत्रून् करिष्यामि विजयं स्वस्य निश्चितम् ॥
</verse>",False
" ""O Lion among kings, receive this payasam prepared by gods, conferring progeny, bestowing affluence and improving health.  ", स कदाचित्क्षुधार्तस्य ममाहाराभिकाङ्क्षिणः।गतसूर्येऽहनि प्राप्तो मम पुत्रो ह्यनामिषः।। ,"<verse>
एकदा सूर्यमस्ते तु बुभुक्षितस्य मे सुतः ।
मांसहीनमुपागच्छत् क्षुधार्तस्य ममान्तिकम् ॥
</verse>",False
" ""O Lion among kings, receive this payasam prepared by gods, conferring progeny, bestowing affluence and improving health.  ", रामस्य न कृतं कार्यं राज्ञो न च वचः कृतम्।हरीणामियमज्ञाता विपत्तिस्सहसागता।। ,"<verse>
न कृतं रामकार्यं च सुग्रीवाज्ञा न पालिता ।
अकस्माद्वानराणां च विपद्घोरा ह्युपस्थिता ॥
</verse>",False
" ""O Lion among kings, receive this payasam prepared by gods, conferring progeny, bestowing affluence and improving health.  ", ददृशुश्चमहात्मानंहयपृष्ठेप्रतिष्ठितम् ।चरन्तंहरिसैन्येषुविद्याधरमहर्षयः ।। ,"<verse>
विद्याधरो महायोगी नरान्तकमपश्यत ।
अश्वपृष्ठे दृढं स्थित्वा गच्छन्तं सत्वरं तदा ॥
</verse>",False
" ""O Lion among kings, receive this payasam prepared by gods, conferring progeny, bestowing affluence and improving health.  ", उपदिष्टं सुसूक्ष्मार्थं शास्त्रं यत्नेन धीमता।स नाशयतु दुष्टात्मा यस्याऽर्योऽनुमते गतः।। ,"<verse>
यः प्रेषयामास वनं मम भ्रातरमुत्तमम्।
स पातु पापं शास्त्रार्थं गुरुणा च विनाशितम्॥
</verse>",False
" ""O Lion among kings, receive this payasam prepared by gods, conferring progeny, bestowing affluence and improving health.  ", तानि काञ्चनजालानि मुक्तामणिमयानि च।भवनान्यवशीर्यन्त रत्नवन्ति महान्ति च।। ,"<verse>
हेमजालगवाक्ष्याणि मुक्तरत्नयुतानि च ।
प्रासादानि विशालानि विशीर्णानि महीतले ॥
</verse>",False
" ""O Lion among kings, receive this payasam prepared by gods, conferring progeny, bestowing affluence and improving health.  ", बाढमित्येव तं राजा मुनिश्च समभाषत।लीलया स धनुर्मध्ये जग्राह वचनान्मुने:। ,"<verse>
तस्थेति मुनिराजाभ्याम् उक्ते विश्वामित्रे तदा ।
लीलया स धनुर्मध्ये जग्राह रघुनन्दनः ॥
</verse>",False
" ""O Lion among kings, receive this payasam prepared by gods, conferring progeny, bestowing affluence and improving health.  ", एषशास्ताचगोप्ताचनेताचयुधिसत्तमः ।भूतिकामश्चमेनित्यंनित्यंचसमरप्रियः ।। ,"<verse>
अकम्पनो रणे शूरः प्रजानां पालकः सदा ।
शत्रूणां दमनः शक्तः नित्यं कल्याणकाङ्क्षकः ॥
</verse>",False
" ""O Lion among kings, receive this payasam prepared by gods, conferring progeny, bestowing affluence and improving health.  ", उपधाय भुजं तस्य लोकनाथस्य सत्कृतम्।।कथं नामोपधास्यामि भुजमन्यस्य कस्य चित्। ,"<verse>
भुजं लोकपतेः श्लाघ्यं संश्रित्य शयितं मया ।
कथं प्रकृतबाहौ मे शिरोऽद्य निविशेत वै ॥
</verse>",False
" ""O Lion among kings, receive this payasam prepared by gods, conferring progeny, bestowing affluence and improving health.  ", इत्युक्तस्य यथान्यायं रावणस्य जटायुषा।क्रुद्धस्याग्निनिभास्सर्वा रेजुर्विंशतिदृष्टयः।। ,"<verse>
एवं ब्रुवति गृध्रे तु क्रोधाद्वै विंशतिर्दृशः ।
दीप्ता वह्निसमास्तस्य जज्वलुः क्रूरचक्षुषः ॥
</verse>",False
" ""O Lion among kings, receive this payasam prepared by gods, conferring progeny, bestowing affluence and improving health.  ", राक्षसैर्वध्यमानानांवानराणांमहाचमूः ।शरण्यंशरणंयातारामंदशरथात्मजम् ।। ,"<verse>
राक्षसैः पीडिताः संख्ये वानराः शरणं गताः ।
रामं दाशरथिं वीरं रक्षार्थं शरणं ययुः ॥
</verse>",False
" ""O Lion among kings, receive this payasam prepared by gods, conferring progeny, bestowing affluence and improving health.  ", आचार्यागुरवोवृद्धावृथावांपर्युपासिताः ।सारंयद्राजशास्त्राणामनुजीव्यंनगृह्यते ।। ,"<verse>
वृद्धोपसेविता ते या वृथा गुरुषु मातृषु ।
न ज्ञातं नीतिशास्त्राणां यत्सारं नयशालिनाम् ॥
</verse>",False
" ""O Lion among kings, receive this payasam prepared by gods, conferring progeny, bestowing affluence and improving health.  ", तवेदं स्थगु यद्दीर्घं रथघोणमिवायतम्।।मतयः क्षत्रविद्याश्च मायाश्चात्र वसन्ति ते। ,"<verse>
बुद्धयो दिव्यमायाश्च वीर्यं च क्षत्रियं तव ।
रथनाभिसमे तुङ्गे ककुदे ते प्रतिष्ठिताः ॥
</verse>",False
" ""O Lion among kings, receive this payasam prepared by gods, conferring progeny, bestowing affluence and improving health.  ", तत्र त्रयोदशे वर्षे राज्येनेक्ष्वाकुनन्दनम्।।अभिषेचयितुं राजा सोपाध्यायः प्रचक्रमे। ,"<verse>
त्रयोदशे ततः वर्षे राजा दशरथः प्रभुः ।
अभिषेक्तुं मतिं चक्रे रामं च सपुरोहितः ॥
</verse>",False
" ""O Lion among kings, receive this payasam prepared by gods, conferring progeny, bestowing affluence and improving health.  ", सामात्यपरिषत्क्रीडन्पानमेवोपसेवते।शोकदीनेषु नास्मासु सुग्रीवः कुरुते दया।। ,"<verse>
मन्त्रिभिः सहितः क्रीडन् मद्यपानरतः सदा ।
शोकार्तानां हि नो दुःखं न करोति दयामपि ॥
</verse>",False
" ""O Lion among kings, receive this payasam prepared by gods, conferring progeny, bestowing affluence and improving health.  ", यत्तत्प्रेतस्य मर्त्यस्य कथयन्ति द्विजातयः।।तत्स्वर्गगमनं तस्य पित्र्यं रामो जजाप ह। ,"<verse>
चकार पितृवद्रामः प्रेतकार्याणि सर्वशः ।
द्विजप्रोक्तैस्तथा मन्त्रैः स्वर्गारोहाय सर्वथा ॥
</verse>",False
" ""O Lion among kings, receive this payasam prepared by gods, conferring progeny, bestowing affluence and improving health.  ", स तदासनमाश्रित्यकुम्भकर्णोमहाबलः ।।संरक्तनयनःक्रोधाद्रावणंवाक्यमब्रवीत् । ,"<verse>
आसनं कुम्भकर्णश्च यथावदुपवेशितः ।
तं क्रुद्धो रावणो दृष्ट्वा रक्ताक्षो वाक्यमब्रवीत् ॥
</verse>",False
" ""O Lion among kings, receive this payasam prepared by gods, conferring progeny, bestowing affluence and improving health.  ", पुत्रः किल जयस्याहं माता मम शतह्रदा।विराध इति मामाहुः पृथिव्यां सर्वराक्षसाः।। ,"<verse>
पुत्रोऽहं जयस्यैव माता मम शतह्रदा ।
विराध इति मां प्राहुः पृथिव्यां सर्वराक्षसाः ॥
</verse>",False
" ""O Lion among kings, receive this payasam prepared by gods, conferring progeny, bestowing affluence and improving health.  ", पीठे कार्ष्णायसे चैनं निषण्णं कृष्णवाससम्।प्रहसन्ति स्म राजानं प्रमदाः कृष्णपिङ्गलाः।। ,"<verse>
स्वप्नेऽपश्यं गुरुं कृष्णं कृष्णवस्त्रविभूषणम् ।
लोहासननिषण्णं च हसन्तीः श्यावपिङ्गलाः ॥
</verse>",False
" ""O Lion among kings, receive this payasam prepared by gods, conferring progeny, bestowing affluence and improving health.  ", सुखी बत सभार्यश्च भरतः केकयीसुतः।मुदितान् कोसलानेको यो भोक्ष्यत्यधिराजवत्।। ,"<verse>
कौकेयीपुत्रो भरतः सभार्यो भुङ्क्त एव हि।
कोसलानां च साम्राज्यं सुहृष्टजनसङ्कुलम्॥
</verse>",False
" ""O Lion among kings, receive this payasam prepared by gods, conferring progeny, bestowing affluence and improving health.  ", यस्माद्भागार्थिनो भागान्नाकल्पयत मे सुरा:।वराङ्गाणि महार्हाणि धनुषा शातयामि व:।।  ,"<verse>
यज्ञांशलोलुपा देवा न मे भागोऽत्र कल्पितः ।
चापेनानेन वो मूर्ध्नश्चिन्द्वि गात्राणि सत्वरम् ॥
</verse>",False
" ""O Lion among kings, receive this payasam prepared by gods, conferring progeny, bestowing affluence and improving health.  ", उपालक्ष्य निमित्तानि सोऽशुभानि मुहुर्मुहुः।अपि क्षेमं नु सीताया इति वै व्याजहार च।। ,"<verse>
निमित्तान्यशुभानीह दृष्ट्वा शङ्कितमानसः ।
अपि स्वस्ति भवेत्सीता इत्येवं व्याकुलोऽभवत् ॥
</verse>",False
" ""O Lion among kings, receive this payasam prepared by gods, conferring progeny, bestowing affluence and improving health.  ", किंमेयुद्धेनकिंप्राणैर्युद्धकार्यं न विद्यते ।यत्रायंनिहतश्शेतेरणमूर्धनिलक्ष्मणः ।। ,"<verse>
लक्ष्मणे निहते युद्धे रणमूर्ध्नि पतिष्यति।
किं मे युद्धेन कार्यं वा जीवितेन च लक्ष्मण॥
</verse>",False
" ""O Lion among kings, receive this payasam prepared by gods, conferring progeny, bestowing affluence and improving health.  ", आभिकालं ततः प्राप्य ते बोधिभवनाच्च्युताम्।पितृपैतामहीं पुण्यां तेरुरिक्षुमतीं नदीम्।। ,"<verse>
ततोऽभिकालमासाद्य तरन्तीक्षुमतीं शुभाम् ।
बोधिभवनशैलोत्थां पितृपैतामहावृताम् ॥
</verse>",False
" ""O Lion among kings, receive this payasam prepared by gods, conferring progeny, bestowing affluence and improving health.  ", तथा मम सतां श्रेष्ठ किं ध्वजिन्या जगत्पते।सर्वाण्येवानुजानामि चीराण्येवाऽनयन्तु मे।। ,"<verse>
न मे सेनेन कार्यं हि लोकनाथ शुभव्रत ।
भरताय ददामीदं वल्कलान्येव मे हर ॥
</verse>",False
" ""O Lion among kings, receive this payasam prepared by gods, conferring progeny, bestowing affluence and improving health.  ", तस्यायं पूर्वजः पुत्रो रामो नाम जनैः श्रुतः।।शरण्यस्सर्वभूतानां पितुर्निर्देशपारगः। ,"<verse>
ज्येष्ठोऽस्य तनयो रामो लोके विश्रुतकीर्तिमान् ।
रक्षकः सर्वभूतानां पितुर्वाक्यकरः सदा ॥
</verse>",False
" ""O Lion among kings, receive this payasam prepared by gods, conferring progeny, bestowing affluence and improving health.  ", आश्रमं प्रति याते तु खरे खरपराक्रमे।तानेवौत्पातिकान्रामस्सह भ्रात्रा ददर्श ह।। ,"<verse>
आपत्तं घोरवीर्यस्य खरस्याश्रमगामिनः ।
तानि दृष्ट्वा निमित्तानि भ्रात्रा रामेण पश्यता ॥
</verse>",False
" ""O Lion among kings, receive this payasam prepared by gods, conferring progeny, bestowing affluence and improving health.  ", राघवस्य प्रभावेण भवतां चैव तेजसा।।सुग्रीवस्य च कार्यार्थं मया सर्वमनुष्ठितम्। ,"<verse>
त्वत्प्रसादाच्च रामेण सुग्रीवस्यापि कार्यतः ।
सर्वं ममानुकूलं च बभूव कपिपुंगव ॥
</verse>",False
" ""O Lion among kings, receive this payasam prepared by gods, conferring progeny, bestowing affluence and improving health.  ", विप्रलुप्तप्रजातस्य दुष्कृतं ब्राह्मणस्य यत्।तदेव प्रतिपद्येत यस्यार्योऽनुमते गतः।। ,"<verse>
यस्यार्योऽनुमते यातः स पापेन युज्येत।
ब्रह्महा यो भवेल्लोके सुरापो वृषलीपतिः॥
</verse>",False
" ""O Lion among kings, receive this payasam prepared by gods, conferring progeny, bestowing affluence and improving health.  ", अयं राजा महाभाग गुरुशापपरिक्षत: ।सशरीरो दिवं यातुं नार्हत्येव तपोधन ।।  ,"<verse>
गुरुशप्तो नृपो ह्येष महर्षे न दिवं व्रजेत् ।
सशरीरो महाभाग न स्वर्गं गन्तुमर्हति ॥
</verse>",False
" ""O Lion among kings, receive this payasam prepared by gods, conferring progeny, bestowing affluence and improving health.  ", गतिं पुत्रा: न पश्यामि रक्षसां परुषर्षभा:।मन्त्रपूतैर्महाभागैरास्थितो हि महाक्रतु:।। ,"<verse>
न पश्यामि भयं पुत्र राक्षसेभ्य इहाल्पकम् ।
सुगुप्तो ह्येष यज्ञांशो मन्त्रपूतो महर्षिभिः ॥
</verse>",False
" ""O Lion among kings, receive this payasam prepared by gods, conferring progeny, bestowing affluence and improving health.  ", विश्वामित्रस्तु काकुत्स्थमुवाच प्रहसन्निव।श्रूयतां विस्तरो राम सगरस्य महात्मन:।। ,"<verse>
विश्वामित्रोऽब्रवीद्वाक्यं सस्मितं राघवं प्रति ।
शृणु राम महाबाहो सगरस्य कथां शुभाम् ॥
</verse>",False
" ""O Lion among kings, receive this payasam prepared by gods, conferring progeny, bestowing affluence and improving health.  ", चिन्तयित्वामुहूर्तंतुवानरांस्तानुवाचह ।हनुमत्प्रमुखान्सर्वानिदंवचनमुत्तमम् ।। ,"<verse>
विमृश्य स मुहूर्तं च हनूमन्तमभाषत ।
तथा च वानरश्रेष्ठान् वाक्यमेतदुवाच ह ॥
</verse>",False
" ""O Lion among kings, receive this payasam prepared by gods, conferring progeny, bestowing affluence and improving health.  ", पश्यतस्तांतुरामस्यसमीपेहृदयप्रियाम् ।जनवादभयाद्राज्ञोबभूवहृदयंद्विधा ।। ,"<verse>
पूर्वमेव दुःखार्तोऽसौ दृष्ट्वा सीतां प्रियां हृदि ।
लोकापवादभीत्या च अन्तर्ददाह राघवः ॥
</verse>",False
" ""O Lion among kings, receive this payasam prepared by gods, conferring progeny, bestowing affluence and improving health.  ", अगस्त्यवचनाच्चैव जग्राहैन्द्रं शरासनम् ।।खड्गं च परमप्रीतस्तूणी चाक्षयसायकौ ।  ,"<verse>
अगस्त्यवचनाद् रामः प्रजग्राह शरासनम् ।
खड्गं चाक्षयतूणीरौ दत्तं शक्रेण मोदितः ॥
</verse>",False
" ""O Lion among kings, receive this payasam prepared by gods, conferring progeny, bestowing affluence and improving health.  ", शूरश्च कृतविद्यश्च पूर्वैस्तुल्योऽसि तेजसा।पितृ़णां गतिमन्विच्छ येन चाश्वोऽपवाहित:।। ,"<verse>
शूरश्च कृतविद्यश्च पूर्वैश्च सदृशो गुणैः ।
पितॄणां मार्गमन्विच्छ हर्तुश्चाश्वस्य राघव ॥
</verse>",False
" ""O Lion among kings, receive this payasam prepared by gods, conferring progeny, bestowing affluence and improving health.  ", इदंचयदिवामोहाल्लोभाद्वाव्याहृतंमया ।तत्रापिचमहाराज नदोषंकर्तुमर्हसि ।। ,"<verse>
न मोहात् न च लोभेन ब्रवीम्येवं महीपते ।
न मां दोषेण गन्तुं त्वमर्हसि त्वं नराधिप ॥
</verse>",False
" ""O Lion among kings, receive this payasam prepared by gods, conferring progeny, bestowing affluence and improving health.  ", राजाऽभूत् त्रिषु लोकेषु विश्रुत स्स्वेन कर्मणा।निमि: परमधर्मात्मा सर्वसत्त्ववतां वर:।। ,"<verse>
आसीद् राजा निमिर्नाम धर्मात्मा पुरुषर्षभः ।
त्रिलोक्यां विश्रुतः श्रीमान् स्वेनैव कर्मणा भुवि ॥
</verse>",False
" ""O Lion among kings, receive this payasam prepared by gods, conferring progeny, bestowing affluence and improving health.  ", नाहमर्थपरो देवि लोकमावस्तुमुत्सहे।विद्धिमामृषिभिस्तुल्यं केवलं धर्ममास्थितम्।। ,"<verse>
न जीविते स्पृहा देवि वित्तार्थे मे कदाचन ।
मुनीन्द्रैः सह मां विद्धि केवलैर्धर्मतत्परैः ॥
</verse>",False
" ""O Lion among kings, receive this payasam prepared by gods, conferring progeny, bestowing affluence and improving health.  ", भरतादेव रामस्य राज्यसाधारणाद्भयम्।तद्विचिन्त्य विषण्णाऽस्मि भयं भीताऽद्धि जायते।। ,"<verse>
राज्ये समोऽधिकारोऽस्ति रामस्य भरतस्य च ।
चिन्तयित्वा भयं मेऽद्य भीताद् भीतिः प्रजायते ॥
</verse>",False
" ""O Lion among kings, receive this payasam prepared by gods, conferring progeny, bestowing affluence and improving health.  ", निवृत्तवनवासश्च जनकं मिथिलाधिपम्।।कुशलं परिपृच्छन्तं कथं शक्ष्ये निरीक्षितुम्। ,"<verse>
गत्वा वनप्रवासं मे पृच्छेत्क्षेमं यदा नृपः ।
मिथिलाधिपतिर्वीक्ष्य कथं संमुखतामियाम् ॥
</verse>",False
" ""O Lion among kings, receive this payasam prepared by gods, conferring progeny, bestowing affluence and improving health.  ", धर्मस्तु गजनासोरु सद्भिराचरितः पुरा।तं चाहमनुवर्तेऽद्य यथा सूर्यं सुवर्चला।। ,"<verse>
सद्भिः पूर्वतरं चीर्णं करभोरु! पथा व्रज ।
सूर्यं समनुगच्छन्ती सूर्यस्येव सुवर्चला ॥
</verse>",False
" ""O Lion among kings, receive this payasam prepared by gods, conferring progeny, bestowing affluence and improving health.  ", तमङ्गदमुपासीनं तैस्सर्वैर्हरिभिर्वृतम्।जनितप्रत्ययो हर्षात्सम्पातिः पुनरब्रवीत्।। ,"<verse>
सम्पातिं पर्युपासीनमङ्गदं वानरैर्वृतम् ।
आश्वास्य स सुसंहृष्टः पुनरेवाभ्यभाषत ॥
</verse>",False
" ""O Lion among kings, receive this payasam prepared by gods, conferring progeny, bestowing affluence and improving health.  ", कोहिसिंहमिवासीनंसुप्तंगिरिगुहाशये ।क्रुद्धंमृत्युमिवाऽसीनंसम्भोधयितुमिच्छति ।। ,"<verse>
गिरिगुहाशयं सिंहं सुप्तं मृत्युमिवोद्यतम् ।
यः प्रबोधयितुं चेष्टे कोऽसौ मां बोधयत्यहो ॥
</verse>",False
" ""O Lion among kings, receive this payasam prepared by gods, conferring progeny, bestowing affluence and improving health.  ", ततः पद्मसहस्रेण वृतश्शङ्कुशतेन च।युवराजोऽङ्गदः प्राप्तः पितृतुल्यपराक्रमः।। ,"<verse>
ततश्च युवराजोऽसौ पितृतुल्यपराक्रमः ।
पद्मकोटिसहस्रेण शङ्कुशतैर्वृतोऽभ्ययात् ॥
</verse>",False
" ""O Lion among kings, receive this payasam prepared by gods, conferring progeny, bestowing affluence and improving health.  ", विशालान् कोसलान् रम्यान् यात्वा लक्ष्मणपूर्वजः।अयोध्याभिमुखो धीमान् प्राञ्जलिर्वाक्यमब्रवीत्।। ,"<verse>
तीर्त्वा तु कोसलं रम्यं महादेशं स राघवः ।
अयोध्यां प्राञ्जलिः स्थित्वा लक्ष्मणपूर्वजोऽब्रवीत् ॥
</verse>",False
" ""O Lion among kings, receive this payasam prepared by gods, conferring progeny, bestowing affluence and improving health.  ", यस्य देवास्सगन्धर्वाः पिशाचपतगोरगाः।विद्रवन्ति भयाद्भीता मृत्योरिव सदा प्रजाः।। ,"<verse>
यथा मृत्योर्भयं सर्वजन्तूनां जायते भुवि ।
देवा गन्धर्वयक्षाश्च नश्यन्ति मद्भयात्तथा ॥
</verse>",False
" ""O Lion among kings, receive this payasam prepared by gods, conferring progeny, bestowing affluence and improving health.  ", तत स्त्र्यवनतं चापमादायाऽत्मविभूषणम्।आबध्य च कलापौ द्वौ जगामोदग्रविक्रमः।। ,"<verse>
गृहीत्वा त्रिनतं चापं स्वस्य भूषणरूपकम् ।
बद्ध्वा च शरतूणीरौ प्रययौ स महाबलः ॥
</verse>",False
" ""O Lion among kings, receive this payasam prepared by gods, conferring progeny, bestowing affluence and improving health.  ", सा विरूपा महाघोरा राक्षसी शोणितोक्षिता।ननाद विविधान्नादान्यथा प्रावृषि तोयदः।। ,"<verse>
विकृता सा महाघोरा रुधिरेण समुक्षिता ।
ननाद सुमहानादं प्रावृषीव बलाहकः ॥
</verse>",False
" ""O Lion among kings, receive this payasam prepared by gods, conferring progeny, bestowing affluence and improving health.  ", अदृष्टंमृत्युमापन्नःकस्मात्त्वंनयशास्त्रवित् ।व्यसनानामुपायज्ञःकुशलोह्यसिवर्जने ।। ,"<verse>
सर्वशास्त्रार्थतत्त्वज्ञ सर्वविघ्नविनाशकः ।
कथं त्वां मृत्युरासाद्य कथं मृत्युवशं गतः ॥
</verse>",False
" ""O Lion among kings, receive this payasam prepared by gods, conferring progeny, bestowing affluence and improving health.  ", ममकायात्प्रसूतौ हि दुःखितौ भारपीडितौ।यौ दृष्ट्वा परितप्येऽहं नास्ति पुत्रसमः प्रियः।। ,"<verse>
मदङ्गाज्जज्ञिरे वृषाः पीड्यन्ते भारपीडया ।
क्लेशं दृष्ट्वा सुदुःखोऽस्मि न कश्चित्पुत्रवत्प्रियः ॥
</verse>",False
" ""O Lion among kings, receive this payasam prepared by gods, conferring progeny, bestowing affluence and improving health.  ", सतस्यगतिमन्विच्छन्राजपुत्रःप्रतापवान् ।दिदेशातिबलोरामोदशवानरयूथपान् ।। ,"<verse>
राजपुत्रो महावीर्यो रामो वै भूपनन्दनः ।
ज्ञातुमिन्द्रजितो वार्त्तामादिशद्दश वानरान् ॥
</verse>",False
" ""O Lion among kings, receive this payasam prepared by gods, conferring progeny, bestowing affluence and improving health.  ", स पर्वताग्रमुत्क्षिप्यसमाविध्यमहाबलः ।अभिदुद्राववेगेनकुम्भकर्णंमहाबलम् ।। ,"<verse>
सुग्रीवो भीमवीर्यवान् ।
शैलशृङ्गं प्रगृह्याथ ॥
भ्रामयित्वा च वेगेन ।
कुम्भकर्णमभिद्रवत् ॥
</verse>",False
" ""O Lion among kings, receive this payasam prepared by gods, conferring progeny, bestowing affluence and improving health.  ", खरश्चनिहतःसङ्ख्येदूषणस्त्रिशिरास्तथा ।शरैरादितसङ्काशैःपर्याप्तंतन्निदर्शनम् ।। ,"<verse>
हतः खरस्तथा युद्धे दूषणश्च त्रिशीर्षकः ।
शरैरादित्यसङ्काशैस्तन्निदर्शनमेव च ॥
</verse>",False
" ""O Lion among kings, receive this payasam prepared by gods, conferring progeny, bestowing affluence and improving health.  ", स तमाश्रममागम्य भरद्वाजस्य बुद्धिमान्।अवतीर्य रथात्पादौ ववन्दे भरतस्तदा।। ,"<verse>
भरद्वाजाश्रमं प्राप्य रथादवततार सः ।
ततः स भरतो धीमान् मुनेः पादाववन्दत ॥
</verse>",False
" ""O Lion among kings, receive this payasam prepared by gods, conferring progeny, bestowing affluence and improving health.  ", अयंत्वांसचिवैःसार्थंमहात्मारजनीचरः ।अभिज्ञस्तस्यमायानांपृष्ठतोऽनुगमिष्यति ।। ,"<verse>
महात्माऽयं निशाचारो विभीषण उपस्थिताः ।
मन्त्रिभिः सह धर्मात्मा पृष्ठतस्त्वामनुव्रजेत् ॥
</verse>",False
" ""O Lion among kings, receive this payasam prepared by gods, conferring progeny, bestowing affluence and improving health.  ", ते शरीरं विराधस्य भित्त्वाबर्हिणवाससः।निपेतुश्शोणितादिग्धा धरण्यां पावकोपमाः।। ,"<verse>
शरा मयूरपत्राढ्या दीप्ता वह्निसमा युधि ।
विराधगात्रं विव्यधुः स पपात महीतले ॥
</verse>",False
" ""O Lion among kings, receive this payasam prepared by gods, conferring progeny, bestowing affluence and improving health.  ", तत्रैका तु महाभागा भार्गवं देववर्चसम्।।ववन्दे पद्मपत्राक्षी काङ्क्षन्ती सुतमात्मन:। ,"<verse>
कालिन्दी पद्मपत्राक्षी च्यवनाय सुतेप्सया ।
तस्मै देवप्रकाशाय स्वयमेवोपतस्थुषी ॥
</verse>",False
" ""O Lion among kings, receive this payasam prepared by gods, conferring progeny, bestowing affluence and improving health.  ", न दोषं त्वयि पश्यामि सूक्ष्ममप्यरिसूदन।न चापि जननीं बाल्यात्त्वं विगर्हितुमर्हसि।। ,"<verse>
न पश्यामि ह्यणुं दोषं त्वयि शत्रुनिषूदन ।
न युक्तं बालवन्मातुः कर्तुं निन्दनमद्य ते ॥
</verse>",False
" ""O Lion among kings, receive this payasam prepared by gods, conferring progeny, bestowing affluence and improving health.  ", सात्वेवंब्रुवतींसीतांसरमावल्गुभाषिणी ।उवाचवदनंतस्यास्स्पृशन्तीबाष्पविक्लबम् ।। ,"<verse>
मृदुवादी तदा सारः मन्दं प्रमृज्य तन्मुखम् ।
बाष्पदिग्धं शनैः स्पृष्ट्वा प्रत्युवाच कृपान्वितः ॥
</verse>",False
" ""O Lion among kings, receive this payasam prepared by gods, conferring progeny, bestowing affluence and improving health.  ", ततो जातपरित्रासा शब्दं कुर्यान्मनस्विनी।।जानमाना  विशालाक्षी रावणं कामरूपिणम्। ,"<verse>
मां तु संभाषमाणं च सीता भीता भविष्यति ।
एकतश्चिन्त्यमाना सा रावणं मां गमिष्यति ॥
</verse>",False
" ""O Lion among kings, receive this payasam prepared by gods, conferring progeny, bestowing affluence and improving health.  ", पिप्पलीनां च पक्वानां वनादस्मादुपागतः।।गन्धोऽयं पवनोक्षिप्तस्सहसा कटुकोदयः। ,"<verse>
वनाद्वातेन नीतं हि पक्वोदुम्बरगन्धकम् ।
जिघ्र त्वं सहसामोदं कषायमनिलाकुलम् ॥
</verse>",False
" ""O Lion among kings, receive this payasam prepared by gods, conferring progeny, bestowing affluence and improving health.  ", वज्राशनिसमस्पर्शोद्विविदोऽप्यशनिप्रभम् ।जघानगिरिशृङ्गेणमिषतांसर्वरक्षसाम् ।। ,"<verse>
द्विविदो वज्रसंघातः शैलाग्रे विचचार ह ।
रक्षःसु प्रेक्षमाणेषु पश्यत्सु रजनीचरे ॥
</verse>",False
" ""O Lion among kings, receive this payasam prepared by gods, conferring progeny, bestowing affluence and improving health.  ", हारकेयूरवस्स्रैश्चशत्रैश्चसमलङ्कृता ।भूमिर्भातिरणेतत्रशारदीवयथानिशा ।। ,"<verse>
विकीर्णहारकेयूरं शस्त्रवस्त्रावृतं रणे ।
बभौ तद्रणभूम्यग्रं शारदीव निशा शुभा ॥
</verse>",False
" ""O Lion among kings, receive this payasam prepared by gods, conferring progeny, bestowing affluence and improving health.  ", राजा च राघवौ पुत्रौ निशाम्य परिहर्षित:।।उवास परमप्रीतो जनकेन सुपूजित:। ,"<verse>
पुत्राभ्यां संयुक्तो राजा रामलक्ष्मणसंयुतः ।
पूजितो जनकेनासौ तस्थौ परमतोषतः ॥
</verse>",False
" ""O Lion among kings, receive this payasam prepared by gods, conferring progeny, bestowing affluence and improving health.  ", बाणजालैश्शरीरस्थैरवगाढैस्तरस्विनौ ।।शुशुभातेमहावीर्यौप्ररूढाविवपर्वतौ । ,"<verse>
शरजालैश्चिताङ्गास्ते वीरा वेगसमन्विताः ।
बभुः पर्वतरूपाभा वृक्षाकीर्णा इवाचलाः ॥
</verse>",False
" ""O Lion among kings, receive this payasam prepared by gods, conferring progeny, bestowing affluence and improving health.  ", नभवन्तंमतिश्रेष्ठंसमर्थंवदतांवरम् ।अतिशाययितुंशक्तोबृहस्पतिरपिब्रुवन् ।। ,"<verse>
बुद्धिमतां वरेणापि न जेतुं शक्यते भवान् ।
सामर्थ्ये वाक्पटुत्वे च त्वमेवास्यग्रणीः सदा ॥
</verse>",False
" ""O Lion among kings, receive this payasam prepared by gods, conferring progeny, bestowing affluence and improving health.  ", तामसंसुमहाघोरंचकारास्त्रंसुदारुणम् ।निर्ददाहकपीन् सर्वांस्तेप्रपेतुःसमन्ततः ।। ,"<verse>
मुमोच तामसं नाम चास्त्रं परमदारुणम् ।
पतितं कपिसेनायां सर्ववानरदाहकम् ॥
</verse>",False
" ""O Lion among kings, receive this payasam prepared by gods, conferring progeny, bestowing affluence and improving health.  ", लक्ष्यालक्ष्येण रूपेण रात्रौ लङ्का पुरी मया।प्रवेष्टुं प्राप्तकालं मे कृत्यं साधयितुं महत्।। ,"<verse>
कृत्यमेतन्महासाधुं
कर्तुं रूपं लघुं दधे।
निशि लङ्कां प्रवेक्ष्यामि
कालो ह्येष सुशोभनः॥
</verse>",False
" ""O Lion among kings, receive this payasam prepared by gods, conferring progeny, bestowing affluence and improving health.  ", ततः पर्णकुटीद्वारमासाद्य जगतीपतिः।परिजग्राह बाहुभ्यामुभौ भरतलक्ष्मणौ।। ,"<verse>
पर्णशालामुखं प्राप्य रामो भूमिपतिस्तदा ।
भरतं लक्ष्मणं चैव बाहुभ्यां परिषस्वजे ॥
</verse>",False
" ""O Lion among kings, receive this payasam prepared by gods, conferring progeny, bestowing affluence and improving health.  ", आर्तनादो हि यः पौरैर्मुक्तस्त्वद्विप्रवासने।सरथं मां निशाम्यैव कुर्युः शतगुणं ततः।। ,"<verse>
श्रुत्वा तु क्रन्दनं पूर्वं विप्रवासे पुरौकसाम् ।
शून्यं रथं हि दृष्ट्वैव क्रोशिष्यन्ति शतद्गुणम् ॥
</verse>",False
" ""O Lion among kings, receive this payasam prepared by gods, conferring progeny, bestowing affluence and improving health.  ", ततोऽहं रूपसादृश्यान्मोहितो वानरोत्तम।नोत्सृजामि महावेगं शरं शत्रुनिबर्हण।। ,"<verse>
सदृशौ हि युवां वीर रूपेण च स्वरेण च ।
ततोऽहं न शरान्मुक्तान् शत्रूणां प्राणनाशकान् ॥
</verse>",False
" ""O Lion among kings, receive this payasam prepared by gods, conferring progeny, bestowing affluence and improving health.  ", तं त्विदानीमहं हत्वा खरदूषणघातिनम्।रामं शर्मोपलप्स्यामि धनं लब्ध्वेव निर्धनः।। ,"<verse>
धनेन निर्धनो यद्वत् प्रहृष्यति मुदा युतः ।
हत्वा खरविदूषघ्नं तथाहं मुदितो भवे ॥
</verse>",False
" ""O Lion among kings, receive this payasam prepared by gods, conferring progeny, bestowing affluence and improving health.  ", तमेवमभिसंरब्धं ब्रुवाणं राघवं रणे।खरो निर्भर्त्सयामास रोषात्खरतरस्वरः।। ,"<verse>
संरब्धे ब्रुवति ह्येवं रामे रणगते तदा ।
क्रुद्धः खरो महाक्रोधाद् बभाषे परुषं वचः ॥
</verse>",False
" ""O Lion among kings, receive this payasam prepared by gods, conferring progeny, bestowing affluence and improving health.  ", विस्मिता हरयस्तत्र व्यवतिष्ठन्त सर्वशः।।पप्रच्छ हनुमांस्तत्र काऽसि त्वं कस्य वा बिलम्। ,"<verse>
तस्थुस्ते विस्मितास्तत्र हनूमान्पृच्छति स्म तान् ।
के यूयं कस्य चेयं वै गुहेयं कस्य वर्तते ॥
</verse>",False
" ""O Lion among kings, receive this payasam prepared by gods, conferring progeny, bestowing affluence and improving health.  ", अवदग्धस्य रौद्रेण चक्षुषा रघुनन्दन।व्यशीर्यन्त शरीरात्स्वात्सर्वगात्राणि दुर्मते:।। ,"<verse>
दग्ध्वा तस्य तृतीयेन नेत्रेण रघुसत्तम ।
दुर्मतेः कामदेवस्य गात्राणि सकलान्यपि ॥
</verse>",False
" ""O Lion among kings, receive this payasam prepared by gods, conferring progeny, bestowing affluence and improving health.  ", न च सीता त्वया हीना न चाहमपि राघव।मुहूर्तमपि जीवावो जलान्मत्स्याविनोद्धृतौ।। ,"<verse>
त्वया विना न जीवावः सीता चाहं च राघव ।
जलादुद्धृतमीनो वा मरिष्यावः क्षणादिव ॥
</verse>",False
" ""O Lion among kings, receive this payasam prepared by gods, conferring progeny, bestowing affluence and improving health.  ", राघवे हि वनं प्राप्ते सर्वलोकस्य धिक्कृतम्।।मृत्युरक्षमणीयं मां नयिष्यति यमक्षयम्। ,"<verse>
यदि रामो वनं याति मृत्युर्नयति मां गृहम् ।
निन्दितं सर्वलोकेन न मां यमोऽपि मुञ्चति ॥
</verse>",False
" ""O Lion among kings, receive this payasam prepared by gods, conferring progeny, bestowing affluence and improving health.  ", तत्तिष्ठद्वसुधांरक्षश्शूलंजग्राहपाणिना ।त्रासनंसर्वभूतानांयुगान्ताग्निसमप्रभम् ।। ,"<verse>
भूतत्रासकरो भूमौ स्थितः स रजनीचरः ।
शूलहस्तः प्रदीप्ताङ्गो युगान्ताग्निरिवाबभौ ॥
</verse>",False
" ""O Lion among kings, receive this payasam prepared by gods, conferring progeny, bestowing affluence and improving health.  "," अथ राज्ञो बभूवैवं वृद्धस्य चिरजीविनः।।

प्रीतिरेषा कथं रामो राजा स्यान्मयि जीवति।
  ","<verse>
अथ तस्य महीपाल मनस्यासीन्मनोरमः ।
कथं रामो भवेद् राजा मयि जीवति सादरम् ॥
</verse>",False
" ""O Lion among kings, receive this payasam prepared by gods, conferring progeny, bestowing affluence and improving health.  ", दुहिता जनकस्याहं मैथिलस्य महात्मनः।सीता नाम्नास्मि भद्रं ते रामभार्या द्विजोत्तम।। ,"<verse>
दुहिता जनकस्याहं Mythila-king-daughter
मैथिली जनकात्मजा ।
भार्या रामस्य धीरस्य
सीता नाम्नास्मि विप्रर्षे ॥
</verse>",False
" ""O Lion among kings, receive this payasam prepared by gods, conferring progeny, bestowing affluence and improving health.  ", कामार्तस्तु महातेजाः पिता दशरथस्स्वयम्।।कैकेय्याः प्रियकामार्थं तं रामं नाभ्यषेचयत्। ,"<verse>
रामो न सिक्तः पित्रा तु
कैकेय्याः प्रियकाम्यया ।
कामोपहतचित्तेन
नृपेण दशरथेन ॥
</verse>",False
" ""O Lion among kings, receive this payasam prepared by gods, conferring progeny, bestowing affluence and improving health.  ", एतत्तदिङ्गुदीमूलमिदमेव च तत्तृणम्।यस्मिन्रामश्च सीता च रात्रिं तां शयितावुभौ।। ,"<verse>
इङ्गुदीमूलमाश्रित्य तृणशय्यास्थितावुभौ ।
तस्यां रात्रौ सुखं सुप्तौ रामो जनकनन्दिनी ॥
</verse>",False
" ""O Lion among kings, receive this payasam prepared by gods, conferring progeny, bestowing affluence and improving health.  ", अनाथश्च हि वृद्धश्च मया चैव विनाकृतः।किं करिष्यति कामात्मा कैकेयी वशमागतः।। ,"<verse>
मद्वियोगाद्वशं यातः कैकेय्या वशगो नृपः ।
किं नु कुर्यादसौ दीनः वृद्धो राजा महीपतिः ॥
</verse>",False
" ""O Lion among kings, receive this payasam prepared by gods, conferring progeny, bestowing affluence and improving health.  ", मम मातुर्महद्दुःखमतुलं शुभलक्षण।अभिप्रायमविज्ञाय सत्यस्य च शमस्य च।। ,"<verse>
कल्याणगुणसंयुक्त अज्ञात्वा सत्यसंयमम् ।
शोकेनाप्रतिमेनाद्य माता मे संप्रतप्यते ॥
</verse>",False
" ""O Lion among kings, receive this payasam prepared by gods, conferring progeny, bestowing affluence and improving health.  ", उदावसोस्तु धर्मात्मा जातो वै नन्दिवर्धन:।नन्दिवर्धनपुत्रस्तु सुकेतुर्नाम नामत:।।  ,"<verse>
उदावसोस्तु धर्मात्मा जज्ञे वै नन्दिवर्धनः ।
तस्मात् सुकेतुर्धर्मात्मा नृपतिर्धर्मकोविदः ॥
</verse>",False
" ""O Lion among kings, receive this payasam prepared by gods, conferring progeny, bestowing affluence and improving health.  ", इष्टं मधुवनं ह्येतत्पार्थिवस्य महात्मनः।पितृपैतामहं दिव्यं देवैरपि दुरासदम्।। ,"<verse>
पितृपैतामहं हीदं वनं राज्ञः प्रियं महत् ।
सुरैरपि दुराधर्षं रक्षितं हरिपुङ्गवैः ॥
</verse>",False
" ""O Lion among kings, receive this payasam prepared by gods, conferring progeny, bestowing affluence and improving health.  ", राजा सत्वरमाहूय व्यापृतं वित्तसंञ्चये।उवाच देशकालज्ञो निश्चितं सर्वत श्शुचिम्।। ,"<verse>
देशकालविधाज्ञस्तु कोषाध्यक्षं शुचिं दृढम् ।
सत्वरं समुपाहूय तमुवाच नृपो वचः ॥
</verse>",False
" ""O Lion among kings, receive this payasam prepared by gods, conferring progeny, bestowing affluence and improving health.  ", ते मुहूर्तं समाश्वस्ताः किञ्चिद्भग्नपरिश्रमाः।पुनरेवोद्यताः कृत्स्नां मार्गितुं दक्षिणां दिशम्।। ,"<verse>
विश्रम्य च क्षणं खिन्ना मार्गयन्ति दिशं यमाम् ।
पुनरेव हि ते सर्वे वानरा यत्नमास्थिताः ॥
</verse>",False
" ""O Lion among kings, receive this payasam prepared by gods, conferring progeny, bestowing affluence and improving health.  ", राघवस्य वचश्श्रुत्वा सुग्रीवो वाहिनीपतिः ।व्यादिदेश महावीर्यो वानरान्वानरर्षभ ः ।। ,"<verse>
श्रुत्वा राघववाक्यं तु सुग्रीवो वानरेश्वरः ।
आदिदेश हरीञ्छूरान् प्रस्थातुं वनगामिनः ॥
</verse>",False
" ""O Lion among kings, receive this payasam prepared by gods, conferring progeny, bestowing affluence and improving health.  ", निमित्तानि च पश्यामि यानि प्रादुर्भवन्ति च ।निहत्य रावणं सीतामानयिष्यामि जानकीम् ।। ,"<verse>
निमित्तानि च पश्यामि प्रस्थानाय शुभानि च।
हत्वा रक्षपतिं संख्ये लप्स्ये तां जनकात्मजाम्॥
</verse>",False
" ""O Lion among kings, receive this payasam prepared by gods, conferring progeny, bestowing affluence and improving health.  ", तौ हत्वा तां च दुर्वृत्तामपावर्तितुमर्हथ।इयं च रुधिरं तेषां भगिनी मम पास्यति।। ,"<verse>
तौ च तां पापशीलां च घातयित्वा ममेप्सितम् ।
इयं मम स्वसा तूर्णं तयोः पास्यति शोणितम् ॥
</verse>",False
" ""O Lion among kings, receive this payasam prepared by gods, conferring progeny, bestowing affluence and improving health.  ", तथा ब्रुवति वैदेहे जनके रघुनन्दन:।राजा दशरथो हृष्ट: प्रत्युवाच महीपतिम्।। ,"<verse>
जनकस्य वचः श्रुत्वा राजा दशरथो मुदा ।
प्रत्युवाच प्रसन्नात्मा वैदेहं रघुनन्दनः ॥
</verse>",False
" ""O Lion among kings, receive this payasam prepared by gods, conferring progeny, bestowing affluence and improving health.  ", तच्छूलंपरमक्रुद्धोमध्येजग्राहवीर्यवान् ।अनेकैःसमरेश्शूरैराक्षसैःपरिवारितः ।। ,"<verse>
रक्षोवीरवृते युद्धे क्रुद्धः शूरो दशाननः ।
मध्ये जग्राह शूलं स महावीर्यो रणाजिरे ॥
</verse>",False
" ""O Lion among kings, receive this payasam prepared by gods, conferring progeny, bestowing affluence and improving health.  ", अतिवेगोऽतिवेगेन भ्रामयित्वा बलोत्कटः।परिघं पातयामास जम्बुमालेर्महोरसि।। ,"<verse>
भ्रामयित्वा महावेगं परिघं मारुतात्मजः ।
जम्बुमालेर्महोरस्के चिक्षेपामितविक्रमः ॥
</verse>",False
" ""O Lion among kings, receive this payasam prepared by gods, conferring progeny, bestowing affluence and improving health.  ", दत्तमिष्टं हुतं चैव तप्तानि च तपांसि च।वेदा स्सत्यप्रतिष्ठाना स्तस्मात्सत्यपरो भवेत्।। ,"<verse>
दानं यज्ञस्तथा होमस्तपो वेदाश्च सत्यगाः ।
तस्मात् सर्वप्रयत्नेन सत्यमेव समाचरेत् ॥
</verse>",False
" ""O Lion among kings, receive this payasam prepared by gods, conferring progeny, bestowing affluence and improving health.  ", काममस्य त्वमेवैकः कार्यस्य परिसाधने।पर्याप्तः परवीरघ्न यशस्यस्ते बलोदयः।। ,"<verse>
वीरस्य तेऽस्य कार्यस्य सिद्धौ शक्तिः पराक्रमः ।
एकस्यैव हि ते कीर्तिः सिद्धे कार्ये न राघवः ॥
</verse>",False
" ""O Lion among kings, receive this payasam prepared by gods, conferring progeny, bestowing affluence and improving health.  ", तद्वाक्यं लक्ष्मण श्श्रुत्वा व्रीलितः प्रत्युवाच ह।त्वां मन्ये द्रष्टुमायातः पिता दशरथ स्स्वयम्।। ,"<verse>
श्रुत्वा रामस्य तद् वाक्यं लक्ष्मणो व्रीडितोऽब्रवीत् ।
मन्ये दशरथो राजा त्वां द्रष्टुं स्वयमागतः ॥
</verse>",False
" ""O Lion among kings, receive this payasam prepared by gods, conferring progeny, bestowing affluence and improving health.  ", सोऽहमभ्यवहारार्थी तौ दृष्ट्वा कृतनिश्चयः।तेन साम्ना विनीतेन पन्थानमभियाचितः।। ,"<verse>
आहारार्थी ग्रहीतुं द्वौ उद्यतोऽहं यदाभवम् ।
मृदुना विनयेनैव मार्गं मे सोऽभ्ययाचत ॥
</verse>",False
" ""O Lion among kings, receive this payasam prepared by gods, conferring progeny, bestowing affluence and improving health.  ", वेदश्चक्रतवश्चैवक्रतूनांफलमेव च ।यानिकृत्यानिलोकेषुसर्वेषुपरमप्रभुः ।। ,"<verse>
सर्ववेदमयो यज्ज्ञः सर्वयज्ञफलप्रदः ।
सर्वलोकक्रियाध्यक्षः सर्वकर्माधिपो हरिः ॥
</verse>",False
" ""O Lion among kings, receive this payasam prepared by gods, conferring progeny, bestowing affluence and improving health.  ", अङ्गेश्वरम् महाभागं रोमपादं सुसत्कृतम्।वयस्यं राजसिंहस्य समानय यशस्विनम्।। ,"<verse>
आनयध्वं महातेजं रोमपादं महीपतिम् ।
अङ्गराजं महाभागं दशरथप्रियं सखम् ॥
</verse>",False
" ""O Lion among kings, receive this payasam prepared by gods, conferring progeny, bestowing affluence and improving health.  ", चारेणविदितश्शत्रुःपण्डितैर्वसुधाधिपैः ।युद्धेस्वल्पेनयत्नेनसमासाद्यनिरस्यते ।। ,"<verse>
विज्ञाय चरतश्छत्रून् प्राज्ञा भूपतयो रणे ।
अल्पप्रयत्नतः शत्रून् साधयन्ति सुलीलया ॥
</verse>",False
" ""O Lion among kings, receive this payasam prepared by gods, conferring progeny, bestowing affluence and improving health.  ", राक्षसानांबलौघस्यवानरेन्द्रबलस्यच ।नैतयोर्विद्यतेसन्धिर्देवदानवयोरिव ।। ,"<verse>
रक्षसां वानराणां च सख्यं नैवोपपद्यते ।
यथा देवद्विषां चैव सख्यं नैवोपपद्यते ॥
</verse>",False
" ""O Lion among kings, receive this payasam prepared by gods, conferring progeny, bestowing affluence and improving health.  ", ततो दधिमुख: क्रुद्धो वनपस्तत्र वानरः।हतं मधुवनं श्रुत्वा सान्त्वयामास तान् हरीन्।। ,"<verse>
ततो दधिमुखः क्रुद्धो वानरेषु बभूव ह ।
श्रुत्वा वनविनाशं च पालकान् समयास सः ॥
</verse>",False
" ""O Lion among kings, receive this payasam prepared by gods, conferring progeny, bestowing affluence and improving health.  ", अरिष्टनेमिनः पुत्रो वैनतेयो महाबलः।गरुत्मानिति विख्यात उत्तमस्सर्वपक्षिणाम्।। ,"<verse>
कश्यपस्यारिष्टनेमेः सुतोऽसि विनतात्मज ।
ज्येष्ठस्ते गरुडो भ्राता खगेन्द्रो बलकीर्तिमान् ॥
</verse>",False
" ""O Lion among kings, receive this payasam prepared by gods, conferring progeny, bestowing affluence and improving health.  ", नानावृष्टिर्बभूवास्मिन्नदुर्भिक्षं सतां वरे।अनरण्ये महाराजे तस्करो नापि कश्चन।। ,"<verse>
अनरण्ये महीपाले राज्यं प्रशासति प्रभौ ।
न दुर्भिक्षं न चौरोऽभूत् नावृष्टिर्न भयं क्वचित् ॥
</verse>",False
" ""O Lion among kings, receive this payasam prepared by gods, conferring progeny, bestowing affluence and improving health.  ", परिश्रमात्प्रसुप्ता च राघवाङ्केऽप्यहं चिरम्।पर्यायेण प्रसुप्तश्च ममाङ्के भरताग्रजः।। ,"<verse>
अतिश्रान्तः शयानोऽहं तवोत्सङ्गे चिरं प्रिये ।
ततः पश्चान्मदुत्सङ्गे सुप्ता त्वमपि सादरम् ॥
</verse>",False
" ""O Lion among kings, receive this payasam prepared by gods, conferring progeny, bestowing affluence and improving health.  ", राजस्वनमिदं दुर्गं तव भग्नं दुरात्मना।वानरेण ह्यविज्ञाय तव वीर्यं महाबल।। ,"<verse>
अज्ञात्वा ते बलं राजन् दुर्धर्षं प्रमदावनम् ।
वानरो दुर्मतिः क्रुद्धो नाशयामास वीर्यवन् ॥
</verse>",False
" ""O Lion among kings, receive this payasam prepared by gods, conferring progeny, bestowing affluence and improving health.  ", तदेभिः कारणैस्सर्वैर्महद्भिर्धर्मसंहित।।शासनं तप यद्युक्तं तद्भवाननुमन्यताम्। ,"<verse>
बुध्ध्वा धर्मव्यतिक्रान्तिं दण्डं सोढुं तवार्हति ।
धर्म्यं दण्डं नृपश्रेष्ठ ग्रहीतुं धर्मसंगतम् ॥
</verse>",False
" ""O Lion among kings, receive this payasam prepared by gods, conferring progeny, bestowing affluence and improving health.  ", न चाहृष्यन् नचामोदन् वणिजो न प्रसारयन्।न चाशोभन्त पण्यानि नापचन् गृहमेधिनः।। ,"<verse>
न लोका मुदिताश्चासन् न पण्यानि वणिग्जनः ।
विक्रीणीते स्म शून्यासीद् वीथी च विगतादरा ॥ १ ॥

रिक्ताः कोशा ह्यभूवंश्च गृहिणो न गृहेशयाः ।
अपचन् भेषजं चान्नं हताशाः शोकमूर्च्छिताः ॥ २ ॥
</verse>",False
" ""O Lion among kings, receive this payasam prepared by gods, conferring progeny, bestowing affluence and improving health.  ", सह नूनं मम भ्रात्रा पुरस्यास्य द्युतिर्गता। न हि राजत्ययोध्येयं सासारेवार्जुनी क्षपा।।  ,"<verse>
गता लक्ष्मीश्च भ्रात्रा मे सहैव नियतं दिवम् ।
न भात्ययोध्या वृष्ट्यन्ते नष्टचन्द्रेव शर्वरी ॥
</verse>",False
" ""O Lion among kings, receive this payasam prepared by gods, conferring progeny, bestowing affluence and improving health.  ", जात्येन च सुवर्णेन सुनिष्टप्तेन मन्थरे।।लब्धार्था च प्रतीता च लेपयिष्यामि ते स्थगु। ,"<verse>
सिद्धार्थाऽहं प्रहृष्टा च गते रामे च मन्थरे ।
तव कुब्जं सुवर्णेन तप्तलेपेन लेपये ॥
</verse>",False
" ""O Lion among kings, receive this payasam prepared by gods, conferring progeny, bestowing affluence and improving health.  ", तस्य चैवं ब्रुवाणस्य सुग्रीवस्य महात्मनः।करुणं दीनया वाचा राघवः पुनरब्रवी।। ,"<verse>
श्रुत्वा सुग्रीववाक्यन्तु करुणं दीनमेव च ।
दीनं सुग्रीवमालोक्य पुनरेवमुवाच ह ॥
</verse>",False
" ""O Lion among kings, receive this payasam prepared by gods, conferring progeny, bestowing affluence and improving health.  ", तस्य तद्वचनं श्रुत्वा दशग्रीवो महात्मनः।देशकालहितं वाक्यं भ्रातुरुत्तरमब्रवीत्।। ,"<verse>
श्रुत्वा धर्म्यं हितं वाक्यं भ्रातुस्तस्य महात्मनः ।
विभीषणस्य तद्वाक्यं प्रत्युवाच दशाननः ॥
</verse>",False
" ""O Lion among kings, receive this payasam prepared by gods, conferring progeny, bestowing affluence and improving health.  ", ततस्तेनाप्रमेयेन कपिलेन महात्मना।भस्मराशीकृतास्सर्वे काकुत्स्थ सगरात्मजा:।। ,"<verse>
भस्मीकृताः ककुत्स्थ ते सगरात्मजाः सर्वशः ।
कपिलेनाप्रमेयेण वीर्येण हि महात्मना ॥ १ ॥

इत्यार्षे रामायणे वै वाल्मीकीये चादिकाव्ये ।
बालकाण्डे चत्वारिंशः सर्गोऽयमुपसंहृतः ॥ २ ॥
</verse>",False
" ""O Lion among kings, receive this payasam prepared by gods, conferring progeny, bestowing affluence and improving health.  ", आह्वये विश्वकर्माणमहं त्वष्टारमेव च।आतिथ्यं कर्तुमिच्छामि तत्र मे संविधीयताम्।। ,"<verse>
आतिथ्यं कर्तुमिच्छामि विश्वकर्माणमाह्वये ।
त्वष्टारं गृहकर्तारं विधातव्यं यथाविधि ॥
</verse>",False
" ""O Lion among kings, receive this payasam prepared by gods, conferring progeny, bestowing affluence and improving health.  ", एवमुक्तस्तु सुग्रीवो लक्ष्मणेन महात्मना।हनूमन्तं स्थितं पार्श्वे सचिवन्त्विदमब्रवीत्।। ,"<verse>
श्रुत्वा तु लक्ष्मणं वीरं सुग्रीवः प्राह मारुतिम् ।
पार्श्वस्थं सचिवं तत्र हनूमन्तमुवाच ह ॥
</verse>",False
" ""O Lion among kings, receive this payasam prepared by gods, conferring progeny, bestowing affluence and improving health.  ", तदाश्वसिहि भद्रं ते भव त्वं कालकाङ्क्षिणी।नचिराद्द्रक्ष्यसे रामं प्रज्वलन्तमिवानलम्।। ,"<verse>
तस्माद् गणय कालान् हि आश्वसिहि शुभं तव ।
द्रक्ष्यसि त्वं द्रुतं रामं ज्वलन्तमिव पावकम् ॥
</verse>",False
" ""O Lion among kings, receive this payasam prepared by gods, conferring progeny, bestowing affluence and improving health.  ", अतिसृष्टं सुरैरेकं त्र्यम्बकाय युयुत्सवे।त्रिपुरघ्नं नरश्रेष्ठ भग्नं काकुत्स्थ यत्त्वया।। ,"<verse>
एतद् भग्नं त्वया वीर काकुत्स्थ पुरुषर्षभ ।
दत्तं त्रिपुरहन्त्रे वै पुरा देवैर्महात्मभिः ॥
</verse>",False
" ""O Lion among kings, receive this payasam prepared by gods, conferring progeny, bestowing affluence and improving health.  ", स ववर्षततोवृक्षान् शैलाश्चकपिकुञ्जरः ।तान् प्रचिच्छेदसङ्कृद्धस्त्रिशिरानिशितैश्शरैः ।। ,"<verse>
ततो वृक्षशिलावर्षं मुमोच हरियूथपः ।
क्रुद्धस्तु त्रिशिरास्तीक्ष्णैः सर्वान् प्रतिजघान तान् ॥
</verse>",False
" ""O Lion among kings, receive this payasam prepared by gods, conferring progeny, bestowing affluence and improving health.  ", हृष्यन्त्यृतुमुखं दृष्ट्वा नवं नवमिहागतम्।ऋतूनां परिवर्तेन प्राणिनां प्राणसङ्क्षयः।। ,"<verse>
नवैः पुष्पैः फलैश्चापि मोदन्ते र्त्वगमे जनाः ।
ऋतूनां च विपाकेन आयुर्ह्रसति देहिनाम् ॥
</verse>",False
" ""O Lion among kings, receive this payasam prepared by gods, conferring progeny, bestowing affluence and improving health.  ", तत: प्रीत स्सहस्राक्षो रहस्यस्तुतितर्पित:।दीर्घमायुस्तदा प्रादाच्छुनश्शेफाय राघव ।। ,"<verse>
राघवेंद्र! रहस्येन स्तोत्रेण परितोषितः।
शुनःशेफाय देवेंद्रो दीर्घमायुः प्रदत्तवान्॥
</verse>",False
" ""O Lion among kings, receive this payasam prepared by gods, conferring progeny, bestowing affluence and improving health.  ", शिबिकाभिश्च यानैश्च यथार्हं तस्य योषितः।नगरा न्निर्ययुस्तत्र वृद्धैः परिवृता स्तदा।। ,"<verse>
ततः पुराद् यथायोग्यं वृद्धरक्षिसमन्विताः ।
नृपपत्न्यः प्रयातार्थाः शिबिकादिभिराशु ताः ॥
</verse>",False
" ""O Lion among kings, receive this payasam prepared by gods, conferring progeny, bestowing affluence and improving health.  ", सा तस्य वचनं श्रुत्वा भर्तृव्यसनपीडिता।अब्रवीदुत्तरं तारा हनूमन्तमवस्थित।। ,"<verse>
श्रुत्वा हनुमतो वाक्यं तारा भर्तृशुचातुरा ।
प्रत्युवाच हरीशं तं तिष्ठन्तं प्रणतोन्मुखम् ॥
</verse>",False
" ""O Lion among kings, receive this payasam prepared by gods, conferring progeny, bestowing affluence and improving health.  ", शत्रुः पतिप्रवादेन मात्रेव हितकाम्यया।आशीविष इवाङ्केन बाले परिधृतस्त्वया।। ,"<verse>
अहितं पतिमाकाङ्क्ष्य मातृवद्धितकारिणी ।
मुग्धे धारयसेऽङ्केन घोरं कालभुजङ्गमम् ॥
</verse>",False
" ""O Lion among kings, receive this payasam prepared by gods, conferring progeny, bestowing affluence and improving health.  ", किमिहाऽगमने कार्यं तव राज्यं प्रशासतः।एतदाचक्ष्व मे सर्वं न हि मे शुद्ध्यते मनः।। ,"<verse>
राज्यं प्रशासता भाव्यं किमर्थमिह चागतः।
ब्रूहि सर्वं ममैतस्मिन् मनो मे न प्रसीदति॥
</verse>",False
" ""O Lion among kings, receive this payasam prepared by gods, conferring progeny, bestowing affluence and improving health.  ", भविष्यति हि मे रूपं प्लवमानस्य सागरे।विष्णोर्विक्रममाणस्य पुरा त्रीन्विक्रमानिव।। ,"<verse>
कर्मण्येवाधिकारस्ते मा फलेषु कदाचन ।
मा कर्मफलहेतुर्भूः मा ते सङ्गोऽस्त्वकर्मणि ॥
</verse>",False
" ""O Lion among kings, receive this payasam prepared by gods, conferring progeny, bestowing affluence and improving health.  ", रामस्तु सीतया सार्धं विजहार बहूनृतून् ।मनस्स्वी तद्गतस्तस्याः नित्यं हृदि समर्पित:।। ,"<verse>
रामो ज्ञाननिधिः श्रीमान् सीतासक्तमनाः सदा ।
तया सह रमेतासौ सर्वर्तुषु सुखालयः ॥
</verse>",False
" ""O Lion among kings, receive this payasam prepared by gods, conferring progeny, bestowing affluence and improving health.  ", सतैस्तुसहितोराजालोकपालानयोधयत् ।सहदेवैस्तुतेभग्नारावणेनमहात्मना ।। ,"<verse>
लोकपालाः सदेवाश्च रावणेन विमर्दिताः ।
सहायैर्यातुधानैश्च दुर्धर्षा भुवनेश्वराः ॥
</verse>",False
" ""O Lion among kings, receive this payasam prepared by gods, conferring progeny, bestowing affluence and improving health.  ", तथा चेन्द्रजितो वेश्म ददाह हरियूथपः।जम्बुमाले स्सुमालेश्च ददाह भवनं ततः।। ,"<verse>
इन्द्रजिद्भवनं दग्ध्वा कपीन्द्रो मारुतिस्ततः ।
जाम्बूमालेर्गृहं चैव ददाह च सुमालिनः ॥
</verse>",False
" ""O Lion among kings, receive this payasam prepared by gods, conferring progeny, bestowing affluence and improving health.  ", इत्येवं भरतं प्रेक्ष्य विलपन्तं विचेतनम्।कृपणं रुरुदुस्सर्वास्सस्वरं योषित स्तदा।।। ,"<verse>
इत्येवं विलपन् भूमौ भरतो मूर्च्छितोऽपतत् ।
तं तथा पतितं दृष्ट्वा रुदन्त्यन्तःपुराङ्गनाः ॥
</verse>",False
" ""O Lion among kings, receive this payasam prepared by gods, conferring progeny, bestowing affluence and improving health.  ", स भूयः सङ्गतैः क्रूरैर्राक्षसैर्हरिसत्तमः।।निबद्धः कृतवान्वीरस्तत्कालसदृशीं मतिम्। ,"<verse>
बद्धः कृच्छ्रेण रक्षोभिः भूयो भूयः समागतैः ।
चिन्तयामास वीरस्तु कालोचितमतन्द्रितः ॥
</verse>",False
" ""O Lion among kings, receive this payasam prepared by gods, conferring progeny, bestowing affluence and improving health.  ", अभिषिक्तस्त्वमस्माभिरयोध्यां पालने व्रज।विजित्य तरसा लोकान्मरुद्भिरिव वासवः।। ,"<verse>
अभिषिक्तो भवान् भूत्वा शास्तु नः सह राघव ।
मरुद्भिः सह शक्रो वा स्वर्गं गच्छति वीर्यतः ॥
</verse>",False
" ""O Lion among kings, receive this payasam prepared by gods, conferring progeny, bestowing affluence and improving health.  ", वाक्यमेतत्ततश्श्रुत्वा रामस्य विदितात्मनः।तथेति लक्ष्मणो वाक्यं रामस्य प्रत्यपूजयत्।। ,"<verse>
तच्छ्रुत्वा लक्ष्मणः श्रीमान् रामस्यात्मविदो वचः ।
शिरसा प्रतिजग्राह पूजयामास सादरम् ॥
</verse>",False
" ""O Lion among kings, receive this payasam prepared by gods, conferring progeny, bestowing affluence and improving health.  ", पपात चरणौ तस्यास्तदा सम्भ्रान्तचेतनः।विलप्य बहुधाऽसंज्ञो लब्धसंज्ञस्ततः स्थितः।। ,"<verse>
श्रुत्वैतद्वचनं तस्या भूमौ स निपपात ह ।
विलप्य करुणं तस्याः संज्ञां लब्ध्वा स्थितोऽभवत् ॥
</verse>",False
" ""O Lion among kings, receive this payasam prepared by gods, conferring progeny, bestowing affluence and improving health.  ", दातुं च तावदिच्छामि स्वर्गतस्य महीपतेः।और्ध्वदेहनिमित्तार्थमवतीर्योदकं नदीम्।। ,"<verse>
अहं त्वस्यां नदीं गत्वा कुर्यां तोयप्रदानकम् ।
प्रेताय भूमिपालाय परलोकहिताय च ॥
</verse>",False
" ""O Lion among kings, receive this payasam prepared by gods, conferring progeny, bestowing affluence and improving health.  ", न नागा नाऽपि गन्धर्वा नासुरा न मरुद्गणाः।रामस्य समरे वेगं शक्ताः प्रतिसमाधितुं।। ,"<verse>
न देवा न च गन्धर्वाः न यक्षा न च राक्षसाः ।
सहेयुः समरे वेगं रामबाणस्य मारुते ॥
</verse>",False
" ""O Lion among kings, receive this payasam prepared by gods, conferring progeny, bestowing affluence and improving health.  ", स ऋक्षरजसः पुत्रः पम्पामटति शङ्कितः।।।भास्करस्यौरसः पुत्रो वालिना कृतकिल्बिषः। ,"<verse>
ऋक्षराजसुतः श्रीमान् सूर्यपुत्रो हरीश्वरः ।
वालिना कृतवैरश्च पम्पातीरे हि वर्तते ॥
</verse>",False
" ""O Lion among kings, receive this payasam prepared by gods, conferring progeny, bestowing affluence and improving health.  ", इति श्रुत्वा हृषीकेश: कामठं रूपमास्थित:।  पर्वतं पृष्ठत: कृत्वा शिश्ये तत्रोदधौ हरि:।। ,"<verse>
श्रुत्वा तद् वचनं विष्णुर्जग्राह कमठाकृतिम् ।
दधार पृष्ठतो मन्द्रं पयोधिजलमध्यगः ॥
</verse>",False
" ""O Lion among kings, receive this payasam prepared by gods, conferring progeny, bestowing affluence and improving health.  ", सर्वथा कृतकार्योऽसौ हनुमान्नात्र संशयः।।न ह्यस्याकृतकार्यस्य नाद एवंविधो भवेत्। ,"<verse>
ध्रुवं सिद्धो हनूमांश्च न चेदेवं नदत्यसौ ।
असिद्धार्थो न नर्देत कुर्यादेवं रवं हि सः ॥
</verse>",False
" ""O Lion among kings, receive this payasam prepared by gods, conferring progeny, bestowing affluence and improving health.  ", रक्तचन्दनसङ्काशासन्ध्यापरमदारुणा ।ज्वलच्चनिपतत्येतदादित्यादग्निमण्डलम् ।। ,"<verse>
रक्ताचन्दनसङ्काशा सन्ध्या भाति भयङ्करा ।
सूर्यात्पतद्वह्निपुञ्जज्वालेव दहतीव च ॥
</verse>",False
" ""O Lion among kings, receive this payasam prepared by gods, conferring progeny, bestowing affluence and improving health.  ", एतानचिन्तयन्घोरानुत्पातान्समवस्थितान् ।निर्ययौरावणोमोहाद्वधार्थंकालचोदितः ।। ,"<verse>
कालप्रेरितरूपेण रावणः प्रस्थितस्तदा ।
विनाशाय निमित्तानि घोराणि न ह्यचिन्तयत् ॥
</verse>",False
" ""O Lion among kings, receive this payasam prepared by gods, conferring progeny, bestowing affluence and improving health.  ", रोमकूपेषु सर्वेषु वसिष्ठस्य महात्मन:।मरीच्य इव निष्पेतुरग्नेर्धूमाकुलार्चिष:।। ,"<verse>
वसिष्ठस्य शरीरात्तु रोमकूपेभ्य एव च ।
सधूमा अर्चिषो दीप्ता मरीच्य इव निर्ययुः ॥
</verse>",False
" ""O Lion among kings, receive this payasam prepared by gods, conferring progeny, bestowing affluence and improving health.  ", इतीव स महाबाहुस्सीताहरणकर्शितः ।रामस्सागरमासाद्य वासमाज्ञापयत्तदा ।।  ,"<verse>
दृष्ट्वा तु सागरं रामो मैथिलीहरणार्दितः ।
महाबाहुस्तदा तत्र वानरान् संन्यवेशयत् ॥
</verse>",False
" ""O Lion among kings, receive this payasam prepared by gods, conferring progeny, bestowing affluence and improving health.  ", उवाचातिप्रहृष्टेव सा दुःखवशवर्तिनी।वाङ्ग्मात्रेण न भावेन वाचाऽसंसज्जमानया।। ,"<verse>
कौसल्या शोकदीनापि प्रहृष्टेव बभूव सा ।
वाचमुच्चारयामास व्याकुलां च विचेतना ॥
</verse>",False
" ""O Lion among kings, receive this payasam prepared by gods, conferring progeny, bestowing affluence and improving health.  ", अनावृष्ट्यां तु वृत्तायां राजा दु:खसमन्वित:।ब्राह्मणान्श्रुतवृद्धांश्च समानीय प्रवक्ष्यति।।।  ,"<verse>
अनावृष्ट्या भृशं तप्तो राजा शोकाकुलोऽब्रवीत् ।
आहूय ज्ञानवृद्धांश्च तान् सर्वान् समभाषत ॥
</verse>",False
" ""O Lion among kings, receive this payasam prepared by gods, conferring progeny, bestowing affluence and improving health.  ", कर्णिकारानशोकांश्च चूतांश्च मदिरेक्षणा।।कुसुमान्यवचिन्वन्ती चचार रुचिरानना। ,"<verse>
सीता चारुमुखी तत्र पुष्पाण्यादत्त सुव्रता ।
चूताशोककरण्यांश्च चिनोति स्म शुभाशया ॥
</verse>",False
" ""O Lion among kings, receive this payasam prepared by gods, conferring progeny, bestowing affluence and improving health.  ", शरैरावारितस्तस्य संयुगे पतगेश्वरः।कुलायमुपसम्प्राप्तः पक्षीव प्रबभौ तदा।। ,"<verse>
सरणे शरविद्धस्तु जटायुः शुशुभे तदा ।
नीडं प्रत्यागतो यद्वत् खगो वृक्षमिवालयम् ॥
</verse>",False
" ""O Lion among kings, receive this payasam prepared by gods, conferring progeny, bestowing affluence and improving health.  ", रुद्धांतुनगरींश्रुत्वाजातक्रोधोनिशाचरः ।विधानंद्विगुणंश्रुत्वाप्रासादंसोऽध्यरोहत ।। ,"<verse>
ज्ञात्वा रुद्धां पुरीं लङ्कां क्रुद्धो राक्षसपुङ्गवः ।
द्विगुणीकृत्य रक्षां च प्रासादाग्रमथारुहत् ॥
</verse>",False
" ""O Lion among kings, receive this payasam prepared by gods, conferring progeny, bestowing affluence and improving health.  ", अस्या देव्या मनस्तस्मिंस्तस्य चास्यां प्रतिष्ठितम्।तेनेयं स च धर्मात्मा मुहूर्तमपि जीवति।। ,"<verse>
तस्या देवीगतं चेतो देवी चास्यापि मानसे ।
तस्मात् सा च स चोदारो मुहूर्तंमपि जीवतः ॥
</verse>",False
" ""O Lion among kings, receive this payasam prepared by gods, conferring progeny, bestowing affluence and improving health.  ", दूषणस्यचहन्तारौखरस्यचमहाबलौ ।।सादितौमामकैर्बाणैर्भ्रातरौरामलक्ष्मणौ । ,"<verse>
खरदूषणहन्तारौ भ्रातरौ रामलक्ष्मणौ ।
रणमूर्ध्नि महावीर्यौ शराहतौ हतौ भुवि ॥
</verse>",False
" ""O Lion among kings, receive this payasam prepared by gods, conferring progeny, bestowing affluence and improving health.  ", राक्षस्यस्त्रिजटाचैवशासनात्समुपस्थिताः ।ताउवाचततोहृष्टोराक्षसीराक्षसाधमः ।। ,"<verse>
आज्ञामुपेत्य राक्षस्यो त्रिजटा च स्थितास्तथा ।
नीचो राक्षसराजोऽसौ हृष्टोऽवदच्च राक्षसीः ॥
</verse>",False
" ""O Lion among kings, receive this payasam prepared by gods, conferring progeny, bestowing affluence and improving health.  ", यदि त्वभिहितं राज्ञा त्वयि तन्न विपत्स्यते।ततोऽहमभिधास्यामि न ह्येष त्वयि वक्ष्यति।। ,"<verse>
न चेद्राज्ञा प्रतिज्ञातं धर्मं त्वं हातुमर्हसि ।
अहं ते सर्वमाख्यास्ये स्वयं राजा न वक्ष्यति ॥
</verse>",False
" ""O Lion among kings, receive this payasam prepared by gods, conferring progeny, bestowing affluence and improving health.  ", शतक्रतुमुखैर्वीरैःश्रूयते न पराजितः ।।महात्माबलसम्पन्नोरावणोलोकरावणः । ,"<verse>
महावीर्योऽपि लोकस्य बाधकोऽभूदिति श्रुतम् ।
शतक्रतुसमो वीर्यैर्यो न जज्ञे पराजितः ॥
</verse>",False
" ""O Lion among kings, receive this payasam prepared by gods, conferring progeny, bestowing affluence and improving health.  ", ततस्ताभ्यां कुमाराभ्यां वीराभ्यां स हरीश्वरः।किष्किन्धां समुपागम्य वाली युद्धे निपातितः।। ,"<verse>
ततस्तौ राजपुत्रौ च किष्किन्धां समुपागतौ ।
वानरेन्द्रं रणे प्राप्य जघ्नतुर्वालिनं तदा ॥
</verse>",False
" ""O Lion among kings, receive this payasam prepared by gods, conferring progeny, bestowing affluence and improving health.  ", ते गदाभिर्विचित्राभिः परिघैः काञ्चनाङ्गदैः।आजघ्नुर्वानरश्रेष्ठं बाणैश्चादित्यसन्निभैः।। ,"<verse>
तप्तकाञ्चनचित्राभिः गदाभिः परिघैरपि ।
सूर्यरश्मिप्रतीकाशैः शरैर्जघ्नुः कपीश्वरम् ॥
</verse>",False
" ""O Lion among kings, receive this payasam prepared by gods, conferring progeny, bestowing affluence and improving health.  ", समर्थागगनंगन्तुमपिवात्वंरसातलम् ।अवगच्छाम्यकर्तव्यंकर्तव्यंतेमदन्तरे ।। ,"<verse>
उत्पतितुं समर्थस्त्वं पातालं गन्तुमेव च ।
मदर्थे दुष्करं कार्यं कर्तव्यं मन्यते मया ॥
</verse>",False
" ""O Lion among kings, receive this payasam prepared by gods, conferring progeny, bestowing affluence and improving health.  ", तेऽर्दिताबाणवर्षेणमहापार्श्वेनवानराः ।।विषादविमुखाःसर्वेबभूवुर्गतचेतसः । ,"<verse>
महापार्श्वशरासारैः पीडिता वानरोत्तमाः ।
म्लानवक्त्रमुखाः सर्वे विसञ्ज्ञा दीनचेतसः ॥
</verse>",False
" ""O Lion among kings, receive this payasam prepared by gods, conferring progeny, bestowing affluence and improving health.  ", न त्वां प्रकृतय स्सर्वा श्श्रेणीमुख्याश्च भूषिताः।अनुव्रजितुमिच्छन्ति पौरजानपदास्तथा।। ,"<verse>
कथं त्वामनुगच्छन्ति न सूपालङ्कृता नराः ।
पौरजानपदाश्चैव श्रेणिमुख्याश्च नैगमाः ॥
</verse>",False
" ""O Lion among kings, receive this payasam prepared by gods, conferring progeny, bestowing affluence and improving health.  ", कच्चिन्नखलुकापेयीसेव्यतेचकचित्तता ।न हिपश्यामिकाकुत्स्थंराममार्यंपरन्तपम् ।। ,"<verse>
कपे चपलभावेन स्वभावं भजसे नु किम् ।
न पश्यामि महात्मानं रामं शत्रुनिबर्हणम् ॥
</verse>",False
" ""O Lion among kings, receive this payasam prepared by gods, conferring progeny, bestowing affluence and improving health.  ", दृष्टा देवी न चानीता इति तत्र निवेदनम्।।अयुक्तमिव पश्यामि भवद्भिः ख्यातविक्रमैः। ,"<verse>
विख्याता बलिनो यूयं वानराः शूरसम्मताः ।
सीता दृष्टेति वक्तव्यं नानीतेति न शोभते ॥
</verse>",False
" ""O Lion among kings, receive this payasam prepared by gods, conferring progeny, bestowing affluence and improving health.  ", देहीत्यन्योददात्यन्योददामीत्यपरःपुनः ।।किंक्लेशयसितिष्ठेतितत्रान्योन्यंबभाषिरे । ,"<verse>
तत्र तेऽन्योन्यमूचुश्च प्रहरेति परस्परम् ।
किं रोदिषीत्यथैकश्च किं क्लिश्नासीत्यवोचत ॥
</verse>",False
" ""O Lion among kings, receive this payasam prepared by gods, conferring progeny, bestowing affluence and improving health.  ", पुत्रस्ते सदृश: पुत्र भविष्यति सुधार्मिक:।गाधिं प्राप्स्यसि तेन त्वं कीर्तिं लोके च शाश्वतीम्।। ,"<verse>
पुत्रः परमधर्मात्मा गाधिर्नाम सुतेजसा ।
यस्मात् कीर्तिमतुलां लोके प्राप्स्यसि शाश्वतीम् ॥
</verse>",False
" ""O Lion among kings, receive this payasam prepared by gods, conferring progeny, bestowing affluence and improving health.  ", ततस्सर्वास्समापेतुर्मातरो भरतस्य ताः।उपवासकृशा दीना भर्तृव्यसनकर्शिताः।। ,"<verse>
ततो भरतमातॄणां गणः पतिविनाकृतः ।
उपवासकृशा दीना तमभ्यद्रवदुत्सुकाः ॥
</verse>",False
" ""O Lion among kings, receive this payasam prepared by gods, conferring progeny, bestowing affluence and improving health.  ", यदहं गात्रसंस्पर्शं रावणस्य बलाद्गता।अनीशा किं करिष्यामि विनाथा विवशा सती।। ,"<verse>
अपेक्षा न कृता तेन विवशा ह्यशरण्यया ।
मया सोढोऽङ्गसंस्पर्शो नास्ति मेऽत्र पराक्रमः ॥
</verse>",False
" ""O Lion among kings, receive this payasam prepared by gods, conferring progeny, bestowing affluence and improving health.  ", एवं ब्रुवति काकुत्स्थे विश्वामित्रो महामुनि:।संहारं व्याजहाराथ धृतिमान् सुव्रतश्शुचि:।। ,"<verse>
एवं ब्रुवति रामे तु विश्वामित्रः शुचिव्रतः ।
संहारांश्च ददौ तस्मै प्रीतः परमधार्मिकः ॥
</verse>",False
" ""O Lion among kings, receive this payasam prepared by gods, conferring progeny, bestowing affluence and improving health.  ", तद्वाक्यमृषिपुत्रस्य श्रुत्वा हर्षसमुत्सुक: ।जगाम नृपति श्शीघ्रं यज्ञवाटमतन्द्रित:।। ,"<verse>
श्रुत्वैतन्मुनिसूनोश्च राजा प्रहर्षितोऽभवत् ।
स त्वरन् यज्ञवाटं वै जगाम सहसा नृपः ॥
</verse>",False
" ""O Lion among kings, receive this payasam prepared by gods, conferring progeny, bestowing affluence and improving health.  ", ततस्तीक्ष्णार्चिरव्यग्रः प्रदक्षिणशिखोऽनलः।।जज्वाल मृगशाबाक्ष्या श्शंसन्निव शिवं कपेः। ,"<verse>
ततस्तु मृगनेत्रायाः दीप्ता वह्नेः शिखा बभौ ।
हनुमतो हितायैषा शंसन्तीव शिवा स्थिरा ॥
</verse>",False
" ""O Lion among kings, receive this payasam prepared by gods, conferring progeny, bestowing affluence and improving health.  ", लोहिताक्षं महाबाहुमामुक्तमणिकुण्डलम्।रामं यदि न पश्येयं गमिष्यामि यमक्षयम्।। ,"<verse>
रक्ताक्षं चेन्न पश्यामि महाबाहुं सुकुण्डलम् ।
मणिप्रदीप्तकर्णं तं प्रयास्यामि यमालयम् ॥
</verse>",False
" ""O Lion among kings, receive this payasam prepared by gods, conferring progeny, bestowing affluence and improving health.  ", अलङ्कुरु च तावत्त्वं प्रत्यक्षं मम मैथिलि।प्रीतिं जनय मे वत्से दिव्यालङ्कारशोभिता।। ,"<verse>
अलं कुरुष्व वैदेहि ममाग्रत इहात्मना ।
दिव्यैराभरणैर्वत्से मण्डयामि मुदा हि त्वा ॥
</verse>",False
" ""O Lion among kings, receive this payasam prepared by gods, conferring progeny, bestowing affluence and improving health.  ", कथं नु मयि धर्मेण पृथिवीमनुशासति।भवन्तो द्रष्टुमिच्छन्ति युवराजं ममात्मजम्।। ,"<verse>
मया शासति धर्मेण महीं कांक्षसि मे सुतम् ।
यौवराज्येऽभिषेक्तुं त्वं द्रष्टुमेवं नृपात्मजम् ॥
</verse>",False
" ""O Lion among kings, receive this payasam prepared by gods, conferring progeny, bestowing affluence and improving health.  ", स तंप्रतिभयंश्रुत्वावधंपुत्रस्यदारुणम् ।।घोरमिन्द्रजितःसङ्ख्येकश्मलंप्राविशन्महत् । ,"<verse>
श्रुत्वा सुतस्य निध्नं तद् घोरं चेन्द्रजितो रणे ।
रावणः शोक-सन्तप्तो मोहं प्राप सुदारुणम् ॥
</verse>",False
" ""O Lion among kings, receive this payasam prepared by gods, conferring progeny, bestowing affluence and improving health.  ", स ते सुखोचितो बालो रामस्य सहजो रिपुः।समृद्धार्थस्य नष्टार्थो जीविष्यति कथं वशे।। ,"<verse>
सुखभागी स बालस्ते भरतो रामविद्विषः ।
कथं जीवेद्विहीनश्रीः रामस्य वशमागतः ॥
</verse>",False
" ""O Lion among kings, receive this payasam prepared by gods, conferring progeny, bestowing affluence and improving health.  ", तद्यथा तस्य विक्रान्तमनुरूपं महात्मनः।भवेदाहवशूरस्य तथा त्वमुपपादय।। ,"<verse>
कुरु यत्नं तथा तात यथा रामो महाबलः ।
यथा दर्शयते वीर्यं स्वतेजोसदृशं रणे ॥
</verse>",False
" ""O Lion among kings, receive this payasam prepared by gods, conferring progeny, bestowing affluence and improving health.  ", शक्य आपतित स्सोढुं प्रहारो रिपुहस्ततः।सोढुंमापतितश्शोकस्सुसूक्ष्मोऽपि न शक्यते।। ,"<verse>
सह्यः शत्रोः प्रहारोऽपि सहसा निपतन्नपि ।
अकस्मादापतद्दुःखं स्वल्पमप्यतिदुस्सहम् ॥
</verse>",False
" ""O Lion among kings, receive this payasam prepared by gods, conferring progeny, bestowing affluence and improving health.  ", शयनानि प्रसूयन्ते चित्रास्तरणवन्ति च।मनःकान्तानि माल्यानि फलन्त्यत्रापरे द्रुमाः।। ,"<verse>
विचित्रशयनाधारान् प्रसूयन्ते तदाश्रयाः।
हृद्यान् स्रजश्च पुष्पेभ्यः प्रयच्छन्ति च भूरुहाः॥
</verse>",False
" ""O Lion among kings, receive this payasam prepared by gods, conferring progeny, bestowing affluence and improving health.  ", एष क्रोशति नत्यूहस्तं शिखी प्रतिकूजति।रमणीये वनोद्देशे पुष्पसंस्तरसङ्कटे।। ,"<verse>
विकीर्णपुष्पभूयिष्ठे रम्ये वनमहीभृति ।
नात्यूहस्य रुतं श्रुत्वा मयूरः प्रतिनर्दति ॥
</verse>",False
" ""O Lion among kings, receive this payasam prepared by gods, conferring progeny, bestowing affluence and improving health.  ", तत्त्वतस्सर्वमेतन्नः प्रब्रूहि त्वं महाकपे।श्रुतार्थाश्चिन्तयिष्यामो भूयः कार्यविनिश्चयम्।। ,"<verse>
हनुमन् कथयस्वैतदशेषं विस्तरेण नः ।
तच्छ्रुत्वा संविधास्यामः यत् कार्यं तदनन्तरम् ॥
</verse>",False
" ""O Lion among kings, receive this payasam prepared by gods, conferring progeny, bestowing affluence and improving health.  ", तपस्सन्तापलब्धस्ते योऽयं धर्मपरिग्रहः।न स नाशयितुं न्याय्य आत्मप्राणपरिग्रहः।। ,"<verse>
तपसा सुचिरेणैव धर्मोऽयं तव सञ्चितः ।
न युक्तं स्वं परित्यक्तुं प्राणमेवं वृथा स्वकम् ॥
</verse>",False
" ""O Lion among kings, receive this payasam prepared by gods, conferring progeny, bestowing affluence and improving health.  ", इहासीनासुखंसर्वमाख्याहिममतत्त्वतः ।क्रूरस्यनिश्चयंतस्यरावणस्यदुरात्मनः ।। ,"<verse>
सुखासीनोऽत्र मे सत्यं कथयत्येष तत्त्वतः ।
तस्य क्रूरस्य दुर्मतेः रावणस्याभिप्रायताम् ॥
</verse>",False
" ""O Lion among kings, receive this payasam prepared by gods, conferring progeny, bestowing affluence and improving health.  ", सुग्रीव:स त्त्वसम्पन्न: महाबलपराक्रम: ।किंमयाखलुवक्तव्योरावणोलोकरावणः ।। ,"<verse>
महोत्साह महाबाहो सुग्रीव मतितेजस ।
लोकविद्रावणे तस्मिन् किं मया संप्रवेदितम् ॥
</verse>",False
" ""O Lion among kings, receive this payasam prepared by gods, conferring progeny, bestowing affluence and improving health.  ", यदुक्तमिहतेपूर्वंक्रियतामनुजेन च ।तदेवनोहितंवाक्यंयदिच्छसि च तत्कुरु ।। ,"<verse>
यदुक्तं राघवार्थे च धर्म्यं न्याय्यं च यद्धितम् ।
मया चाप्युच्यमानं ते न गृह्णासि मुमूर्षुवत् ॥
</verse>",False
" ""O Lion among kings, receive this payasam prepared by gods, conferring progeny, bestowing affluence and improving health.  ", एवमुक्तःकुशास्तीर्नोतीरेनदनदीपतेः ।संविवेशतदारामोवेद्यामिवहुताशनः ।। ,"<verse>
एवमुक्तस्तु सुग्रीवलक्ष्मणाभ्यां स राघवः ।
कुशस्तीर्णे समुद्रस्य तीरे सुष्वाप पावकः ॥

इत्यार्षे रामायणे वै वाल्मीकीये महाकवेः ।
युद्धकाण्डे ह्येकोनविंशः सर्गः सम्यक् समापितः ॥
</verse>",False
" ""O Lion among kings, receive this payasam prepared by gods, conferring progeny, bestowing affluence and improving health.  ", स च ते नावमन्तव्यस्सुग्रीवो वानराधिपः।।कृतज्ञः कामरूपी च सहायार्थी च वीर्यवान्। ,"<verse>
न चावज्ञेय सुग्रीवः वानरोऽयमिति त्वया ।
कृतज्ञः कामरूपी च मित्रं ते बलवानपि ॥
</verse>",False
" ""O Lion among kings, receive this payasam prepared by gods, conferring progeny, bestowing affluence and improving health.  ", कश्च प्रत्यक्षमुत्सृज्य संशयस्थ मलक्षणम्।आयतिस्थं चरे द्धर्मं क्षत्रबन्दुरनिश्चितम्।। ,"<verse>
त्यक्त्वा मुख्यं स्वधर्मं यः परोक्षफलकाङ्क्षिणम् ।
विपरीतं हि सन्देहं को धर्मं क्षत्रियो भजेत् ॥
</verse>",False
" ""O Lion among kings, receive this payasam prepared by gods, conferring progeny, bestowing affluence and improving health.  ", तेजोभिहतवीर्यत्वाज्जामदग्न्यो जडीकृत:।रामं कमलपत्राक्षं मन्दं मन्दमुवाच ह।। ,"<verse>
रामवीर्यप्रभावेण हततेजा जडीकृतः ।
जामदग्न्योऽब्रवीन्मन्दं पद्मपत्रेक्षणं प्रभुम् ॥
</verse>",False
" ""O Lion among kings, receive this payasam prepared by gods, conferring progeny, bestowing affluence and improving health.  ", दुःखिताः खरघातेन राक्षसाः पिशिताशनाः।तैस्सीता निहता घोरैर्भविष्यति न संशय।। ,"<verse>
खरवधप्रतप्तास्ते क्रूरा मांसादराक्षसाः ।
निश्चितं निहता सीता दुरात्मभिरसंशयम् ॥
</verse>",False
" ""O Lion among kings, receive this payasam prepared by gods, conferring progeny, bestowing affluence and improving health.  ", सोऽहं वनमिदं प्राप्तो निर्जनं लक्ष्मणान्वितः।सीतया चाप्रतिद्वन्द्व स्सत्यवादे स्थितः पितुः।। ,"<verse>
लक्ष्मणेन सहायातः सीतया च वनं प्रति ।
पितुः सत्यं चिकीर्षुः सन् विजनं वनमागतः ॥
</verse>",False
" ""O Lion among kings, receive this payasam prepared by gods, conferring progeny, bestowing affluence and improving health.  ", तंगृहीत्वामहास्कन्धंसोऽश्वकर्णंमहाद्युतिः ।प्रहस्यपरयाप्रीत्याभ्रामयामासभूतले ।। ,"<verse>
अश्वकर्णमहाशाखां गृहीत्वा हनुमान् मुदा ।
प्रहसन् स महातेजा भ्रामयामास मेदिन्याम् ॥
</verse>",False
" ""O Lion among kings, receive this payasam prepared by gods, conferring progeny, bestowing affluence and improving health.  ", तमायान्तं तु सम्प्रेक्ष्य सूतपुत्रः प्रतापवान्।भरतायाऽचचक्षेऽथ विनयज्ञो विनीतवत्।। ,"<verse>
दृष्ट्वा गुहमुपायान्तं सुमन्त्रः प्रश्रयी तदा ।
विनयावनतो वीरः भरतं प्रतिवेदयत् ॥
</verse>",False
" ""O Lion among kings, receive this payasam prepared by gods, conferring progeny, bestowing affluence and improving health.  ", सौमित्रे पश्य पम्पायाः काननं शुभदर्शनम्।यत्र राजन्ति शैला वा द्रुमास्सशिखरा इव।। ,"<verse>
पश्य सौमित्रे पम्पायाः काननं रुचिरं शुभम् ।
शैलशृङ्गसमानैश्च द्रुमैरुपचितं परितः ॥
</verse>",False
" ""O Lion among kings, receive this payasam prepared by gods, conferring progeny, bestowing affluence and improving health.  ", अपास्य मातृशुश्रूषामनर्थे सोऽवतिष्ठताम्।दीर्घबाहुर्महावक्षा: यस्यार्योऽनुमते गतः।। ,"<verse>
महाबाहुं महोरस्कं यस्तं प्रावासयत्प्रभुम्।
मातृसेवाविहीनस्य तस्य पापेन युज्यताम्॥
</verse>",False
" ""O Lion among kings, receive this payasam prepared by gods, conferring progeny, bestowing affluence and improving health.  "," एभिश्च सचिवैस्सार्धं शिरसा याचितो मया।

भ्रातु  शिष्यस्य दासस्य प्रसादं कर्तुमर्हसि।।
  ","<verse>
शिरसा याचितो मया।
भ्राता शिष्यश्च दासश्च प्रसादं कर्तुमर्हसि॥
</verse>",False
" ""O Lion among kings, receive this payasam prepared by gods, conferring progeny, bestowing affluence and improving health.  ", तथोक्तो धर्मशीलेन भ्रात्रा तस्य हिते रतः।लक्ष्मणः प्रविवेशेव स्वानि गात्राणि लज्जया।। ,"<verse>
श्रुत्वा वाक्यं तु भ्रातुः स धर्मिष्ठस्य महात्मनः ।
लक्ष्मणो भ्रातृभक्तस्तु संकोचमगमत्तदा ॥
</verse>",False
" ""O Lion among kings, receive this payasam prepared by gods, conferring progeny, bestowing affluence and improving health.  ", न मातुर्न पितुस्तत्र स्मरिष्यामि न वेश्मनः।आर्तवान्युपभुञ्जाना पुष्पाणि च फलानि च।। ,"<verse>
वन्यपुष्पफलास्वादाद् रममाणे वने मयि ।
न मातुर्न च तातस्य स्मरणं मे भविष्यति ॥
</verse>",False
" ""O Lion among kings, receive this payasam prepared by gods, conferring progeny, bestowing affluence and improving health.  ", तस्याश्चाप्यनुरूपेयमशोकवनिका शुभा।शुभा या पार्थिवेन्द्रस्य पत्नी रामस्य सम्मता।। ,"<verse>
रामस्य दयितां सीतां लोकाधिपस्य धीमतः ।
अशोकवनिका चेयं युक्ता भवितुमर्हति ॥
</verse>",False
" ""O Lion among kings, receive this payasam prepared by gods, conferring progeny, bestowing affluence and improving health.  ", अधार्यं चर्म मे सद्भी रोमाण्यस्थि च वर्जितम्।अभक्ष्याणि च मांसानि त्वद्विधैर्धर्मचारिभ।। ,"<verse>
अत्वचोऽप्यथ मे योग्या न लोकेषु च चर्मणः ।
न मेऽस्थीनि न वा केशाः मांसं युष्मद्विधैः शुभैः ॥
</verse>",False
" ""O Lion among kings, receive this payasam prepared by gods, conferring progeny, bestowing affluence and improving health.  ", तथैवाप्सरसः पञ्च निवसन्त्यो यथासुखम्।।रमयन्ति तपोयोगान्मुनिं यौवनमास्थितम्। ,"<verse>
तपसा युवतां प्राप्ते तस्मिन् मुनिवरे तदा ।
अप्सरा मोदमाना सा सुखं तत्र न्यवास ह ॥
</verse>",False
" ""O Lion among kings, receive this payasam prepared by gods, conferring progeny, bestowing affluence and improving health.  ", एतच्छ्रुत्वा तदा वाली वचनं वानरेरितम्।स महर्षिंतदाऽसाद्य याचते स्म कृताञ्जल।। ,"<verse>
श्रुत्वा कपिरवं वाली मुनिं गत्वा क्षमामयात् ।
कृताञ्जलिपुटो भूत्वा तं ययाचे कृपानिधिम् ॥
</verse>",False
" ""O Lion among kings, receive this payasam prepared by gods, conferring progeny, bestowing affluence and improving health.  ", इत्युक्त्वा तु वरारोहा मणिप्रवरमद्भुतम्।प्रायच्छत्परमोद्विग्ना वाचा मां सन्दिदेशह।। ,"<verse>
एवमुक्त्वा तु देवी सा शोकार्ता मम दुःखिता ।
ससन्देशं ततो दिव्यं मणिं मेऽद्भुतदर्शनम् ॥
</verse>",False
" ""O Lion among kings, receive this payasam prepared by gods, conferring progeny, bestowing affluence and improving health.  ", हृष्टप्रमुदितालङ्कामत्तद्विपसमाकुला ।महतीरथसंपूर्णारक्षोगणसमाकुला ।। ,"<verse>
लङ्काद्वीपे विशाले तु जनाः परममोदिताः ।
रथैर्बहुविधैर्युक्ता रक्षोभिश्चाप्यनेकशः ॥
</verse>",False
" ""O Lion among kings, receive this payasam prepared by gods, conferring progeny, bestowing affluence and improving health.  ", यो न देवासुरैः सर्वैः शक्यः प्रसहितुं युधि।तं पश्य सुखसंविष्टं तृणेषु सह सीतया।। ,"<verse>
पश्य रामं रणे देवैः असुरैरप्यनाधृषम् ।
सीतया सह सुप्तं वै तृणेषु सुखमद्य हि ॥
</verse>",False
" ""O Lion among kings, receive this payasam prepared by gods, conferring progeny, bestowing affluence and improving health.  ", सारथेर्भहुशश्चास्यसङ्ग्राममवगाहतः ।प्रतोदोन्यपतद्धस्तात्सूतस्यहयसादिनः ।। ,"<verse>
सारथिर्हययन्ता स प्रतोदोऽस्य करात्तथा ।
पतितो बहुवारं वै नियमज्ञस्य सारथेः ॥
</verse>",False
" ""O Lion among kings, receive this payasam prepared by gods, conferring progeny, bestowing affluence and improving health.  ", दासोऽहं कोसलेन्द्रस्य रामस्याक्लिष्टकर्मणः।हनुमान्शत्रुसैन्यानां निहन्ता मारुतात्मजः।। ,"<verse>
दासोऽहं कोसलाधीशरामस्याक्लिष्टकर्मणः ।
रिपुसैन्यविहर्ता च वायुपुत्रोऽस्मि वीर्यवान् ॥
</verse>",False
" ""O Lion among kings, receive this payasam prepared by gods, conferring progeny, bestowing affluence and improving health.  ", याश्च्यवन्तेऽम्बरात्ताराः पुण्यशेषसमावृताः।इमास्तास्सङ्गताः कृत्स्ना इति मेने हरिस्तदा।। ,"<verse>
ताः समीक्ष्य शयानास्तु पुण्यशेषेण पातिताः ।
दिवः प्रपतिता दीप्ताः तारा इव हनूमान् ॥
</verse>",False
" ""O Lion among kings, receive this payasam prepared by gods, conferring progeny, bestowing affluence and improving health.  ", तया परुषमुक्तस्तु कुपितो राघवानुजः।स विकाङ्क्षन्भृशं रामं प्रतस्थे नचिरादिव।। ,"<verse>
वैदेह्याः परुषैर्वाक्यैर्विद्धस्तूर्णं जगाम सः ।
चिन्तयन् रामभद्रस्य कल्याणं हृदि धारयन् ॥
</verse>",False
" ""O Lion among kings, receive this payasam prepared by gods, conferring progeny, bestowing affluence and improving health.  ", अग्निष्टोमादिभिर्यज्ञैरिष्टवानाप्तदक्षिणैः ।अग्निहोत्रेणसंस्कारंकेनत्वंनतुलप्स्यसे ।। ,"<verse>
सर्वयज्ञकृतो भूत्वा पूर्णाहुतिभिरादृतः ।
अनाहुत्या कथं शुद्धिं विनाग्निं कर्तुमिच्छसि ॥
</verse>",False
" ""O Lion among kings, receive this payasam prepared by gods, conferring progeny, bestowing affluence and improving health.  ", दिव्यानि च सुगन्धीनिमाल्यदामानिरावणः ।।श्रोत्रिचासञ्जयामासश्रीमतीचास्यकुण्डले । ,"<verse>
ततो मुकुटचित्रं च स्रजश्च सुरभीस्तदा ।
कुण्डले च महाचित्रे रक्षोराजो न्यवेशयत् ॥
</verse>",False
" ""O Lion among kings, receive this payasam prepared by gods, conferring progeny, bestowing affluence and improving health.  ", स दृष्ट्वा स्वां तनुं पक्षैरुद्गतैररुणच्छदैः।।प्रहर्षमतुलं लेभे वानरांश्चेदमब्रवीत्। ,"<verse>
तनुजातान् रक्तपक्षान् दृष्ट्वा हर्षमनुत्तमम् ।
गात्रे संजायमानान् वै हरीन् हर्षेण सोऽब्रवीत् ॥
</verse>",False
" ""O Lion among kings, receive this payasam prepared by gods, conferring progeny, bestowing affluence and improving health.  ", कृतान्येवसुघोराणिरामेणरजनीचराः ।ददृशुस्ते न वैरामंकर्माण्यसुकराणिते ।। ,"<verse>
लाघवान्न हि ते तस्य ददृशुः क्षिप्रकारिणः ।
कृतमेव हि पश्यन्ति रामस्य कर्म दारुणम् ॥
</verse>",False
" ""O Lion among kings, receive this payasam prepared by gods, conferring progeny, bestowing affluence and improving health.  ", ते वयं भर्तुरादेशं बहुमान्य दृढव्रताः।।प्रविष्टास्स्म पुरादृष्टं वनं गम्भीरदर्शनम्। ,"<verse>
नृपादेशं पुरस्कृत्य कृत्वा वै दृढनिश्चयम् ।
प्रविष्टाः स्मो गभीरं तद् गहनं विपिनं वयम् ॥
</verse>",False
" ""O Lion among kings, receive this payasam prepared by gods, conferring progeny, bestowing affluence and improving health.  ", सर्वकामैरुपेतां च पानभूमिं महात्मनः।।ददर्श हरिशार्दूलस्तस्य रक्षःपतेर्गृहे। ,"<verse>
ददर्श हरिशार्दूलः रावणस्य गृहे शुभे ।
पानभूमिं ततो दिव्यां सर्वकामोपवृताम् ॥
</verse>",False
" ""O Lion among kings, receive this payasam prepared by gods, conferring progeny, bestowing affluence and improving health.  ", अनुपायेनकर्माणिविपरीतानियानिच ।क्रियमाणानिदुष्यन्तिहवींष्यप्रयतेष्विव ।। ,"<verse>
अयुक्तयुक्तिहीनं यत् कर्म शास्त्रविरोधि च ।
नश्यत्यविधिना हुतं हव्यमप्रयतेऽनले ॥
</verse>",False
" ""O Lion among kings, receive this payasam prepared by gods, conferring progeny, bestowing affluence and improving health.  ", अभिप्रेतमसंसक्तमात्मजं दातुमर्हसि।।दशरात्रं हि यज्ञस्य रामं राजीवलोचनम्। ,"<verse>
राजीवलोचनं रामं दातुमर्हसि मे प्रियम् ।
सङ्गहीनं दशारात्रं पुत्रं संसङ्गवर्जितम् ॥
</verse>",False
" ""O Lion among kings, receive this payasam prepared by gods, conferring progeny, bestowing affluence and improving health.  ", पुत्रान्मृतान्समीक्ष्याथ न भविष्यन्ति मातरः।।कौसल्या च सुमित्रा च कैकेयी च न संशयः। ,"<verse>
सत्यं वद धर्मं चर |
सदा गुरुजनं नमेत् |
ज्ञानं सदा प्रपूज्येत |
धर्मेण जयते जगत् ||
</verse>",False
" ""O Lion among kings, receive this payasam prepared by gods, conferring progeny, bestowing affluence and improving health.  ", तानिनिर्दह्यमानानिदूरतःप्रचकाशिरे ।हिमवच्छिखराणीवदीप्तौषदिवनानिच ।। ,"<verse>
दह्यमानानि हर्म्याणि रेजुर्दीप्ता इवाचलाः ।
दूराद्धिमवतः शृङ्गा ज्वलिता इव तेजसा ॥
</verse>",False
" ""O Lion among kings, receive this payasam prepared by gods, conferring progeny, bestowing affluence and improving health.  ", अतीव सा तु संहृष्टा कैकेयी विस्मयान्विता।एकमाभरणं तस्यै कुब्जायै प्रददौ शुभम्।। ,"<verse>
श्रुत्वा तं परमं हर्षं कैकेयी विस्मिताभवत् ।
ददौ सा कुब्जकायै च शुभं दिव्यं विभूषणम् ॥
</verse>",False
" ""O Lion among kings, receive this payasam prepared by gods, conferring progeny, bestowing affluence and improving health.  ", भार्गवाणां कुले जात: स्वाध्यायव्रतशालिनाम्।सहास्राक्षे प्रतिज्ञाय शस्त्रं निक्षिप्तवानसि।। ,"<verse>
भृगुवंशसमुद्भूत वेदव्रतधराग्रणीः ।
शपथं शक्रमुद्दिश्य शस्त्रत्यागं प्रतिश्रुतम् ॥
</verse>",False
" ""O Lion among kings, receive this payasam prepared by gods, conferring progeny, bestowing affluence and improving health.  ", अभिपत्याशु तद्वक्त्रं निर्गतोऽहं ततः क्षणात्।अब्रवीत्सुरसा देवी स्वेन रूपेण मां पुनः।। ,"<verse>
ततः सुरसया भूत्वा स्वरूपं च क्षणेन वै ।
पुनः स्वरूपमास्थाय मामेवमब्रवीद्वचः ॥
</verse>",False
" ""O Lion among kings, receive this payasam prepared by gods, conferring progeny, bestowing affluence and improving health.  ", शक्यं खलु भवेद्राम सहायेन त्वयाऽनघ।सुरराज्यमपि प्राप्तुं स्वराज्यं किं पनः प्रभ।। ,"<verse>
त्वत्प्रसादाद्रघूत्तंस देवराज्यमपि ध्रुवम् ।
लभ्यमेव हि निष्पाप राम किं स्वकराज्यकम् ॥
</verse>",False
" ""O Lion among kings, receive this payasam prepared by gods, conferring progeny, bestowing affluence and improving health.  ", साधुलक्ष्मणतुष्टोऽस्मिकर्मचासुकरंकृतम् ।रावणेर्हिविनाशेनजितमुत्यपधारय ।। ,"<verse>
साधु लक्ष्मण तुष्टोऽस्मि कृतं कर्म सुदुष्करम् ।
इन्द्रजित्पतनेनैव सिद्धं कार्यं न संशयः ॥
</verse>",False
" ""O Lion among kings, receive this payasam prepared by gods, conferring progeny, bestowing affluence and improving health.  ", अथवा राक्षसेन्द्रस्य पत्नीभिरसितेक्षणा।।अदुष्टा दुष्टभावाभिर्भक्षिता सा भविष्यति। ,"<verse>
अथवा चारुनेत्रा सा सीता धर्मपरायणा ।
राक्षसेन्द्रस्य पत्नीभिः क्रूराभिर्भक्षिता भवेत् ॥
</verse>",False
" ""O Lion among kings, receive this payasam prepared by gods, conferring progeny, bestowing affluence and improving health.  ", राक्षसानां पिशाचानां रौद्राणां क्रूरकर्मणाम्।क्रव्यादानां च सर्वेषां मा भूत्पुत्रक ते भयम्।। ,"<verse>
क्रूरेभ्यो राक्षसेभ्यश्च पिशाचेभ्यो न ते भयम् ।
क्रव्याद्भ्योऽपि न भीः कार्या भयं मा कुरु पुत्रक ॥
</verse>",False
" ""O Lion among kings, receive this payasam prepared by gods, conferring progeny, bestowing affluence and improving health.  ", सर्वथा प्राप्स्यसे पुत्रानभिप्रेतांश्च पार्थिव।यस्य ते धार्मिकी बुद्धिरियं पुत्रार्थमागता।।  ,"<verse>
मनोरथस्तु ते राजन् न्याय्यो धर्म्यश्च वर्तते ।
अवश्यं लप्स्यसे पुत्रान् यथेप्सितमरिन्दम ॥
</verse>",False
" ""O Lion among kings, receive this payasam prepared by gods, conferring progeny, bestowing affluence and improving health.  ", एवं कालं प्रतीक्षस्व ममागमनकाङ्क्षिणी।नियता नियताहारा भर्तृशुश्रूषणे रता।। ,"<verse>
मदागमनकाङ्क्षी त्वं मिताहारा जितेन्द्रिया ।
पतिसेवाविधानेन कालं नय सुसंयता ॥
</verse>",False
" ""O Lion among kings, receive this payasam prepared by gods, conferring progeny, bestowing affluence and improving health.  ", तत्र रामं भयं तीव्रमाविवेश विषादजम्।राक्षसं मृगरूपं तं हत्वा श्रुत्वा च तत्स्वरम्।। ,"<verse>
हत्वा तु मृगरूपं तम् श्रुत्वा तस्य च वै स्वरम् ।
बभूव महती चिन्ता रामस्य भयसम्भ्रमात् ॥
</verse>",False
" ""O Lion among kings, receive this payasam prepared by gods, conferring progeny, bestowing affluence and improving health.  ", कैलासशिखराकारैर्वानरैर्भीमविक्रमैः।वृतः कोटिसहस्रेण हनुमान्प्रत्यदृश्यत।। ,"<verse>
ततो हनूमान् दृश्येत कोटिभिर्घोरविक्रमैः ।
कैलासशिखराकारैर्वानरैर्भीमविक्रमैः ॥
</verse>",False
" ""O Lion among kings, receive this payasam prepared by gods, conferring progeny, bestowing affluence and improving health.  ", सौवर्णान्वानरेन्द्राणांचतुर्णांचतुरोघटान् ।।ददौक्षिप्रंससुग्रीवस्सर्वरत्नविभूषितान् । ,"<verse>
सुग्रीवः सद्य एवादाच्चतुरः काञ्चनान् घटान् ।
सुशोभितान् कपीन्द्रेभ्यश्चतुर्भ्यो हरियूथपः ॥
</verse>",False
" ""O Lion among kings, receive this payasam prepared by gods, conferring progeny, bestowing affluence and improving health.  ", बहुलं स तु निश्श्वस्य रामो राजीवलोचनः।हा प्रियेति विचुक्रोश बहुशो बाष्पगद्गदः।। ,"<verse>
बाष्पगद्गदकण्ठोऽसौ निश्वस्य हा प्रिये ब्रुवन् ।
मुमोचाश्रूणि भूरीणि शोकव्याकुलचेतनः ॥
</verse>",False
" ""O Lion among kings, receive this payasam prepared by gods, conferring progeny, bestowing affluence and improving health.  ", भगीरथोऽपि राजार्षिर्दिव्यं स्यन्दनमास्थित:।प्रायादग्रे महातेजास्तं गङ्गा पृष्ठतोऽन्वगात्। ,"<verse>
भगीरथोऽपि तेजस्वी आरुह्य स्यन्दनं शुभम् ।
प्रययौ स महातेजा गङ्गा चानुययौ तदा ॥
</verse>",False
" ""O Lion among kings, receive this payasam prepared by gods, conferring progeny, bestowing affluence and improving health.  ", शक्तौह्यद्य युवां कर्तुं कार्यं तस्य चिकीर्षितम्।।कृतार्थो वाऽकृतार्थो वा कृत्यं तव करिष्यति। ,"<verse>
युवानौ कार्यदक्षौ च तस्य कार्ये नियुज्यथ ।
कृते वाऽप्यकृते तस्मिन् स करिष्यति वः प्रियम् ॥
</verse>",False
" ""O Lion among kings, receive this payasam prepared by gods, conferring progeny, bestowing affluence and improving health.  ", अङ्गनाशतमात्रं तु तं व्रजन्तमनुव्रजत्।महेन्द्रमिव पौलस्त्यं देवगन्धर्वयोषितः।। ,"<verse>
पौलस्त्यतनयो रावः स्त्रीशतेनानुगो बभौ ।
यथा देवस्त्रिया सार्धं वृतः शक्रः सुरालये ॥
</verse>",False
" ""O Lion among kings, receive this payasam prepared by gods, conferring progeny, bestowing affluence and improving health.  ", तस्य धर्मात्मनः पत्नीं स्नुषां दशरथस्य च।कथं व्याहरतो मां ते न जिह्वा व्यवशीर्यते।। ,"<verse>
स्नुषां दशरथस्यैतां भार्यां रामस्य धीमतः ।
वदतो हीदृशं वाक्यं जिह्वा ते न पतत्यपि ॥
</verse>",False
" ""O Lion among kings, receive this payasam prepared by gods, conferring progeny, bestowing affluence and improving health.  ", अभार्याश्च सभार्याश्च सन्त्यत्र वनचारिणः।लुब्धेभ्यो विप्रयुक्तेभ्यस्तेभ्यो नस्तुमुलं भय।। ,"<verse>
वने भ्रमन्ति हरयः प्रेषिता वालिना भृशम्।
कांतापहृतदाराश्च कांताविरहितास्तथा॥
</verse>",False
" ""O Lion among kings, receive this payasam prepared by gods, conferring progeny, bestowing affluence and improving health.  ", कच्चित्ते सम्भृता भृत्या: कच्चित्तिष्ठन्ति शासने।कच्चित्ते विजितास्सर्वे रिपवो रिपुसूदन ।। ,"<verse>
भृत्याः किं पूर्णकामास्ते कुर्वन्ति तव शासनम् ।
शत्रवः किं जिताः सर्वे हे शत्रुदमन त्वया ॥
</verse>",False
" ""O Lion among kings, receive this payasam prepared by gods, conferring progeny, bestowing affluence and improving health.  ", अहंनियममातिष्ठे सिध्यर्थं पुरुषर्षभ।तस्य विघ्नकरौ द्वौ तु राक्षसौ कामरूपिणौ।। ,"<verse>
मम यज्ञप्रवृत्तस्य पुरुषर्षभ विघ्नदम् ।
राक्षसौ कामरूपिणौ बाधते तत्र राघव ॥
</verse>",False
" ""O Lion among kings, receive this payasam prepared by gods, conferring progeny, bestowing affluence and improving health.  ", यथैषा रमते राम इह सीता तथा कुरु। दुष्करं कृतवत्येषा वने त्वामनुगच्छती।। ,"<verse>
राम सीतां रमय त्वं यथेच्छति हि सा वने ।
त्वदनुगमनेनैव कृतं हि दुष्करं तया ॥
</verse>",False
" ""O Lion among kings, receive this payasam prepared by gods, conferring progeny, bestowing affluence and improving health.  ", समुत्पतति तस्मिंस्तु वेगात्ते नगरोहिणः।संहृत्य विटपान् सर्वान् समुत्पेतुः समन्ततः।। ,"<verse>
उत्पतन्तं तमुद्यम्य वृक्षाः पर्वतवासिनः ।
सहैव सहसा प्रस्थुः शाखाः संक्षिप्य सर्वशः ॥
</verse>",False
" ""O Lion among kings, receive this payasam prepared by gods, conferring progeny, bestowing affluence and improving health.  ", नवयंतत्कुलीनाश्चराज्यकाङ् क्षीचराक्षसः ।पण्डिताहिभविष्यन्तितस्माद्ग्राह्योविभीषणः ।। ,"<verse>
न वयं तस्य गोत्रे च सन्ति शास्त्रविदोऽसुराः ।
काङ्क्षमाणो हि तद्राज्यं प्राप्तोऽयं हि विभीषणः ॥
</verse>",False
" ""O Lion among kings, receive this payasam prepared by gods, conferring progeny, bestowing affluence and improving health.  ", राघवस्त्वत्समारम्भान्मयि यत्नपरो भवेत्।इदं ब्रूयाश्च मे नाथं शूरं रामं पुनः पुनः।। ,"<verse>
मदुद्धारप्रयत्नं तु कुर्यादेव हि राघवः ।
ब्रूयास्त्वं वीरमेवं मां मुहुर्मुहुरिहागतः ॥
</verse>",False
" ""O Lion among kings, receive this payasam prepared by gods, conferring progeny, bestowing affluence and improving health.  ", उद्यतानां हि युद्धार्थं येषां भवति लक्ष्मण।निष्प्रभं वदनं तेषां भवत्यायुः परिक्षयः।। ,"<verse>
सन्नद्धे लक्ष्मणाजौ ये पीतवक्त्रा भवन्ति हि ।
ध्रुवं ते वीरलोकं तु यान्ति युद्धपराङ्मुखाः ॥
</verse>",False
" ""O Lion among kings, receive this payasam prepared by gods, conferring progeny, bestowing affluence and improving health.  ", हृतामवाप्य वैदेहीं क्षिप्रं हत्वा च रावणम् ।समृद्धार्थस्समृद्धार्थमयोध्यां प्रतियास्यसि ।। ,"<verse>
हत्वा रावणमत्युग्रं प्राप्य चैव जनकात्मजाम् ।
कृतार्थस्त्वं पुरीं राम अयोध्यां प्रति यास्यसि ॥
</verse>",False
" ""O Lion among kings, receive this payasam prepared by gods, conferring progeny, bestowing affluence and improving health.  ", इदं धनुर्वरं राजन् पूजितं सर्वराजभि:।मिथिलाधिप राजेन्द्र दर्शनीयं यदिच्छसि।। ,"<verse>
मैथिलेन्द्र महापाल सर्वराजप्रपूजितम् ।
एतद्धनुर्महावीर्यं रामाय प्रतिपाद्यताम् ॥
</verse>",False
" ""O Lion among kings, receive this payasam prepared by gods, conferring progeny, bestowing affluence and improving health.  ", दाशास्त्वाऽनुऽगमिष्यन्ति धन्विनस्सुसमाहिताः।अहं त्वानुगमिष्यामि राजपुत्र महायशः।। ,"<verse>
अन्वक्षं त्वां गमिष्यामि सधन्वा सह बान्धवैः ।
धीवरैः सह सन्नद्धैः सुमहद्भिर्महायशः ॥
</verse>",False
" ""O Lion among kings, receive this payasam prepared by gods, conferring progeny, bestowing affluence and improving health.  ", ते प्रधानेषु यूथेषु हरीणां हरियूथपा:।बभूवुर्यूथपश्रेष्ठा वीरांश्चाजनयन् हरीन्।। ,"<verse>
ते च वानरसेनान्याः ससृजुः कपियूथपान् ।
मुख्यासु कपिजातीषु वीरान् यूथपयूथपान् ॥
</verse>",False
" ""O Lion among kings, receive this payasam prepared by gods, conferring progeny, bestowing affluence and improving health.  ", न जाने निलयं तस्य सर्वथा पापरक्षसः।सामर्थ्यं विक्रमं वापि दौष्कुलेयस्य वा कुल।। ,"<verse>
न जाने तस्य पापस्य वासं वा रक्षसो गृहे ।
प्रभावं च पराक्रमं कुलं वंशं च निन्दितम् ॥
</verse>",False
" ""O Lion among kings, receive this payasam prepared by gods, conferring progeny, bestowing affluence and improving health.  ", अभिवाद्य मुनिश्रेष्ठं ज्वलन्तमिव पावकम्।ऊचतुर्मधुरोदारं वाक्यं मधुरभाषिणौ।। ,"<verse>
कृताञ्जलिपुटा भूत्वा विश्वामित्रं तपोधनम् ।
ज्वलदग्निसङ्काशं मधुरां वाचमब्रुवन् ॥
</verse>",False
" ""O Lion among kings, receive this payasam prepared by gods, conferring progeny, bestowing affluence and improving health.  ", ततः शूर्पणखा नाम राक्षसी वाक्यमब्रवीत्।अजामुख्या यदुक्तं हि तदेव मम रोचते।। ,"<verse>
ततः शूर्पणखा प्राह वचोऽजामुखिसम्मतम् ।
ममापि रोचते नूनं प्रस्तावोऽयं मतो मम ॥
</verse>",False
" ""O Lion among kings, receive this payasam prepared by gods, conferring progeny, bestowing affluence and improving health.  ", नित्यमन्योन्यसम्हृष्टाव्यसनेष्वाततायिनः ।प्रच्छन्नहृदयाघोराज्ञातयस्तुभयावहाः ।। ,"<verse>
नित्यं सुहृन्मुखा ह्येते, मोदन्ते बन्धुसम्पदि ।
दस्यवः प्रच्छन्ना इव, जनयन्ति महद्भयम् ॥
</verse>",False
" ""O Lion among kings, receive this payasam prepared by gods, conferring progeny, bestowing affluence and improving health.  ", यथाक्रमं तत: पाणीन् जग्राह रघुनन्दन।ब्रह्मदत्तो महीपालस्तासां देवपतिर्यथा।। ,"<verse>
ब्रह्मदत्तो महीपाल-
स्तासां पाणिमगृह्णत ।
यथाक्रमं राघवेन्द्र
देवेन्द्र इव वीर्यवान् ॥
</verse>",False
" ""O Lion among kings, receive this payasam prepared by gods, conferring progeny, bestowing affluence and improving health.  ", तद्धनुस्तौ च तूणीरौ शरं खङ्गं च मानद।।। जयाय प्रतिगृह्णीष्व वज्रं वज्रधरो यथा।  ,"<verse>
चापमेतद् गृहाण त्वं तूणीरौ खड्गमेव च ।
शरांश्च विजयायेह वज्रं वज्रधरो यथा ॥
</verse>",False
" ""O Lion among kings, receive this payasam prepared by gods, conferring progeny, bestowing affluence and improving health.  ", कष्टं वनमिदं दुर्गं न च स्म वनगोचराः।।अभिगच्छामहे शीघ्रं शरभङ्गं तपोधनम्। ,"<verse>
अपूर्वं दुर्गमं घोरं महारण्यमिदं महत् ।
तस्माच्छीघ्रं गमिष्यामः शरभङ्गमुनिं प्रति ॥
</verse>",False
" ""O Lion among kings, receive this payasam prepared by gods, conferring progeny, bestowing affluence and improving health.  ", मलपङ्कधरां दीनां मण्डनार्हाममण्डिताम्।प्रभां नक्षत्रराजस्य कालमेघैरिवावृताम्।। ,"<verse>
मलपङ्कावृताङ्गीं तां मण्डनार्हाममण्डिताम् ।
मलिनां दीनरूपां च मेघरुद्धां शशिप्रभाम् ॥
</verse>",False
" ""O Lion among kings, receive this payasam prepared by gods, conferring progeny, bestowing affluence and improving health.  ", आवामिहागतौसौम्य रावणप्रहितावुभौ ।परिज्ञातुंबलंसर्वंतवेदंरघुनन्दन:।।। ,"<verse>
रावणप्रहितौ वीर त्वामुपेतौ महाभुज ।
कृत्स्नं बलमुपागन्तौ तव राघव तत्त्वतः ॥
</verse>",False
" ""O Lion among kings, receive this payasam prepared by gods, conferring progeny, bestowing affluence and improving health.  ", शरजालपरिक्षिप्तामग्निज्वालासमावृताम्।प्रदग्धभवनां लङ्कां द्रक्ष्यसि त्वं न संशयः।। ,"<verse>
शरैस्तु सङ्कुलां लङ्कां प्रदीप्तां वह्निना तथा ।
मन्दिरैः प्रज्वलैः सार्धं द्रक्ष्यसि त्वं न संशयः ॥
</verse>",False
" ""O Lion among kings, receive this payasam prepared by gods, conferring progeny, bestowing affluence and improving health.  ", तद्रुमाणांशिलानां च वर्षंप्राणहरंमहत् ।व्यपोहतमहातेजारावणिस्समितिंजयः ।। ,"<verse>
रणे सदा जयी वीर इन्द्रजिद्भीमविक्रमः ।
प्राणहन्त्रीं शिलावृष्टिं द्रुमाणां च व्यपोहयत् ॥
</verse>",False
" ""O Lion among kings, receive this payasam prepared by gods, conferring progeny, bestowing affluence and improving health.  ", पूजयामास तं देवं पाद्यार्घ्यासनवन्दनै: ।प्रणम्य विधिवच्चैनं पृष्ट्वाऽनामयमव्ययम् ।।    ,"<verse>
यथाविधि प्रणम्यैनं पृष्ट्वा चैव निरामयम् ।
पादार्घ्यासनदानेन पूजयामास पद्मजम् ॥
</verse>",False
" ""O Lion among kings, receive this payasam prepared by gods, conferring progeny, bestowing affluence and improving health.  ", हर्म्यवातायनस्थाभिर्भूषिताभिस्समन्ततः।।कीर्यमाण स्सुपुष्पौघैर्ययौ स्त्रीभिररिन्दमः। ,"<verse>
प्रयान्तं राघवं वीक्ष्य सौधवातायनस्थिताः ।
नार्यः सुवाससो भूत्वा ववर्षुः पुष्पसञ्चयम् ॥
</verse>",False
" ""O Lion among kings, receive this payasam prepared by gods, conferring progeny, bestowing affluence and improving health.  ", ऋत्विजस्त्वब्रुवन्सर्वे राजानं गतकल्मषम्।भवानेव महीं कृत्स्नामेको रक्षितुमर्हति।। ,"<verse>
ततः पापविनिर्मुक्तं भूपालं सर्वयाजकाः ।
नृपते त्वं हि शक्तोऽसि पातुमेतां वसुन्धराम् ॥
</verse>",False
" ""O Lion among kings, receive this payasam prepared by gods, conferring progeny, bestowing affluence and improving health.  ", कृतकृत्या हि वैदेही छायेवानुगता पतिम्। न जहाति रता धर्मे मेरुमर्कप्रभा यथा।। ,"<verse>
पतिव्रता महाभागा छायेवानुगता पथि ।
भास्करं प्रभा यथा सीता राममनुव्रता ॥
</verse>",False
" ""O Lion among kings, receive this payasam prepared by gods, conferring progeny, bestowing affluence and improving health.  ", सीताया वचनं श्रुत्वा मारुतिर्भीमविक्रमः।शिरस्यञ्जलिमाधाय वाक्यमुत्तरमब्रवीत्।। ,"<verse>
श्रुत्वा तां जानकीं धीमान् हनुमान् भीमविक्रमः ।
शिरस्यञ्जलिमाधाय वाक्यमेतदुवाच ह ॥
</verse>",False
" ""O Lion among kings, receive this payasam prepared by gods, conferring progeny, bestowing affluence and improving health.  ", तदा तु तं द्विजं दृष्ट्वा निषादेन निपातितम् ।ऋषेर्धर्मात्मनस्तस्य कारुण्यं समपद्यत ।।   ,"<verse>
व्याधेन निहतं दृष्ट्वा पक्षिणं करुणाकुलम् ।
वाल्मीकिः करुणाविष्टः जगाम करुणां मुनिः ॥
</verse>",False
" ""O Lion among kings, receive this payasam prepared by gods, conferring progeny, bestowing affluence and improving health.  ", तस्य पर्वणि तं यज्ञं यजमानस्य वासव:।राक्षसीं तनुमास्थाय यज्ञीयाश्वमपाहरत्।। ,"<verse>
यज्ञकाले तु संप्राप्ते पौर्णमास्यां विशेषतः ।
रक्षोरूपं समास्थाय हरत्यश्वं हि वासवः ॥
</verse>",False
" ""O Lion among kings, receive this payasam prepared by gods, conferring progeny, bestowing affluence and improving health.  ", वितत्य च धनुर्भीमं तूण्याश्चोद्धृत्य सायकान्।क्रोधमाहारयत्तीव्रं वधार्थं सर्वरक्षसाम्।। ,"<verse>
ततान सुमहच्चापं तूणीराच्छरमाददे ।
राक्षसानां विनाशार्थं क्रोधं तीव्रं चकार सः ॥
</verse>",False
" ""O Lion among kings, receive this payasam prepared by gods, conferring progeny, bestowing affluence and improving health.  ", पापेनानृतसान्त्वेन बाले नित्यसुखोचिते।रामं स्थापयता राज्ये सानुबन्धा हता ह्यसि।। ,"<verse>
सुखभागासि मूढे त्वं साम्ना जल्पति भूपतिः ।
रामाभिषेकमैच्छत्स हतासि सह सूनुना ॥
</verse>",False
" ""O Lion among kings, receive this payasam prepared by gods, conferring progeny, bestowing affluence and improving health.  ", अथवाऽर्जुन शंस त्वं प्रियां तामर्जुनप्रियाम्।जनकस्य सुता भीरुर्यदि जीवति वा न वा।। ,"<verse>
अर्जुन शंस मे कान्तां जानकीं जनकप्रियाम् ।
ककुभप्रियां भीरुं तां जीवतीति वदस्व मे ॥
</verse>",False
" ""O Lion among kings, receive this payasam prepared by gods, conferring progeny, bestowing affluence and improving health.  ", समागम्य वसिष्ठेन भरतेनाभिवादितः।अबुद्ध्यत महातेजास्सुतं दशरथस्य तम्।। ,"<verse>
वसिष्ठं पूजयित्वा तु भरतेनाभिवन्दितः ।
भरद्वाजो महातेजाः जज्ञे दशरथात्मजम् ॥
</verse>",False
" ""O Lion among kings, receive this payasam prepared by gods, conferring progeny, bestowing affluence and improving health.  ", न हि मिथ्या प्रतिज्ञातं करिष्यति तवानघः। श्रीमान्दशरथो राजा देवि राजीवलोचनः।। ,"<verse>
राजीवनेत्रो धर्मज्ञः सत्यवादी जितेन्द्रियः ।
न मिथ्या वक्ष्यति नृपस्त्वयि देवि कृतं वचः ॥
</verse>",False
" ""O Lion among kings, receive this payasam prepared by gods, conferring progeny, bestowing affluence and improving health.  ", आग्नेयेनाधसंयुक्तंगृहीत्वारावणश्शरम् ।ध्वजशीर्षस्थितंसीलमुदैक्षतनिशाचरः ।। ,"<verse>
ततो निशाचरो बाणं संधायाग्नेयमस्त्रकम् ।
ददर्श नीलमुद्वीक्ष्य धनुरग्रे व्यवस्थितम् ॥
</verse>",False
" ""O Lion among kings, receive this payasam prepared by gods, conferring progeny, bestowing affluence and improving health.  ", तस्याग्रमधिरूढास्ते श्रान्ता विपुलविक्रमाः।न पश्यन्ति स्म वैदेहीं रामस्य महिषीं प्रियाम्।। ,"<verse>
आरुह्यापि परं शृङ्गं खिन्नाश्च कपिकुञ्जराः ।
वैदेहीं रामकान्तां तां नालभन्त मनस्विनीम् ॥
</verse>",False
" ""O Lion among kings, receive this payasam prepared by gods, conferring progeny, bestowing affluence and improving health.  ", अनुयात्रां नरेन्द्रस्य करिष्येऽहं नरर्षभ।गच्छतो रावणं हन्तुं वैरिणं सपुरस्सरम्।। ,"<verse>
स तु सेनां नयेदग्रे यस्मिन् रावणवधो भवेत्।
तमेवाभिमुखो यामि लक्ष्मणर्षभ तेऽग्रतः॥
</verse>",False
" ""O Lion among kings, receive this payasam prepared by gods, conferring progeny, bestowing affluence and improving health.  ", रामाय तु यथातत्त्वं जटायो हरणं मम।।लक्ष्मणाय च तत्सर्वमाख्यातव्यमशेषतः। ,"<verse>
जटायो हरणं मेऽपि रामाय शंस तत्त्वतः ।
लक्ष्मणाय च तत्सर्वं प्रवृत्तं च यथातथम् ॥

इत्यार्षे श्रीमद्रामायणे वाल्मीकीये आदिकाव्ये
अरण्यकाण्डे एकोनपञ्चाशः सर्गः ॥
</verse>",False
" ""O Lion among kings, receive this payasam prepared by gods, conferring progeny, bestowing affluence and improving health.  ", तथा काशीपतिं स्निग्धं सततं प्रियवादिनम्।वयस्यं राजसिंहस्य स्वयमेवानयस्व ह।। ,"<verse>
तथा काशीपतिं मित्रं स्नेहिनं प्रियवादिनम् ।
स्वयमानय भूपस्य नृपसिंहस्य धीमतः ॥
</verse>",False
" ""O Lion among kings, receive this payasam prepared by gods, conferring progeny, bestowing affluence and improving health.  ", तस्यकामपरीतस्यनिशम्यपरिदेवितम् ।कुम्भकर्णःप्रचुक्रोधवचनंचेदमब्रवीत् ।। ,"<verse>
निशम्य रावणं दीनं कामशोकभयार्दितम् ।
कुम्भकर्णो महातेजाः क्रुद्धो वचनमब्रवीत् ॥
</verse>",False
" ""O Lion among kings, receive this payasam prepared by gods, conferring progeny, bestowing affluence and improving health.  ", पताकिन्यस्तु ता नावस्स्वयं दाशैरधिष्ठिताः।वहन्त्यो जनमारूढं तदा सम्पेतुराशुगाः।। ,"<verse>
ध्वजाढ्यास्ता हि नौकाश्च धीवरैश्च प्रचालिताः ।
वाह्यमाना नरैस्तूर्णं शीघ्रं जग्मुस्तदा जले ॥
</verse>",False
" ""O Lion among kings, receive this payasam prepared by gods, conferring progeny, bestowing affluence and improving health.  ", आददुन्भुक्षितोमांसंशोणितंतृषितःपिबन् ।मेदःकुम्भांश्चमद्यांश्चपपौशक्ररिपुस्तदा ।। ,"<verse>
जग्ध्वा मांसं तृषार्तश्च इन्द्रशत्रुः पपौ रुधम् ।
वसाकुम्भांश्च मद्यं च तृप्तो दैत्यो मुदाऽपिबत् ॥
</verse>",False
" ""O Lion among kings, receive this payasam prepared by gods, conferring progeny, bestowing affluence and improving health.  "," बहून्यप्रियरूपाणि वचनानि सुदुर्मते।।

अनुक्रोशान्मृदुत्वाच्च सोढानि तव मैथिलि।
  ","<verse>
मृदुत्वाच्च दयाभावात् सोढान्युक्तानि मैथिलि।
बहून्यप्रियरूपाणि वचनानि दुरात्मने॥
</verse>",False
" ""O Lion among kings, receive this payasam prepared by gods, conferring progeny, bestowing affluence and improving health.  ", न व्यपत्रपसे नीच कर्मणानेन रावण।ज्ञात्वा विरहितां यन्मां चोरयित्वा पलायसे।। ,"<verse>
पतिहीनां च मां हर्तुं रे नीच न हि लज्जसे ।
भर्तृहीनां प्रियां हर्तुं रावण त्वं न लज्जसे ॥
</verse>",False
" ""O Lion among kings, receive this payasam prepared by gods, conferring progeny, bestowing affluence and improving health.  ", विमानैर्नगराकारैर्हयैर्गजवरैस्तदा।। पारिप्लवगतैश्चापि देवतास्तत्र विष्ठिता:। ,"<verse>
ततो देवाः ससंभ्रमा विमानेषु पुरोपमे ।
तुरगेषु गजेन्द्रेषु तस्थुराकाशमण्डले ॥
</verse>",False
" ""O Lion among kings, receive this payasam prepared by gods, conferring progeny, bestowing affluence and improving health.  ", ते तद्वनमुपागम्य बभूवुः परमोत्कटाः।वानरा वानरेन्द्रस्य मनः कान्ततमं महत्।। ,"<verse>
प्राप्य रम्यं वनोद्यानं कपिराजस्य धीमतः ।
दृष्ट्वा तद्विपुलं रम्यं मुमुदुः सर्ववानराः ॥
</verse>",False
" ""O Lion among kings, receive this payasam prepared by gods, conferring progeny, bestowing affluence and improving health.  ", एष पर्वतसङ्काशो हनुमान् मारुतात्मजः।तितीर्षति महावेगस्समुद्रं मकरालयम्।। ,"<verse>
शैलाभो वातसम्भूतः महाबलपराक्रमः ।
तर्तुमिच्छति नक्राढ्यं मकरालयसागरम् ॥
</verse>",False
" ""O Lion among kings, receive this payasam prepared by gods, conferring progeny, bestowing affluence and improving health.  ", यत्त्वयाऽकरुणं कर्म व्यपोह्य मम बान्धवाः।निरस्ताः परिधावन्ति सुखार्हाः कृपणा वने।। ,"<verse>
तव क्रूरेण भूपाल कर्मणा मे सुतो हृतः ।
सुखार्हा बान्धवाश्चैव भ्रमन्ति गहने वने ॥
</verse>",False
" ""O Lion among kings, receive this payasam prepared by gods, conferring progeny, bestowing affluence and improving health.  ", तच्छ्रुत्वा भरतो वाक्यं शोकेनाभिपरिप्लुतः।जगाम मनसा रामं धर्मज्ञो धर्मकाङ्क्षया।। ,"<verse>
श्रुत्वा तु वचनं तस्य भरतो धर्मविद्वशी ।
शोकाकुलो महाबाहुः मनसा राममन्वगात् ॥
</verse>",False
" ""O Lion among kings, receive this payasam prepared by gods, conferring progeny, bestowing affluence and improving health.  ", एवं सम्भाषमाणस्य गुहस्य भरतं तदा।बभौ नष्टप्रभस्सूर्यो रजनी चाभ्यवर्तत।। ,"<verse>
भरतेन गुहे सार्द्धमेवं वदति तत्र वै ।
गतरश्मिरभूत् सूर्यो रजनी चाप्यवर्तत ॥
</verse>",False
" ""O Lion among kings, receive this payasam prepared by gods, conferring progeny, bestowing affluence and improving health.  ", तपसा सत्यवाक्येन अनन्यत्वाच्च भर्तरि।अपि सा निर्दहेदग्निं न तामग्निः प्रधक्ष्यति।। ,"<verse>
तपसा सत्यवाक्येन पातिव्रत्यबलेन च ।
अग्निं दहेत सा देवी नैनां दहति पावकः ॥
</verse>",False
" ""O Lion among kings, receive this payasam prepared by gods, conferring progeny, bestowing affluence and improving health.  ", तथा निगदितं मात्रा तद्वाक्यं पुरुषर्षभः।श्रुत्वा रामोऽब्रवीद्वाक्यं मातरं भृशदुःखिताम्।। ,"<verse>
इत्युक्तस्तु भृशं मात्रा रुदन्त्या शोकपीडया ।
इत्युवाच नरश्रेष्ठो रामो मातरमातुराम् ॥
</verse>",False
" ""O Lion among kings, receive this payasam prepared by gods, conferring progeny, bestowing affluence and improving health.  ", दण्डकारण्यमेषोऽहमितो गच्छामि सत्वरः।अविचार्य पितुर्वाक्यं समा वस्तुं चतुर्दश।। ,"<verse>
विमृश्य न पितुर्वाक्यं गमिष्यामि वनं त्वितः ।
वस्तव्यं दण्डकारण्ये वर्षाणि च चतुर्दश ॥
</verse>",False
" ""O Lion among kings, receive this payasam prepared by gods, conferring progeny, bestowing affluence and improving health.  ", अविज्ञाय फलं यो हि कर्म त्वेवानुधावति।स शोचेत्फलवेलायां यथा किंशुकसेचकः।। ,"<verse>
अविचार्य फलं कर्म यः करोति स शोचति ।
फलोदये यथा कश्चित् सिक्तवान् हि पलाशकम् ॥
</verse>",False
" ""O Lion among kings, receive this payasam prepared by gods, conferring progeny, bestowing affluence and improving health.  ", यद्यन्यथा भवेदेतद्द्वौ मासौ जीवितं मम।न मां द्रक्ष्यति काकुत्स्थो म्रिये साहमनाथवत्।। ,"<verse>
अनाथेव मरिष्यामि न मां द्रक्ष्यति राघवः ।
द्वौ मासौ जीवितेशा मे ततस्त्यक्ष्यामि जीवितम् ॥
</verse>",False
" ""O Lion among kings, receive this payasam prepared by gods, conferring progeny, bestowing affluence and improving health.  ", इह तेनाप्रवेष्टव्यं प्रविष्टस्य वधो भवेत्।वनं मत्संश्रयं येन दूषितं रुधिरस्रव।। ,"<verse>
मद्रक्षितं वनं ह्येतद् यो दूषयति रक्ततः ।
प्रवेशो नैव कार्योऽत्र प्रविशन् नाशमृच्छति ॥
</verse>",False
" ""O Lion among kings, receive this payasam prepared by gods, conferring progeny, bestowing affluence and improving health.  ", तत्रापश्यत्स मेघाभं न्यग्रोधमृषिभिर्वृतम्।।समन्ताद्यस्य ताश्शाखाश्शतयोजनमायताः। ,"<verse>
स ददर्श न्यग्रोधं शतयोजनशाखिनम् ।
मेघवर्णं मुनीनां च शरण्यं संश्रयं शुभम् ॥
</verse>",False
" ""O Lion among kings, receive this payasam prepared by gods, conferring progeny, bestowing affluence and improving health.  ", तां महोल्कामिवाकाशे दीप्यमानां स्वतेजसा।जहाराऽकाशमाविस्य सीतां वैश्रवणानुजः।। ,"<verse>
जहार रावणः सीतां वैश्रवणानुजो बली ।
धूमकेतुरिवाकाशं जगाम स्वप्रभायुताम् ॥
</verse>",False
" ""O Lion among kings, receive this payasam prepared by gods, conferring progeny, bestowing affluence and improving health.  ", दिव्यं च मानुषं च त्वमात्मनश्च पराक्रमम्।इक्ष्वाकुवृषभावेक्ष्य यतस्व द्विषतां वधे।। ,"<verse>
इक्ष्वाकुवृषभोत्तम दैवं मानुषमेव च ।
बुद्ध्या विचार्य वीर्यं स्वं शत्रून् हन्तुं मतिं कुरु ॥
</verse>",False
" ""O Lion among kings, receive this payasam prepared by gods, conferring progeny, bestowing affluence and improving health.  ", पार्श्वे च तत्र वैदेह्या वसने भूषणानि च।प्लवे कठिनकाजं च रामश्चक्रे सहायुधैः।। ,"<verse>
सीतायाः पार्श्वतः स्थाप्य वासांसि भूषणानि च ।
खनित्रपिटके चैव शस्त्रं च स प्लवेऽदधत् ॥
</verse>",False
" ""O Lion among kings, receive this payasam prepared by gods, conferring progeny, bestowing affluence and improving health.  ", सदृशश्चासि रामस्य विक्रमेण बलेन च।सहायो दैवतैर्दत्तश्चिराय हरिपुङ्गव।। ,"<verse>
रामतुल्यपराक्रान्त ! दीर्घमायुः प्रपालय ।
अस्माकं देवदत्तोऽसि वरदः सर्वदा भव ॥
</verse>",False
" ""O Lion among kings, receive this payasam prepared by gods, conferring progeny, bestowing affluence and improving health.  ", कालजिह्वाप्रकाशाभिर्यएषोऽतिविराजते ।आवृतोरथशक्तीभिर्विद्युद्भिरिवतोयदः ।। ,"<verse>
क एष कालजिह्वार्द्रः शूलदीप्तिप्रकाशवान् ।
विद्युन्माली महादीप्तो मेघवद्भासते हि यः ॥
</verse>",False
" ""O Lion among kings, receive this payasam prepared by gods, conferring progeny, bestowing affluence and improving health.  ", लोध्रपद्मकषण्डेषु देवदारुवनेषु च।रावणस्सह वैदेह्या मार्गितव्यस्ततस्ततः।। ,"<verse>
लोध्रपद्मकखण्डेषु देवदारुवनेषु च ।
मार्गितव्या च वैदेही रावणस्य गृहेषु च ॥
</verse>",False
" ""O Lion among kings, receive this payasam prepared by gods, conferring progeny, bestowing affluence and improving health.  ", तेषामपि महातेजा रामो रतिकरःपितुः।स्वयम्भूरिव भूतानां बभूव गुणवत्तरः।। ,"<verse>
तेषामपि महातेजा रामो रतिकरः पितुः ।
स्वयम्भूरिव भूतानां बभूव गुणवत्तरः ॥
</verse>",False
" ""O Lion among kings, receive this payasam prepared by gods, conferring progeny, bestowing affluence and improving health.  ", अस्त्रेप्रतिहतेक्रुद्धोरावणोराक्षसाधिपः ।अभ्यवर्षत्तदारामंघोराभिःशरवृष्टिभिः ।। ,"<verse>
प्रतिहतः स रक्षेशः संक्रुद्धो भीमविक्रमः ।
शरवर्षेण घोरेण रामं बाणैरवाकिरत् ॥
</verse>",False
" ""O Lion among kings, receive this payasam prepared by gods, conferring progeny, bestowing affluence and improving health.  ", ममनामत्वयावीरगतस्ययमसादनम् ।।प्रेतकार्याणिकार्याणिविपरीतेहिवर्तसे । ,"<verse>
मया ते वीर कर्तव्यं प्रेतकार्यं परंतप ।
विपरीतं हि संवृत्तं यत्करोमि तवाद्य वै ॥
</verse>",False
" ""O Lion among kings, receive this payasam prepared by gods, conferring progeny, bestowing affluence and improving health.  ", कुलोचितमतिः क्षात्रं धर्मं स्वं बहुमन्यते।मन्यते परया कीर्त्या महत्स्वर्गफलं ततः।। ,"<verse>
कुलोचितममन्यत क्षत्रधर्ममपालयत् ।
कीर्त्या स्वर्गमवाप्यं वै मन्यते स्म स भूपतिः ॥
</verse>",False
" ""O Lion among kings, receive this payasam prepared by gods, conferring progeny, bestowing affluence and improving health.  ", यथोद्दिष्टानि सर्वाणि सुग्रीवेण महात्मना।विचिन्वन्तु वनं सर्वे गिरिदुर्गाणि सर्वशः।। ,"<verse>
सत्यं ब्रूयात् प्रियं ब्रूयात्
न ब्रूयात् सत्यमप्रियम् ।
प्रियं च नानृतं ब्रूयात्
एष धर्मः सनातनः ॥
</verse>",False
" ""O Lion among kings, receive this payasam prepared by gods, conferring progeny, bestowing affluence and improving health.  ", तस्मिन्नाहूयमानेस्त्रेहूयमाने च पावके ।।सार्धंग्रहेन्दुनक्षत्रैर्वितत्रासनभस्थ्सलम् । ,"<verse>
मन्त्रपूते हुतेऽस्त्रे च ससूर्याश्चन्द्रतारकाः ।
खे ग्रहाः सकलाश्चैव भयात्कम्पन्त सर्वशः ॥
</verse>",False
" ""O Lion among kings, receive this payasam prepared by gods, conferring progeny, bestowing affluence and improving health.  ", सदृशं शारदस्येन्दोः पुल्लस्य कमलस्य च।सुगन्धि मम नाथस्य धन्या द्रक्ष्यन्ति तन्मुखम्।। ,"<verse>
धन्यास्ते मानवा लोके प्रेक्षिष्यन्ते सुतस्य मे ।
मुखं पद्मदलाकारं शरच्चन्द्रसमप्रभम् ॥
</verse>",False
" ""O Lion among kings, receive this payasam prepared by gods, conferring progeny, bestowing affluence and improving health.  ", तेन तत्र प्रणादेन दुःखितस्स महीपतिः। चिच्छेद जीविते श्रद्धां धर्मे यशसि चात्मनः।। ,"<verse>
श्रुत्वा तु तुमुलं शब्दं दीनः स दशरथस्तदा ।
मुमोच जीविते श्रद्धां धर्मे च परमात्मनः ॥
</verse>",False
" ""O Lion among kings, receive this payasam prepared by gods, conferring progeny, bestowing affluence and improving health.  ", इत्युक्तः करुणं वाक्यं वानरैस्त्यक्तजीवितैः।सबाष्पो वानरान्गृध्रः प्रत्युवाच महास्वनः।। ,"<verse>
श्रुत्वा दीनमुवाचादौ वानराणां वचस्तदा ।
त्यक्तजीवाशशङ्कानां गृध्रो रोदन् महास्वनः ॥
</verse>",False
" ""O Lion among kings, receive this payasam prepared by gods, conferring progeny, bestowing affluence and improving health.  ", परिघाग्रेणतान् वृक्षान्बभञ्ज च महोदरः ।त्रिशिराश्चाङ्गदंवीरमभिदुद्रावसायकैः ।। ,"<verse>
महोदरो महावृक्षान् परिघैः समभञ्जत ।
त्रिशिराश्चाङ्गदं वीरं शरैः समभिदुद्रुवे ॥
</verse>",False
" ""O Lion among kings, receive this payasam prepared by gods, conferring progeny, bestowing affluence and improving health.  ", पद्मकाश्चैव शोभन्ते नीलाशोकाश्च पुष्पिताः। लोध्राश्च गिरिपृष्ठेषु सिंहकेसरपिञ्जराः।। ,"<verse>
विकसन्ति च पद्मानि नीलाश्चैवाशोकद्रुमाः ।
गिरिप्रस्थेषु लोध्राश्च सिंहकेसरगौरवाः ॥
</verse>",False
" ""O Lion among kings, receive this payasam prepared by gods, conferring progeny, bestowing affluence and improving health.  ", हित्वा धर्मं तथाऽर्थं च कामं यस्तु निषेवते।।स वृक्षाग्रे यथा सुप्तः पतितः प्रतिबुध्यते। ,"<verse>
त्यक्त्वा धर्मं तथार्थं च कामं यः सेवते नरः ।
वृक्षाग्रे सुप्तवत्तस्य पाते बोधो भवेत्तथा ॥
</verse>",False
" ""O Lion among kings, receive this payasam prepared by gods, conferring progeny, bestowing affluence and improving health.  ", सुग्रीवेण समाख्यातास्सर्वे वानरयूथपाः।प्रदेशान्प्रविचिन्वन्ति सशैलवनकाननान्।। ,"<verse>
सुग्रीवेण समादिष्टा कपीनां यूथपास्तदा ।
वनेषु च गिरीणां च मार्गयामासुरञ्जसा ॥
</verse>",False
" ""O Lion among kings, receive this payasam prepared by gods, conferring progeny, bestowing affluence and improving health.  ", ततस्तुचोदितास्तेनराक्षसाज्वलितायुधाः ।लङ्कायानिर्ययुर्वीराःप्रणदन्तःपुनःपुनः ।। ,"<verse>
सञ्चोदितास्तदा तेन नमस्कृत्य प्रयान्ति ते ।
दीप्तायुधधरा वीरा लङ्काया निर्ययुस्तदा ॥
</verse>",False
" ""O Lion among kings, receive this payasam prepared by gods, conferring progeny, bestowing affluence and improving health.  ", सागरप्रतिमौघेनवृतस्तेनबलेनसः ।।प्रहस्तोनिर्ययौक्रुद्धःकालान्तकयमोपमः । ,"<verse>
प्रहस्तः क्रोधताम्राक्षः सैन्यसागरसंवृतः ।
कालान्तकयमाकारो निर्ययौ च रणाजिरम् ॥
</verse>",False
" ""O Lion among kings, receive this payasam prepared by gods, conferring progeny, bestowing affluence and improving health.  ", शोकोपहतचेताश्च वृद्धश्च जगतीपतिः।कामभावावसन्नश्च तस्मादेतद्ब्रवीमि ते।। ,"<verse>
एतद् ब्रवीमि ते राम दुःखितो हि महीपतिः ।
वृद्धश्चैव महाराजः कामस्य वशमागतः ॥
</verse>",False
" ""O Lion among kings, receive this payasam prepared by gods, conferring progeny, bestowing affluence and improving health.  ", स च पावकसङ्काशः कुमारस्समपद्यत।उत्थायाग्निचयात्तस्माच्छरभङ्गो व्यरोचत।। ,"<verse>
ततो वह्नेः समुत्थाय शरभङ्गो युवाभवत् ।
दहन्निव शिखी दीप्तो बभौ परमवर्चसा ॥
</verse>",False
" ""O Lion among kings, receive this payasam prepared by gods, conferring progeny, bestowing affluence and improving health.  ", एषासायमुनारम्यादृश्यतेचित्रकानना ।भरद्वाजाश्रमःश्रीमान्दृश्यतेचैषमैथिलि ।। ,"<verse>
पश्य मैथिलि कान्तारं
यमुनातीरशोभितम् ।
भरद्वाजस्य रम्योऽयं
दृश्यते चाश्रमो महान् ॥
</verse>",False
" ""O Lion among kings, receive this payasam prepared by gods, conferring progeny, bestowing affluence and improving health.  ", विवृद्धःकाञ्चनोवृक्षःफलकालेनिकृत्यते ।न नप्तारंस्वकंन्यायंशप्तुमेवंप्रजापते ।। ,"<verse>
फलोपेतसुवर्णस्य न युक्तं छेदनं विभो ।
प्रणप्तुः शपनं तद्वत् तव देव न युज्यते ॥
</verse>",False
" ""O Lion among kings, receive this payasam prepared by gods, conferring progeny, bestowing affluence and improving health.  ", धन्योऽस्म्यनुगृहीतोऽस्मि यस्य मे मुनिपुङ्गवः। गुणैस्सभ्रातृभार्यस्य वरदः परितुष्यति।। ,"<verse>
धन्योऽस्म्यनुगृहीतोऽस्मि त्वया मुनिवरेण वै ।
प्रसन्ने त्वयि मे भ्राता प्राणश्च वरदायिनि ॥
</verse>",False
" ""O Lion among kings, receive this payasam prepared by gods, conferring progeny, bestowing affluence and improving health.  ", शयानः पुरुषो राम तस्य शैलस्य मूर्धनि।।यत्स्वप्ने लभते वित्तं तत्प्रबुद्धोऽधिगच्छति। ,"<verse>
यद्यत्स्वप्ने धनं पश्येत्तस्मिन्पर्वतमूर्धनि ।
तत्तत्प्राप्नोत्यसन्देहं प्रबुद्धो मनुजेश्वर ॥
</verse>",False
" ""O Lion among kings, receive this payasam prepared by gods, conferring progeny, bestowing affluence and improving health.  ", तृणवद्भाषितं तासां गणयामास जानकी।।गर्जितं च तदा तासां सीतां प्राप्य निरर्थकम्। ,"<verse>
तृणं मत्वा तु तद्वाक्यं राक्षसीनां न शङ्किता ।
भयमुत्पादितं ताभिस्तृणवत्सममन्यत ॥
</verse>",False
" ""O Lion among kings, receive this payasam prepared by gods, conferring progeny, bestowing affluence and improving health.  ", सा तमार्तस्वरं श्रुत्वा तव स्नेहेन मैथिली।गच्छ गच्छेति मामाह रुदन्ती भयविह्वला।। ,"<verse>
तच्छ्रुत्वा करुणं नादं मैथिली भयविह्वला।
त्वत्स्नेहात्सा प्रचोद्य मां गन्तुं तव समीपतः॥
</verse>",False
" ""O Lion among kings, receive this payasam prepared by gods, conferring progeny, bestowing affluence and improving health.  ", शोकोपहतचित्तश्च भयसन्त्रस्तचेतनः।तच्चाऽश्रमपदं गत्वा भूयश्शोकमहं गतः।। ,"<verse>
शोकार्तः भयसन्त्रस्तः आश्रमं समुपागतः ।
तत्र मे कम्पमानस्य दुःखं बहुगुणीकृतम् ॥
</verse>",False
" ""O Lion among kings, receive this payasam prepared by gods, conferring progeny, bestowing affluence and improving health.  ", अनेकशतसाहस्रीं विषण्णां हरिवाहिनीम्।जाम्बवान्समुदीक्ष्यैवं हनूमन्तमथाब्रवीत्।। ,"<verse>
विलोक्य कपिसैन्यानां चिन्तामुद्विग्नचेतसाम् ।
जाम्बवानथ संहृष्टो हनूमन्तमुवाच ह ॥
</verse>",False
" ""O Lion among kings, receive this payasam prepared by gods, conferring progeny, bestowing affluence and improving health.  ", मानुषंकृपणंराममेकंशाखामृगाश्रयम् ।समर्थंमन्यसेकेनत्यक्तंपित्रावनालयम् ।। ,"<verse>
पित्रा त्यक्तं वने दीनमेकाकिनं च मानुषम् ।
कपीनामाश्रयं प्राप्तं समर्थं वदसीह किम् ॥
</verse>",False
" ""O Lion among kings, receive this payasam prepared by gods, conferring progeny, bestowing affluence and improving health.  ", अद्यैवतस्यरौद्रस्यशरीरंमामकाश्शराः ।विधमिष्यन्तिभित्त्वातंमहाचापगुणच्युताः ।। ,"<verse>
अद्य मुक्तान्महाचापाद् भिन्दन्ति क्रूरविग्रहम् ।
मम बाणाः शितास्तीक्ष्णा हनिष्यन्ति हि तं रणे ॥
</verse>",False
" ""O Lion among kings, receive this payasam prepared by gods, conferring progeny, bestowing affluence and improving health.  ", यद्यप्यहमिमां देवीं शोकोपहतचेतनाम्।अनाश्वास्य गमिष्यामि दोषवद्गमनं भवेत्।। ,"<verse>
अनाश्वास्य च वैदेहीं शोकसंविग्नमानसाम् ।
किष्किन्धां यदि गच्छामि सर्वथा निन्दितो भवे ॥
</verse>",False
" ""O Lion among kings, receive this payasam prepared by gods, conferring progeny, bestowing affluence and improving health.  ", सुग्रीवेणैवमुक्तस्तु हनुमान्हरिपुङ्गवः।उवाच स्वेन तर्केण मध्ये वानरमन्त्रिणा।। ,"<verse>
एवं ब्रुवति सुग्रीवे हनूमान् हरियूथपः ।
मन्त्रिणां संनिधौ वाक्यं बभाषे स्वार्थयुक्तितः ॥
</verse>",False
" ""O Lion among kings, receive this payasam prepared by gods, conferring progeny, bestowing affluence and improving health.  ", आह्वये देवगन्धर्वान्विश्वावसुहहाहुहून्।तथैवाप्सरसो देवीर्गन्धर्वीश्चापि सर्वशः।। ,"<verse>
हाहां हूहूं च गन्धर्वान् विश्वावसुं तथैव च।
दिव्याश्चाप्सरसो देवीः सर्वाभ्यो दिग्भ्य आहुये॥
</verse>",False
" ""O Lion among kings, receive this payasam prepared by gods, conferring progeny, bestowing affluence and improving health.  ", अनयोपधयाराजन् भयशोकानुबन्धया ।अकामात्वद्वशंसीतानष्टनाथाभविष्यति ।। ,"<verse>
एवं विरहिता भर्त्रा दीना शोकभयाकुला ।
अकामापि वशं तुभ्यं मैथिली समुपैष्यति ॥
</verse>",False
" ""O Lion among kings, receive this payasam prepared by gods, conferring progeny, bestowing affluence and improving health.  ", कच्चिदर्थं विनिश्चित्य लघुमूलं महोदयम्।क्षिप्रमारभसे कर्तुं न दीर्घयसि राघव।। ,"<verse>
कच्चिदर्थं विनिर्णीतं लघुमूलं महोदयम् ।
क्षिप्रमारभसे कर्तुं न दीर्घयसि राघव ॥
</verse>",False
" ""O Lion among kings, receive this payasam prepared by gods, conferring progeny, bestowing affluence and improving health.  ", देवदानववीराणांवपुर्नैवंविधंभवेत् ।यादृशंराक्षसेन्द्रस्यवपुरेतत्प्रकाशते ।। ,"<verse>
न देवेषु न दैत्येषु तादृशं विद्यते महः ।
स एष सुमहातेजाः सर्वतो दीप्यते भृशम् ॥
</verse>",False
" ""O Lion among kings, receive this payasam prepared by gods, conferring progeny, bestowing affluence and improving health.  ", न रामं गणये वीर्यान्मानुषं क्षीणजीवितम्।आत्मदुश्चरितैः प्राणान्हतोयोऽद्य विमोक्ष्यते।। ,"<verse>
रामो मर्त्यो ह्यल्पजीवी न मे तस्य बलं मतम् ।
स्वपापेनाद्य मर्त्योऽसौ विनश्यति न संशयः ॥
</verse>",False
" ""O Lion among kings, receive this payasam prepared by gods, conferring progeny, bestowing affluence and improving health.  ", अमर्षी दुर्जयो जेता विक्रान्तो बुद्धिमान्बली।रामस्य दक्षिणो बाहुर्नित्यं प्राणो बहिश्चरः।। ,"<verse>
अमर्षी चाप्यजेयश्च विजयी बलवान् मती ।
रामस्य दक्षिणो बाहुः प्राणो बाह्य इवापरः ॥
</verse>",False
" ""O Lion among kings, receive this payasam prepared by gods, conferring progeny, bestowing affluence and improving health.  ", सनिर्यातोमहावीर्योधूम्राक्षोराक्षसैर्वृतः ।प्रहसन्पश्चिमद्वारंहनुमान्यत्रयूथपः ।। ,"<verse>
धूम्राक्षो राक्षसैः सार्धं हसन्निष्पततीश्वरः ।
पश्चिमं द्वारमासाद्य यत्र तिष्ठति मारुतिः ॥
</verse>",False
" ""O Lion among kings, receive this payasam prepared by gods, conferring progeny, bestowing affluence and improving health.  ", तत् त्रिकालहितं वाक्यं धर्म्यमर्थानुबन्धि च।मन्यस्व नरदेवाय जानकी प्रतिदीयताम्।। ,"<verse>
त्रिकालेषु हितं पथ्यं धर्म्यमर्थप्रदं तव ।
तस्माज्जनपतेः पत्नीं सीतां रामाय देहि च ॥
</verse>",False
" ""O Lion among kings, receive this payasam prepared by gods, conferring progeny, bestowing affluence and improving health.  ", शक्रादिष्वपि देवेषु वर्तमानौ नयानयौ।श्रूयेते नरशार्दूल न त्वं शोचितुमर्हसि।। ,"<verse>
श्रूयते हि सुरेशाद्या न्यायेनैव नियन्त्रिताः ।
तस्मात्त्वं मा वृथा शोच नरव्याघ्र समाश्वसि ॥
</verse>",False
" ""O Lion among kings, receive this payasam prepared by gods, conferring progeny, bestowing affluence and improving health.  ", हा कौसल्ये नशिष्यामि हा सुमित्रे तपस्विनि।हा नृशंसे ममामित्रे कैकेयि कुलपांसनि।। ,"<verse>
हा कौसल्ये महाभागे हा सुमित्रे तपस्विनि।
हा कैकेयि कुलघ्न्याख्ये म्रियेऽहं शत्रुचोदितः॥
</verse>",False
" ""O Lion among kings, receive this payasam prepared by gods, conferring progeny, bestowing affluence and improving health.  ", स तुबद्धाञ्जलि: प्रह्वोविनीतोराक्षसेश्वरः ।अब्रवीत्त्वरयोपेतःकिंकरोमीतिराघवम् ।। ,"<verse>
प्रणम्य राघवं भक्त्या रक्षोराजः कृताञ्जलिः ।
द्रुतं गत्वा समाभाष्य किं मया क्रियतामिति ॥
</verse>",False
" ""O Lion among kings, receive this payasam prepared by gods, conferring progeny, bestowing affluence and improving health.  ", उत्तिष्ठ नरशार्दूल हित्वैतद्दारुणं व्रतम्।पुरवर्यामितः क्षिप्रमयोध्यां याहि राघव।। ,"<verse>
त्यजैतं घोरसङ्कल्पं भरतर्षभ राघव ।
उत्तिष्ठ क्षिप्रमद्याशु पुरीं याह्यमरावतीम् ॥
</verse>",False
" ""O Lion among kings, receive this payasam prepared by gods, conferring progeny, bestowing affluence and improving health.  ", चित्रकूटं त्वयि प्राप्ते विमानैरतुलप्रभैः।इतस्ते दिवमारूढा यानहं पर्यचारिषम्।। ,"<verse>
चित्रकूटत्वयास्पृष्टे मया सेवितमानुषाः ।
अतुलप्रभदीप्तैश्च स्वर्गं याता विमानकैः ॥
</verse>",False
" ""O Lion among kings, receive this payasam prepared by gods, conferring progeny, bestowing affluence and improving health.  ", ताभ्यां सह महाराज: पत्नीभ्यां तप्तवांस्तप:।हिमवन्तं समासाद्य भृगुप्रस्रवणे गिरौ।। ,"<verse>
सगरो भार्यया सार्धं हिमवन्तं नगोत्तमम् ।
भृगुप्रस्रवणे शृङ्गे तपस्तेपे सुदुश्चरम् ॥
</verse>",False
" ""O Lion among kings, receive this payasam prepared by gods, conferring progeny, bestowing affluence and improving health.  ", स जीर्णं मानुषं देहं परित्यज्य पिता हि नः।दैवीमृद्धिमनुप्राप्तो ब्रह्मलोकविहारिणीम्।। ,"<verse>
तातो नश्च महाराजः त्यक्त्वा जीर्णं कलेवरम् ।
ब्रह्मलोकविहारश्रियं प्राप्तवान् दिव्यसम्पदम् ॥
</verse>",False
" ""O Lion among kings, receive this payasam prepared by gods, conferring progeny, bestowing affluence and improving health.  ", तां दृष्ट्वा भृशसन्त्रस्ताश्चीरकृष्णाजिनाम्बराम्।।तापसीं नियताहारां ज्वलन्तीमिव तेजसा। ,"<verse>
चीरकृष्णाजिनाम्बरा तापसी दीप्ततेजसा ।
मिताहारा तपोदीप्ता वानराणां भयङ्करी ॥
</verse>",False
" ""O Lion among kings, receive this payasam prepared by gods, conferring progeny, bestowing affluence and improving health.  ", एवमुक्तस्तुरामेणभरद्वाजोमहामुनिः ।।प्रत्युवाचरघुश्रेष्ठंस्मितपूर्वंप्रहृष्टवत् । ,"<verse>
एवमुक्ते तु रामेण मुनिः प्रमुदितोऽभवत् ।
भरद्वाजो विहस्यैवं प्रत्युवाच रघूत्तमम् ॥
</verse>",False
" ""O Lion among kings, receive this payasam prepared by gods, conferring progeny, bestowing affluence and improving health.  ", अस्य देवप्रभावस्य वसतो विजने वने।रक्षसाऽपहृता पत्नी यामिच्छन्ताविहागतौ।। ,"<verse>
देवतुल्यो बलोपेतः वने तस्य हृता प्रिया ।
रक्षसा निर्जने देशे तन्मार्गार्थमिहागतौ ॥
</verse>",False
" ""O Lion among kings, receive this payasam prepared by gods, conferring progeny, bestowing affluence and improving health.  ", दीयतां दीयतामन्नं वासांसि विविधानि च।इति सञ्चोदितास्तत्र तथा चक्रुरनेकश:।। ,"<verse>
देहि भक्तं प्रदेहान्नं वासांसि विविधानि च ।
इत्याहुस्ते प्रबन्द्धारः तथा चक्रुः प्रदायकाः ॥
</verse>",False
" ""O Lion among kings, receive this payasam prepared by gods, conferring progeny, bestowing affluence and improving health.  ", रामो हि भरताद्भूयस्तव शुश्रूषते सदा।विशेषं त्वयि तस्मात्तु भरतस्य न लक्षये।। ,"<verse>
भरतादधिकं रामः सेवते त्वां शुचिव्रते ।
न हेतुं तत्र पश्यामि स्नेहस्य भरते तव ॥
</verse>",False
" ""O Lion among kings, receive this payasam prepared by gods, conferring progeny, bestowing affluence and improving health.  ", ततो रुधिरताम्राक्षो भुजमुद्यम्य दक्षिणम्।अश्रुपूर्णमुखो दीनोऽब्रवीज्जानपदं जनम्।। ,"<verse>
दीनस्ताम्राक्षुपातार्द्रो वीक्षितुं समुपेतकान् ।
उद्यम्य दक्षिणं पाणिं बभाषे ग्रामवासिनः ॥
</verse>",False
" ""O Lion among kings, receive this payasam prepared by gods, conferring progeny, bestowing affluence and improving health.  ", इन्द्रजित्तुतदाक्रुद्धोमहातेजामहाबलः ।वानराणांशरीराणिव्यधमद्रावणात्मजः ।। ,"<verse>
ततः क्रुद्धो महातेजा रावणिः सुमहाबलः ।
जगाम सहसा क्रुद्धो कपीन् हन्तुं प्रचक्रमे ॥
</verse>",False
" ""O Lion among kings, receive this payasam prepared by gods, conferring progeny, bestowing affluence and improving health.  ", एकतोऽभ्यागमन् सर्वे ह्यसुरा राक्षसैस्सह।युद्धमासीन्महाघोरं वीर त्रैलोक्यमोहनम्।। ,"<verse>
एकतस्त्वरिताः सर्वे सराक्षससुरास्तथा ।
त्रिलोकमोहनं घोरं बभूव समरं महत् ॥
</verse>",False
" ""O Lion among kings, receive this payasam prepared by gods, conferring progeny, bestowing affluence and improving health.  ", मम भर्तामहातेजा वयसा पञ्चविंशकः।।अष्टादश हि वर्षाणि मम जन्मनि गण्यते। ,"<verse>
पञ्चविंशतिवर्षाणि मम भर्तुर्महायशः ।
अष्टादश हि वर्षाणि मम जन्मनि गण्यते ॥
</verse>",False
" ""O Lion among kings, receive this payasam prepared by gods, conferring progeny, bestowing affluence and improving health.  ", निकुम्भाग्रजवीर्यंतेबाणवेगवदद्भुतम् ।।सन्नतिश्चप्रभावश्चतववारावणस्यवा । ,"<verse>
निकुम्भाग्रज वीर्यं ते शरवेगश्च चित्रकम् ।
अनुवृत्तिश्च कीर्तिश्च रावणस्येव राजते ॥
</verse>",False
" ""O Lion among kings, receive this payasam prepared by gods, conferring progeny, bestowing affluence and improving health.  ", मन्ये प्रीतिविशिष्टा सा मत्तो लक्ष्मण शारिका।यस्यास्तच्छ्रूयते वाक्यं शुक पादमरेर्दश।। ,"<verse>
मम प्रवासनं श्रुत्वा शुकी प्राह स्म शारिकाम् ।
दश शत्रु-पदं शारि लक्ष्मणैषा ममाधिका ॥
</verse>",False
" ""O Lion among kings, receive this payasam prepared by gods, conferring progeny, bestowing affluence and improving health.  ", आयुधं किञ्च रामस्य निहता येन राक्षसाः।खरश्च निहतस्संख्ये दूषणस्त्रिशिरास्तथा।। ,"<verse>
कैः शस्त्रैर्निहतास्तेन खरदूषणशत्रवः ।
त्रिशिराश्चैव दैत्येन्द्रो केन वीर्येण पातिताः ॥
</verse>",False
" ""O Lion among kings, receive this payasam prepared by gods, conferring progeny, bestowing affluence and improving health.  ", स दर्भं संस्तराद्गृह्य ब्राह्मेणास्त्रेण योजयत्।।स दीप्त इव कालाग्निर्जज्वालाभिमुखो द्विजम्। ,"<verse>
दर्भासनात् तृणं गृह्य ब्राह्ममस्त्रं मयोजिथ ।
दीप्तं कालानलप्रख्यं तं काकं प्रत्यवासृजः ॥
</verse>",False
" ""O Lion among kings, receive this payasam prepared by gods, conferring progeny, bestowing affluence and improving health.  ", पुण्यैश्च नियताहारैः शोभितं परमर्षिभिः।तद्ब्रह्मभवनप्रख्यं ब्रह्मघोषनिनादितम्।। ,"<verse>
ब्रह्मलोकप्रतीकाशाः वेदघोषनिनादिताः ।
मिताहाराश्रिताः पुण्याः महर्षिभिरलङ्कृताः ॥
</verse>",False
" ""O Lion among kings, receive this payasam prepared by gods, conferring progeny, bestowing affluence and improving health.  ", ममभार्याजनस्थानादज्ञानाद्राक्षसाधम ।हृतातेविवशायस्मात्तस्मात्त्वंनासिवीर्यवान् ।। ,"<verse>
रक्षोऽधम मया हीना त्वया मेऽपहृता प्रिया ।
विवशा मोहिता मन्द तस्मात्त्वं न हि वीर्यवान् ॥
</verse>",False
" ""O Lion among kings, receive this payasam prepared by gods, conferring progeny, bestowing affluence and improving health.  ", स तां परिवृतां दीनां निरानन्दां तपस्विनीम्।साकारैर्मधुरैर्वाक्यैर्न्यदर्शयत रावणः।। ,"<verse>
राक्षसीभिर्युतां दीनां शोकार्तां तां तपस्विनीम् ।
रावणो मधुरैर्वाक्यैः स्वमभिप्रायमब्रवीत् ॥
</verse>",False
" ""O Lion among kings, receive this payasam prepared by gods, conferring progeny, bestowing affluence and improving health.  ", स तु वीर्यवतां श्रेष्ठः प्लवतामपि चोत्तमः।जगाम वेगवान् लङ्कां लङ्घयित्वा महोदधिम्।। ,"<verse>
महावीरो हनूमांश्च कपीन्द्रो वेगवान् बली ।
तीर्त्वा सागरमम्भोधिं लङ्कां प्राप स्वतेजसा ॥
</verse>",False
" ""O Lion among kings, receive this payasam prepared by gods, conferring progeny, bestowing affluence and improving health.  ", ददर्श च पतन्नेव विविधद्रुमभूषितम्।।द्वीपं शाखामृगश्रेष्ठो मलयोपवनानि च। ,"<verse>
अन्तरिक्षगतो द्वीपं ददर्श प्लवगोत्तमः।
मलयस्य वनान्यत्र नानावृक्षवृतानि च॥
</verse>",False
" ""O Lion among kings, receive this payasam prepared by gods, conferring progeny, bestowing affluence and improving health.  ", अन्योन्यंप्रममन्थुस्तेविविशुर्नगरंभयात् ।पृष्ठतस्तेतुसम्मूढाःप्रेक्षमाणामुहुर्मुहुः ।। ,"<verse>
भयाद् भूयोऽपि पश्यन्तः प्रविशन्ति स्म तां पुरीम् ।
अन्योन्यं प्रमथ्नन्तो वै भीता लङ्कां प्रवेशिरे ॥
</verse>",False
" ""O Lion among kings, receive this payasam prepared by gods, conferring progeny, bestowing affluence and improving health.  ", शत्रुघ्नश्चतदाराममभिवाद्यसलक्ष्मणम् ।।सीतायाश्चरणौवीरोविनयादभ्यवादयत् । ,"<verse>
शत्रुघ्नो लक्ष्मणश्चैव रामं प्रणेमतुस्तदा ।
ततः सीतां च ते वीरौ पूजयामासतुस्तदा ॥
</verse>",False
" ""O Lion among kings, receive this payasam prepared by gods, conferring progeny, bestowing affluence and improving health.  ", सद्यस्सौम्यं परित्यज्य भिक्षुरूपं स रावणः।स्वं रूपं कालरूपाभं भेजे वैश्रवणानुजः।। ,"<verse>
विहाय सौम्यभिक्षुत्वं भ्राता वैश्रवणस्य च ।
जग्राह कालवद् रूपं क्रूरं रावणराक्षसः ॥
</verse>",False
" ""O Lion among kings, receive this payasam prepared by gods, conferring progeny, bestowing affluence and improving health.  ", उपविष्टावुभौ तौ तु भ्रातरावतितेजसौ।।प्रेषयामासतुर्वीरौ मन्त्रिश्रेष्ठं सुदामनम्।  ,"<verse>
उपविष्टौ तु तौ वीरौ भ्रातरौ दीप्ततेजसौ ।
मन्त्रिश्रेष्ठं सुदामानं दशरथाय प्रहिण्वतौ ॥
</verse>",False
" ""O Lion among kings, receive this payasam prepared by gods, conferring progeny, bestowing affluence and improving health.  ", अब्रवीत्सुमहातेजा ब्रह्मा सुरुचिरं वच:।ऋषिस्त्वमसि भद्रं ते स्वार्जितै: कर्मभिश्शुभै:।। ,"<verse>
तमुवाच ततो ब्रह्मा स्वयंभूरमितद्युतिः ।
ऋषिरित्येव जानीहि स्वस्ति तेऽस्तु शुभं तव ॥
</verse>",False
" ""O Lion among kings, receive this payasam prepared by gods, conferring progeny, bestowing affluence and improving health.  ", राज्यभ्रष्टेन दीनेन तापसेन गतायुषा।किं करिष्यसि रामेण मानुषेणाल्पतेजसा।। ,"<verse>
राज्यभ्रष्टेन दीनेन तापसेन गतायुषा।
निस्तेजसा च रामेण मर्त्येनाद्य किमर्थता॥
</verse>",False
" ""O Lion among kings, receive this payasam prepared by gods, conferring progeny, bestowing affluence and improving health.  ", यथाऽहं तस्य वीरस्य वनादुपधिना हृता।रक्षसा तद्भयादेव तथा नार्हति राघवः।। ,"<verse>
न मां चौर्येण नयेद् धीमान् यथा रावणोऽहरत्।
वीर्येण तु ममोद्धारो युक्तो रामस्य नान्यथा॥
</verse>",False
" ""O Lion among kings, receive this payasam prepared by gods, conferring progeny, bestowing affluence and improving health.  ", छिन्ना भिन्ना विभक्ता वा दीप्तेवाग्नौ प्रदीपिता।रावणं नोपतिष्ठेयं किं प्रलापेन वश्चिरम्।। ,"<verse>
छिन्ना भिन्ना विभीता वा दीप्ते वाग्नौ प्रदीपिता ।
रावणं नोपतिष्ठेयं किं वृथा वः प्रजल्पनैः ॥
</verse>",False
" ""O Lion among kings, receive this payasam prepared by gods, conferring progeny, bestowing affluence and improving health.  ", इच्छामि सरितश्शैलान्पल्वलानि वनानि च।द्रष्टुं सर्वत्र निर्भीता त्वया नाथेन धीमता।। ,"<verse>
त्वया सह चरिष्यामि वनेषु ह्यविशङ्किता ।
नदीः शैलान् सरांस्यापि द्रष्टुमिच्छामि सर्वतः ॥
</verse>",False
" ""O Lion among kings, receive this payasam prepared by gods, conferring progeny, bestowing affluence and improving health.  ", दिव्याभरणमाल्याभिर्दिव्यरूपाभिरावृतम्।क्रीडारतिविधिज्ञाभिरप्सरोभिस्सहस्रशः।। ,"<verse>
दिव्यमाल्यधरास्तत्र दिव्याभरणभूषिताः ।
क्रीडोत्सुकाः समायुक्ता दिव्याप्सरःसहस्रकैः ॥
</verse>",False
" ""O Lion among kings, receive this payasam prepared by gods, conferring progeny, bestowing affluence and improving health.  ", कुष्ठस्थगरपुन्नाग भूर्जपत्रोत्तरच्छदान्।कामिनां स्वास्तरान्पश्य कुशेशयदलायुतान्।। ,"<verse>
कुष्ठस्थगरपुन्नागभूर्जपत्रसुसंस्कृतान् ।
पश्य पद्मदलैः कीर्णान् शय्यान् प्रेयसि कामिनाम् ॥
</verse>",False
" ""O Lion among kings, receive this payasam prepared by gods, conferring progeny, bestowing affluence and improving health.  ", कृत्वा मूर्ध्नि पदन्यासं रावणस्य दुरात्मनः।त्वां द्रष्टुमुपयातोऽहं समाश्रित्य पराक्रमम्।। ,"<verse>
पदं दत्त्वा शिरे क्रूरे रावणस्य दुरात्मनः ।
वीर्येणागत्य संप्राप्तस्त्वां द्रष्टुमहमध्ये वै ॥
</verse>",False
" ""O Lion among kings, receive this payasam prepared by gods, conferring progeny, bestowing affluence and improving health.  ", तत्र तत्र च दृश्यन्ते सङ्क्षिप्ताः काष्ठसञ्चयाः।।लूनाश्च पथि दृश्यन्ते दर्भा वैडूर्यवर्चसः। ,"<verse>
इतस्ततः प्रकीर्णानि पथि काष्ठानि कानिचित् ।
वैदूर्यसदृशा दर्भा दृश्यन्ते पथि सर्वतः ॥
</verse>",False
" ""O Lion among kings, receive this payasam prepared by gods, conferring progeny, bestowing affluence and improving health.  ", मां च दृष्ट्वा वने तस्मिन् समागम्य ततस्ततः।ता स्समभ्यागताः क्षिप्रं रावणायाचचक्षिरे।। ,"<verse>
ज्ञानं दीपः परं लोके अज्ञानतिमिरापहम् ।
शास्त्रबोधेन लभ्येत तस्माद् ज्ञानं समाचरेत् ॥
</verse>",False
" ""O Lion among kings, receive this payasam prepared by gods, conferring progeny, bestowing affluence and improving health.  ", गोलाङ्गूलेश्वरंचैववालिपुत्रमथाङ्गदम् ।।विव्याधबहुभिर्बाणैस्त्वरमाणोऽथरावणिः । ,"<verse>
तत इन्द्रजितो बाणैर्गोलाङ्गूलपतिं तथा ।
वालिपुत्रं च बाणौघैरङ्गदं समवाकिरत् ॥
</verse>",False
" ""O Lion among kings, receive this payasam prepared by gods, conferring progeny, bestowing affluence and improving health.  ", अमृतोत्पादने दैत्यान् घ्नतो वज्रधरस्य यत्।अदितिर्मङ्गलं प्रादात्तत्ते भवतु मङ्गलम्।। ,"<verse>
यन्मङ्गलं सहस्राक्षे
दैत्यनाशेऽमृतोद्भवे ।
आदितिर्विदधे देवं
तन्मङ्गलमथस्तु ते ॥
</verse>",False
" ""O Lion among kings, receive this payasam prepared by gods, conferring progeny, bestowing affluence and improving health.  ", मया महाबलेश्चैव यज्ञे विष्णुस्सनातनः।प्रदक्षिणीकृतः पूर्वं क्रममाणस्त्रिविक्रमम्।। ,"<verse>
पुरा बलिमुखे यज्ञे महावीर्योऽभवं तदा ।
त्रिविक्रमं हरिं भक्त्या त्रिःप्रदक्षिणमव्ययम् ॥
</verse>",False
" ""O Lion among kings, receive this payasam prepared by gods, conferring progeny, bestowing affluence and improving health.  ", निवृत्तवनवासं तमयोध्यां पुनरागतम्।द्रक्ष्यन्ति सुखिनो रामं शुक्रं मार्गगतं यथा।। ,"<verse>
द्रक्ष्यन्ति मुदिता रामं जनाः प्रत्यागतं पुरीम् ।
वनान्तादुपवृत्तं तं भार्गवं स्वपथे यथा ॥
</verse>",False
" ""O Lion among kings, receive this payasam prepared by gods, conferring progeny, bestowing affluence and improving health.  ", सर्वक्षपितकोशं च स त्वमभ्यवपद्यमाम् ।त्रायस्वेमांपुरींलङ्कांबालवृद्धावशेषिताम् ।। ,"<verse>
मम कोशाः प्रहीणाश्च बालवृद्धाश्च केवलाः ।
लङ्कापुर्यां स्थिताः सन्ति त्वं हि त्रातेति चिन्तया ॥
</verse>",False
" ""O Lion among kings, receive this payasam prepared by gods, conferring progeny, bestowing affluence and improving health.  ", स तथा पातितस्तेन कपिना पर्वतोत्तमः।।बुद्ध्वा तस्य कपेर्वेगं जहर्ष च ननन्द च। ,"<verse>
वानरवेगसंपातात् हर्षसंवीतमानसः ।
ततः स सुमहाशैलः ननाद च प्रहर्षितः ॥
</verse>",False
" ""O Lion among kings, receive this payasam prepared by gods, conferring progeny, bestowing affluence and improving health.  ", इत्युक्तः परुषं वाक्यं सीतया रोमहर्षणम्।।अब्रवील्लक्ष्मणस्सीतां प्राञ्जलिर्विजितेन्द्रियः। ,"<verse>
श्रुत्वा तु परुषं वाक्यं सीताया रोमहर्षणम् ।
प्रत्युवाच स धर्मात्मा लक्ष्मणः प्राञ्जलिस्तदा ॥
</verse>",False
" ""O Lion among kings, receive this payasam prepared by gods, conferring progeny, bestowing affluence and improving health.  ", राघवाय च सन्यासं दत्त्वेमे वरपादुके।राज्यं चेदमयोध्यां च धूतपापो भवामि च।। ,"<verse>
न्यासमुत्सृज्य राज्यं च पादुकं च पुरीमिमाम्।
तव पादप्रसादेन पापान्मुक्तो भवाम्यहम्॥
</verse>",False
" ""O Lion among kings, receive this payasam prepared by gods, conferring progeny, bestowing affluence and improving health.  ", तस्य प्रादुरभूच्चिन्ता पुनरन्या मनस्विनः।।निश्चितैकान्तचित्तस्य कार्यनिश्चयदर्शिनी। ,"<verse>
बुद्धिमान् स हनुमांश्च चिन्तयामास कार्यवित् ।
निश्चिता मे मतिर्ह्येषा कर्तव्येऽस्मिन् भविष्यति ॥
</verse>",False
" ""O Lion among kings, receive this payasam prepared by gods, conferring progeny, bestowing affluence and improving health.  ", पाण्डरैस्सलिलोत्पीडै: कीर्यमाणैस्सहस्रधा।।शारदाभ्रैरिवाकीर्णं गगनं हंससम्प्लवै:। ,"<verse>
विकीर्णास्तोयफेनास्ते सहस्रधा नभस्तले ।
भान्ति शरद्घनाकीर्णाः हंसमाला इवामलाः ॥
</verse>",False
" ""O Lion among kings, receive this payasam prepared by gods, conferring progeny, bestowing affluence and improving health.  ", अथोवाच पुनर्वाक्यं विराधः पूरयन्वनम्।पृच्छतो मम हि ब्रूतं कौ युवां क्व गमिष्यथः।। ,"<verse>
विरादस्तमुवाचेदं वनं शब्देन पूरयन् ।
मत्कथां त्यज्य कौ ब्रूत क्व याथो गन्तुमिच्छतः ॥
</verse>",False
" ""O Lion among kings, receive this payasam prepared by gods, conferring progeny, bestowing affluence and improving health.  ", ततस्तारा पतिं दृष्ट्वा शिबिकातलशायिन।।आरोप्याङ्के शिरस्तस्य विललाप सुदुःखिता। ,"<verse>
शिबिकास्थं पतिं दृष्ट्वा तारा शोकपरीवृता ।
निधाय वालिनः शीर्षमुत्सङ्गे सा रुरोद ह ॥
</verse>",False
" ""O Lion among kings, receive this payasam prepared by gods, conferring progeny, bestowing affluence and improving health.  ", वराहेण दशग्रीवश्शिंशुमारेण चेन्द्रजित्।।उष्ट्रेण कुम्भकर्णश्च प्रयाता दक्षिणां दिशम्। ,"<verse>
दशग्रीवो वराहेण नक्रेणेन्द्रजिदेव च।
उष्ट्रेण कुम्भकर्णश्च याता दक्षिणतो दिशम्॥
</verse>",False
" ""O Lion among kings, receive this payasam prepared by gods, conferring progeny, bestowing affluence and improving health.  ", दह्यमाने च लाङ्गूले चिन्तयामास वानरः।।प्रदीप्तोऽग्निरयं कस्मान्न मां दहति सर्वतः। ,"<verse>
दह्यमाने च लाङ्गूले चिन्तयामास वानरः ।
न दहत्येष मां कस्मात् परितो ज्वलितोऽनलः ॥
</verse>",False
" ""O Lion among kings, receive this payasam prepared by gods, conferring progeny, bestowing affluence and improving health.  ", असंशयं हरिश्रेष्ठ क्षिप्रं मां प्राप्स्यते पतिः।अन्तरात्मा च मे शुद्धस्तस्मिंश्च बहवो गुणाः।। ,"<verse>
ध्रुवं प्राप्स्यति मद्नाथो
देशमस्मिन् कपीश्वर ।
मम शुद्धं मनः प्राह
रामं सद्गुणवारिधिम् ॥
</verse>",False
" ""O Lion among kings, receive this payasam prepared by gods, conferring progeny, bestowing affluence and improving health.  ", यथान्यः पुरुषः कश्चित्पलाशैर्मोहितो भवेत्।एवं ममाऽप्यविज्ञातं शब्दवेध्यमयं फलम्।। ,"<verse>
यथा कश्चित्पलाशैस्तु मोहात्पुष्पैरिवोन्मदः ।
शब्दवेध्यमया विद्धं न ज्ञातं कर्मणः फलम् ॥
</verse>",False
" ""O Lion among kings, receive this payasam prepared by gods, conferring progeny, bestowing affluence and improving health.  ", आहूयसोङ्गदंकोपात्ताडयामासवेगितः ।गदयाकम्पनःपूर्वं स चचालभृशाहतः ।। ,"<verse>
आसाद्य कम्पना वीरमङ्गदं युद्धदुर्मदम् ।
चिक्षेप सहसा क्रुद्धो गदां तस्मै महाबलः ॥
तया प्रहारदीर्णोऽङ्गः स चचाल रणाजिरे ।
</verse>",False
" ""O Lion among kings, receive this payasam prepared by gods, conferring progeny, bestowing affluence and improving health.  ", स च देवर्षिभिर्दिष्टः पिता मम महाकपिः।तीर्थे नदीपतेः पुण्ये शम्बसादनमुद्धरत्।। ,"<verse>
देवर्षिभिः पिता मेऽसौ केसरीति प्रकीर्तितः ।
यः शम्बसादनं हत्वा तीरेऽरक्षन्महीं शुभाम् ॥
</verse>",False
" ""O Lion among kings, receive this payasam prepared by gods, conferring progeny, bestowing affluence and improving health.  ", पूर्वं कृतयुगे राम दिते: पुत्रा महाबला:।अदितेश्च महाभाग वीर्यवन्तस्सुधार्मिका:।। ,"<verse>
कृतयुगे प्रभो राम दैत्या आसन् महाबलाः ।
आदित्याश्च महावीर्या धर्मिष्ठाश्च बभूविरे ॥
</verse>",False
" ""O Lion among kings, receive this payasam prepared by gods, conferring progeny, bestowing affluence and improving health.  ", आर्तोवायदिवादृप्तःपरेषांशरणांगतः ।अरिःप्राणान्परित्यज्यरक्षितव्यःकृतात्मना ।। ,"<verse>
शत्रुणा पीडितो वाऽपि गर्वी वा शरणं गतः ।
रक्षणीयः स्वप्राणैः शत्रुरप्यथवा परः ॥
</verse>",False
" ""O Lion among kings, receive this payasam prepared by gods, conferring progeny, bestowing affluence and improving health.  ", ते त्वामभिगमिष्यन्ति राक्षसं ये सबान्धवम्।निहत्य रावणं सख्ये ह्यानयिष्यन्ति मैथिलीम्।। ,"<verse>
हन्तुं रावणसंग्रामे सबान्धवमरीन् रणे ।
आनेतुं मैथिलीं देवीं आगमिष्यन्ति वानराः ॥
</verse>",False
" ""O Lion among kings, receive this payasam prepared by gods, conferring progeny, bestowing affluence and improving health.  ", न त्वंकामंसमाधेयाभर्तृशुश्रूषणंप्रति ।अवश्यंतुमयावाच्यमेषतेदैवतंपरम् ।। ,"<verse>
न वक्तव्या पतिसेवा तथाप्युपदिशामि ते ।
एष रामः परो देवो भर्त्ता च तव सर्वदा ॥
</verse>",False
" ""O Lion among kings, receive this payasam prepared by gods, conferring progeny, bestowing affluence and improving health.  ", सर्वथा निश्चितार्थोऽयं हनूमति हरीश्वरः।निश्चितार्थकरश्चापि हनूमान्कार्यसाधने।। ,"<verse>
सुग्रीवस्य हरीशस्य विश्वासोऽस्ति हनूमति ।
सर्वथा कपिराजोऽयं कार्यसिद्धिं करिष्यति ॥
</verse>",False
" ""O Lion among kings, receive this payasam prepared by gods, conferring progeny, bestowing affluence and improving health.  ", एतस्मिन्नन्तरे विष्णुरुपयातो महाद्युति:।शङ्खचक्रगदापाणि: पीतवासा जगत्पति:।।  ,"<verse>
एतस्मिन्नन्तरे विष्णुर्जगन्नाथो महाद्युतिः ।
शङ्खचक्रगदापाणिः पीताम्बरधरोऽगमत् ॥
</verse>",False
" ""O Lion among kings, receive this payasam prepared by gods, conferring progeny, bestowing affluence and improving health.  ", यत्तुवीर्यबलोत्साहैस्तोषितोऽहंरणेत्वया ।राममेवैकमिच्छामिहन्तुंयस्मिन् हतेहतम् ।। ,"<verse>
तोषिताऽस्मि रणे वीर शौर्येण बल-तेजसा ।
किन्तु राममहं हन्तुमिच्छामि रण-मूर्धनि ॥
</verse>",False
" ""O Lion among kings, receive this payasam prepared by gods, conferring progeny, bestowing affluence and improving health.  ", कथं तापसयोर्वां च वासः प्रमदया सह।अधर्मचारिणौ पापौ कौ युवां मुनिदूषकौ।। ,"<verse>
कथं तापसवेषेण चरथः प्रमदासहा ।
अधर्मचारिणौ पापौ तापसदूषकावुभौ ॥
</verse>",False
" ""O Lion among kings, receive this payasam prepared by gods, conferring progeny, bestowing affluence and improving health.  ", लाङ्गूलं च समाविद्धं प्लवमानस्य शोभते।।अम्बरे वायुपुत्रस्य शक्रध्वज इवोच्छ्रितम्। ,"<verse>
पुच्छं प्रकम्पितं तस्य
गगनस्थस्य शोभते ।
महेन्द्रकेतुवद् भाति
मारुतेः पततो दिवि ॥
</verse>",False
" ""O Lion among kings, receive this payasam prepared by gods, conferring progeny, bestowing affluence and improving health.  ", काममेवं विधो लोकः कालेन विनियुज्यते।क्षमं चेद्भवता प्राप्तमुत्तरं साधु चिन्त्यता।। ,"<verse>
काले प्राप्ते नरा लोके मृत्युं गच्छन्ति सर्वथा।
तिरोभूय मया सार्धं प्राप्तं त्वया तदर्हति॥

किमेतदुचितं तेह विचार्य प्रतिवच्यताम्।
</verse>",False
" ""O Lion among kings, receive this payasam prepared by gods, conferring progeny, bestowing affluence and improving health.  ", अतः परमतीरोऽयं सागर स्सरितां पतिः ।न चायमनुपायेन शक्यस्तरितुमर्णवः ।।  ,"<verse>
नदीपतिः समुद्रोऽयं पारं चास्य सुदूरतः ।
उपायं न विना कश्चित् तर्तुं शक्यो जलाश्रयः ॥
</verse>",False
" ""O Lion among kings, receive this payasam prepared by gods, conferring progeny, bestowing affluence and improving health.  ", निहतस्य मया सङ्ख्ये शरसंकृत्तमर्मणः।सफेनं रुधिरं रक्तं मेदिनी कस्य पास्यति।। ,"<verse>
मर्मसु प्रहृतस्याजौ मच्छरैः शोणितं बहु ।
कस्य रक्तं पिबेद् देवी सफेनमरुणं रणे ॥
</verse>",False
" ""O Lion among kings, receive this payasam prepared by gods, conferring progeny, bestowing affluence and improving health.  ", सतत्राग्निंसमास्तीर्यशरपत्रैस्सतोमरैः ।।छागस्यकृष्णवर्णस्यगळंजग्राहजीवतः । ,"<verse>
तत्र स प्राक्षिपद्वह्नौ शल्यान् पर्णानिवाशरान्।
कण्ठेगृहीतकृष्णाङ्गं सजीवं छागमादधत्॥
</verse>",False
" ""O Lion among kings, receive this payasam prepared by gods, conferring progeny, bestowing affluence and improving health.  ", ताराणामिव सुव्यक्तं महतीनां शुभार्चिषाम्।प्रभावर्णप्रसादाश्च विरेजुस्तत्र योषिताम्।। ,"<verse>
दीप्तानां शुभभासां च ताराणां च विभा यथा ।
तथा तत्र वराङ्गानां दीप्तिः सा च विभा बभौ ॥
</verse>",False
" ""O Lion among kings, receive this payasam prepared by gods, conferring progeny, bestowing affluence and improving health.  ", अथ काले गते तस्मिन् षष्ठेऽहनि समागते।सौमित्रिमब्रवीद्रामो यत्तो भव समाहित:।। ,"<verse>
गते काले गते षष्ठे दिने रामोऽब्रवीच्छुचिम् ।
अप्रमत्तेन वर्तव्यं सौमित्रे सावधानतः ॥
</verse>",False
" ""O Lion among kings, receive this payasam prepared by gods, conferring progeny, bestowing affluence and improving health.  ", इहाद्य रजनीं राम वसेम शुभदर्शन।पुण्ययोस्सरितोर्मध्ये श्वस्तरिष्यामहे वयम्।। ,"<verse>
अस्यां रात्र्यां वसिष्यामः शुभायां जाह्नवीतटे ।
प्रतरामो नदीं श्वो वै गङ्गां पुण्यजलां वयम् ॥
</verse>",False
" ""O Lion among kings, receive this payasam prepared by gods, conferring progeny, bestowing affluence and improving health.  ", इदं तु नृपशार्दूल पायसं देवनिर्मितम्।प्रजाकरं गृहाण त्वं धन्यमारोग्यवर्धनम्।। ,"<verse>
गृहाण नृपशार्दूल देवसिद्धं च पायसम् ।
प्रजाकरं सुभाग्याढ्यं स्वास्थ्यवर्धनमुत्तमम् ॥
</verse>",False
