translation,ground_truth,generated,is_flawed
" Vanaras went adoring the Ankola, Karanja, Plaksa, Nyagrodha, Jambu,Amla and neepa trees. ", अङ्कोलांश्च करञ्चांश्च प्लक्षन्यग्रोधतिन्दुकान् । जम्बुकामलकान्नापान्भजन्ति स्म प्लवङ्गमाः ।।  ,"<verse>
अङ्कोलप्लक्षजम्बूश्च न्यग्रोधं च करञ्जकम् ।
नीपमामलकं चैव स्तुवन्तो वानरा ययुः ॥
</verse>",False
" Rama, the best among men and true to his promise, rose and touched the auspicious feet of all his mothers in reverence. ", तासां रामस्समुत्थाय जग्राह चरणान् शुभान्।मात्रूणां मनुजव्याघ्रस्सर्वासां सत्यसङ्गरः।। ,"<verse>
सत्यसन्धो नरश्रेष्ठ उत्थाय रघुनन्दनः ।
सर्वासामेव मातॄणां शुभौ पादाववन्दत ॥
</verse>",False
" Having lost all their relations, the demonesses, who were causing fear to others,will move away with faces full of tears.  ", अद्य विप्रसरिष्यन्ति राक्षस्यो हतबान्धवाः।बाष्पार्द्रवदना दीना भयादन्यभयावहाः।। ,"<verse>
जनयन्त्यः परां भीतिं राक्षस्यो हतबान्धवाः।
बाष्पपूर्णमुखा दीना यास्यन्ति च दिशो दश॥
</verse>",False
 I could not even perform the last rites of that magnanimous one who died of grief on account of me. What use is my life with an unlucky birth? , किं नु तस्य मया कार्यं दुर्जातेन महात्मनः।यो मृतो मम शोकेन मया चापि न संस्कृतः।। ,"<verse>
मन्निमित्तेन शोकार्तो यः प्रेतोऽभून्महामतिः ।
संस्कारोऽपि न मेऽकारि किं मे दुर्जन्मनाऽऽयुषा ॥
</verse>",False
" Heroic Hanuman felt happy when he saw Sita. He offered salutations to Rama and Lakshmana at heart and covered himself with the leaves of the Simsupa tree and waited.     Thus ends the seventeenth sarga of Sundarakanda of the holy Ramayana, the first epic composed by sage Valmiki. ", नमस्कृत्वा च रामाय लक्ष्मणाय च वीर्यवान्।सीतादर्शनसंहृष्टो हनुमान् संवृतोऽभवत्।। ,"<verse>
दृष्ट्वा सीतां महावीरो नत्वा रामं सलक्ष्मणम् ।
शिंशपापत्रसंवीतो हृष्टात्मा तत्र तस्थिवान् ॥
</verse>",False
 The brilliant host of monkeys experienced both fear and joy to see the cave difficult to enter. , संञ्जातपरिशङ्कास्ते तद्बिलं प्लवगोत्तमाः।।अभ्यपद्यन्त संहृष्टास्तेजोवन्तो महाबलाः। ,"<verse>
दुष्प्रवेशां गुहां दृष्ट्वा भयं हर्षमवाप तत् ।
हरीणां प्रवरं यूथं दीप्ततेजःसमन्वितम् ॥
</verse>",False
" The wise bull among monkeys, jumped down from the tree and started growing in size in order to instil confidence in Sita. ", स तस्मात्पादपाद्धीमानाप्लुत्य प्लवगर्षभः।ततो वर्धितुमारेभे सीताप्रत्ययकारणात्।। ,"<verse>
पादपादवपत्याथ धीमान् स कपिपुङ्गवः ।
प्रत्ययार्थं तु वैदेह्याः शरीरमुपबृंहयत् ॥
</verse>",False
" ""O King of Bears! King of Golangulas! Difficult action has been done by you and others in war. I am pleased with Hanumanthas action."" ", कृतंहनुमताकार्यंयदन्यैर्दुष्करंरणे ।ऋक्षराजेनतुष्यामिगोलाङ्गूलाधिपेनच ।। ," (L) 6: तेः (G) 7: कृ (H) 8: तम् (G)
    Where is ""pleased""? Missing!

    Option F:
    Can we do:
    Pada 3: `भवद्भिर्दुष्करं युद्धे` -> 5th is rdu (G) -> Violates 5=Laghu.

    Option G:
    `युधि वो दुष्करं कर्म` -> 7th is ka (Hrasva) -> Violates 7=Deergha.
    What about: `युधि वो दुष्करं कार्यं`
    1: यु (L)
    2: धि (L)
    3: वो (G)
    4: दुष् (G)
    5: क (L) -> 5th LAGHU
    6: रं (G) -> 6th GURU
    7: का (D) -> 7th DEERGHA (vowel 'ā')
    8: र्यं (G)
    Meaning: ""In war, a difficult action [was done] by you [and others]!""

    Option H:
    `युधि वो दुष्करं चान्यैः`
    1: यु (L) - yu
    2: धि (L) - dhi
    3: वो (G) - vo
    4: दुष् (G) - duṣ
    5: क (L) - ka (5th LAGHU)
    6: रं (G) - raṃ (6th GURU)
    7: चा (D) - cā (7th DEERGHA)
    8: न्यैः (G) - nyaiḥ
    Meaning: ""In war, difficult [action has been done] by you and by others.""
    This translates: ""Difficult action has been done by you and others in war"" completely and accurately!

    Pada 4:
    `प्रीतो हनूमतोऽस्मि च`
    1: प्री (prī - G)
    2: तो (to - G)
    3: ह (ha - L)
    4: नू (nū - G)
    5: म (ma - L) -> 5th LAGHU
    6: तो (to - G) -> 6th GURU
    7: स्मि (smi - H) -> 7th HRASVA (vowel 'i')
    8: च (ca - L)
    Meaning: ""And I am pleased with Hanūmat's [action]!""

    Let's check if there's any sandhi issue:
    `प्रीतो हनूमतोऽस्मि च`
    प्रीतः + हनूमतः -> प्रीतो हनूमतः (visarga becomes 'o' before voiced consonant 'h').
    हनूमतः +",False
" O descendnt of the Raghus that Anshuman became a very great monarch. He had a great son, Dilipa who became famous. ", स राजा सुमहानासीदंशुमान् रघुनन्दन ।तस्य पुत्रो महानासीद्दिलीप इति विश्रुत:।। ,"<verse>
अंशुमांस्तु महीपाल सुमहानभवत् पुरा।
तस्य पुत्रो महानासीद् दिलीपो नाम विश्रुतः॥
</verse>",False
  Then the father made him and his wife climb a carriage with the clothes they had at the time on them and at once ordered his servants to banish him for life.  , तं यानं शीघ्रमारोप्य सभार्यं सपरिच्छदम्।यावज्जीवं विवास्योऽयमिति स्वानन्वशात्पिता।। ,"<verse>
सभार्यं तं समारोप्य यथावस्त्रं रथे पिता ।
यावज्जीवं विवासार्थं सद्यो भृत्यान् समादिशत् ॥
</verse>",False
" Yu most understand that if I die at the very sight of Rama, you along with your relatives will perish with the abduction of Sita. ", दर्शनादेव रामस्य हतं मामवधारय।आत्मानं च हतं विद्धि हृत्वा सीतां सबान्धवम्।। ,"<verse>
मां चेत् पश्यति वै रामः संवृत्तं चापि जीवितम्।
सीताहरणहेतोस्त्वं सगणश्च विनङ्क्ष्यसि॥
</verse>",False
" Pondering over the death of his asura son, Ravana was overtaken by fury, and reviwed thinking about the destruction of Vaidehi. ", स पुत्रवधसन्तप्तश्शूरःक्रोधवशंगतः ।।समीक्ष्यरावणोबुद्ध्यावैदेह्यारोचयद्वधम् । ,"<verse>
स पुत्रवधसंतप्तः शूरः क्रोधवशं गतः।
समीक्ष्य रावणो बुद्ध्या वैदेह्या रोचयद् वधम्॥
</verse>",False
" Vayu, the windgod, begot a son named Hanuman, mighty and graceful, having a body as hard as a diamond and speed equal to Garudas. ", मारुतस्यात्मजश्श्रीमान्हनुमान्नाम वीर्यवान् ।वज्रसंहननोपेतो वैनतेयसमो जवे।। ,"<verse>
मारुतो जनयामास हनुमन्तं महाबलम् ।
वज्राङ्गं कान्तिसंयुक्तं गरुडस्य समं जवे ॥
</verse>",False
" Having siad so, Rama took his bow, fixed the sharp arrow, and aimed at the vulture. The seabound earth trembled. ", इत्युक्त्वाभ्यपतद्गृध्रं सन्धाय धनुषि क्षुरम्।क्रुद्धो रामस्समुद्रान्तां कम्पयन्निव मेदिनीम्।। ,"<verse>
इत्युक्त्वा संदधे रामस्तीक्ष्णं गृध्राय सायकम् ।
सागरावेष्टिता चापि चकम्पे च वसुंधरा ॥
</verse>",False
 Yet another lotuseyed lady slept embracing a lute as if a lovelorn woman lay clasping her lover. , काचिद्वंशं परिष्वज्य सुप्ता कमललोचना।रहः प्रियतमं गृह्य सकामेव च कामिनी।। ,"<verse>
अन्या कमलपत्राक्षी प्रसुप्ता वीणया सह ।
कामिनीव प्रियं कान्तमुपगूह्य समुत्सुका ॥
</verse>",False
" Further the sons of Sunda and Upasunda by name Maricha and Subahu are causing obstacles to your sacrifice. They resemble the god of death, Yama. I shall never part with my son.  ", अथ कालोपमौ युध्दे सुतौ सुन्दोपसुन्दयो:।।यज्ञविघ्नकरौ तौ ते नैव दास्यामि पुत्रकम्। ,"<verse>
सुन्दोपसुन्दयोः सूनू तौ मारीचसुबाहुकौ ।
यज्ञघ्नौ यमसङ्काशौ पुत्रं नैव त्यजाम्यहम् ॥
</verse>",False
" Althoug what you have said appears to be salutary, it is actually unwholesome. It appears to be beneficial but is really detrimental.  ", भवान्मे प्रियकामार्थं वचनं यदिहोक्तवान्।अकार्यं कार्यसङ्काशमपथ्यं पथ्यसम्मतम्।। ,"<verse>
यत्त्वयोक्तं हितं भाति तदपथ्यं हि केवलम्।
कल्याणमिव यद् भाति तदनर्थाय कल्पते॥
</verse>",False
 It was a veritable heaven with the plain land flooded with the backwaters of the sea and gentle breeze blowing. , तं समं सर्वतस्निग्धं मृदुसंस्पर्शमारुतम्।अनूपं सिन्धुराजस्य ददर्श त्रिदिवोपमम्।। ,"<verse>
समुद्राम्बुप्लुता तत्र समभूमिः सुशोभना ।
मन्दमारुतसंयुक्ता स्वर्गलोक इवाबभौ ॥
</verse>",False
" Therafter, the son of Sumitra Lakshmana himself fetched darbha grass and quickly prepared an auspicious and comfortable bed for Rama.  ", सौमित्रिस्तु ततः पश्चादकरोत्स्वास्तरं शुभम्।स्वयमानीय बर्हींषि क्षिप्रं राघवकारणात्।। ,"<verse>
ततः सौमित्रिराहृत्य दर्भान् स्वयं मुदान्वितः ।
रामाय सुखदां शय्यां क्षिप्रं चक्रे शुभां तदा ॥
</verse>",False
" Rama, approached his father with folded palms and bowed low near him, pronounced his own name and touched his fathers feet with reverence. ", स प्राञ्जलिरभिप्रेत्य प्रणतः पितुरन्तिके।।नाम स्वं श्रावयन्रामो ववन्दे चरणौ पितुः। ,"<verse>
स रामः पितुरभ्याशं गत्वा प्रह्वः कृताञ्जलिः ।
नाम संश्राव्य रामेति ववन्दे चरणौ पितुः ॥
</verse>",False
" When Parasurama departed, Rama, son of Dasaratha with a serene mind gave the bow along with the arrow to Varuna of immeasurable strength.    ", गते रामे प्रशान्तात्मा रामो दाशरथिर्धनु:।वरुणायाप्रमेयाय ददौ हस्ते ससायकम्।। ,"<verse>
गते रामे प्रशान्तात्मा रामो दाशरथिर्धनुः ।
वरुणायाप्रमेयाय ददौ हस्ते सशायकम् ॥
</verse>",False
 That assembly was illumined by the presence of Rama like the Moon dazzling the clear autumnal sky bespangled with sparkling planets and stars. ," ﻿तेन विभ्राजता तत्र सा सभाऽभिव्यरोचत।।

विमलग्रहनक्षत्रा शारदी द्यौरिवेन्दुना।
  ","<verse>
व्यरोचत सभा सा तु रामेणाक्लिष्टकर्मणा ।
ताराग्रहसमाकीर्णं शशिनेव शरन्नभः ॥
</verse>",False
" ""O Rama mother and sons having arrived at this conclusion in the tapovana  ascended to heaven with their desire fulfilled. This is what we have heard."" ", एवं तौ निश्चयं कृत्वा मातापुत्रौ तपोवने।जग्मतुस्त्रिदिवं राम कृतार्थाविति नश्श्रुतम्।। ,"<verse>
सा च माता सुताश्चैव निश्चित्यैव तपोवने ।
कृतकामा दिवं याता इति शुश्रुम राघव ॥
</verse>",False
" Swept away by the force of his thighs, the trees bent forward following him for a while just as relatives accompany their kith and kin on long travel. ", ऊरुवेगोद्धता वृक्षा मुहूर्तं कपिमन्वयुः।प्रस्थितं दीर्घमध्वानं स्वबन्धुमिव बान्धवाः।। ,"<verse>
ऊरुवेगोद्धता वृक्षाः पादपाः पुष्पशालिनः।
अनुजग्मुर्हनूमन्तं बान्धवा इव दूरगम्॥
</verse>",False
" ""Just as river Ganga is not agitated by the rainbearing clouds, this Sita is not perturbed as she is aware of the prowess of Rama and might of Lakshmana. ", रामस्य व्यवसायज्ञा लक्ष्मणस्य च धीमतः।नात्यर्थं क्षुभ्यते देवी गङ्गेव जलदागमे।। ,"<verse>
रामस्य विक्रमं ज्ञात्वा लक्ष्मणस्य बलं तथा ।
यथा मेघैर्न गङ्गेयं तथा सीता न कम्पते ॥
</verse>",False
 Missing , सौवर्णस्त्वं मृगो भूत्वा चित्रो रजतबिन्दुभिः । आश्रमे तस्य रामस्य सीतायाः प्रमुखे चर  ।। ,"<verse>
वियोगे स्मर्यते लोके यन्न पश्यति मानवः ।
अन्तरे तस्य संवासो हृदये चानुभूयते ॥
</verse>",False
" My alternate strategy has failed. I have already made a mistake by announcing my plan. My advisors are holding different views. I am powerless. How can a weakling, an orphan like me live in Kishkinda? ", भिन्नमन्त्रोऽपराद्धश्च हीनशक्तिः कथं ह्यहम्।किष्किन्धां प्राप्य जीवेयमनाथ इव दुर्बलः।। ,"<verse>
मन्त्रभेदश्च संजातो विसंवादश्च मन्त्रिणाम् ।
अनाथः कृपणश्चाहं किष्किन्धां कथमावसेत् ॥
</verse>",False
 Nishakara went on his last journey and attained heaven. Since then many sad thoughts have crisscrossed my mind and I am consumed with those thoughts. , महाप्रस्थानमासाद्य स्वर्गते तु निशाकरे।मां निर्दहति सन्तापो वितर्कैर्बहुभिर्वृतम्।। ,"<verse>
निशाकरे दिवं याते ततः प्रभृति मे हृदि।
तपन्ति विविधाः शोकाश्चिन्तया दह्यते मनः॥
</verse>",False
" O Lakshmana, delight of the Raghu dynasty, be very alert and restrained and protect Sita. Whatever duty we have to perform depends on her protection. ", इह त्वं भव सन्नद्दो यन्त्रितो रक्ष मैथिलीम्।।अस्यामायत्तमस्माकं यत्कृत्यं रघुनन्दन। ,"<verse>
अप्रमत्तो यतात्मा त्वं रक्ष लक्ष्मण मैथिलीम्।
अस्यां हि सर्वकार्याणि नः स्थितानि रघूद्वह॥
</verse>",False
" ""Just as food mixed with venom cannot be digested by the great fire fire of hunger, it is not possible to keep Sita even by gods and demons. Sita is like food mixed with poison. Ravana cannot digest her with all his power.   ", नेयं जरयितुं शक्या सासुरैरमरैरपि।विषसंसृष्टमत्यर्थं भुक्तमन्नमिवौजसा ।। ,"<verse>
विषेण सहितं चान्नं दीप्तेनापि न जीर्यते ।
सीता सासुरदेवैश्च रावणेन न जीर्यते ॥
</verse>",False
" The  sylvan deities shivered, seeing Sitas grief and cried aloud. ", सुप्रवेपितगात्राश्च बभूवुर्वनदेवताः।।विक्रोशन्तीं दृढं सीतां दृष्ट्वा दुःखं तथा गताम्। ,"<verse>
दृष्ट्वा सीतां तु शोकार्तां चकम्पुर्वनदेवताः ।
चुक्रुशुश्च महानादं विलपन्त्यो मुहुर्मुहुः ॥
</verse>",False
" Discharging completely the three debts, to gods, to ancestors and to sages, subduing your enemies and gratifying your friends, you alone have the right to dictate me.  ", ऋणानि त्रीण्यपाकुर्वन्दुर्हृदस्साधु निर्दहन्।सुहृदस्तर्पयन्कामैस्त्वमेवात्रानुशाधि माम्।। ,"<verse>
ऋणं विमुच्य देवानां पितॄणां च महर्षिणाम् ।
शत्रून् जित्वा सुहृत्तोषाच्छास्तुं मां त्वमिहार्हसि ॥
</verse>",False
 Sugriva is awaiting the arrival of the powerful and strong vanaras without whose help he cannot accomplish Ramas task.Therefore he has not yet started the search.   , तांश्च प्रतीक्षमाणोऽयं विक्रान्तात्सुमहाबलान्।राघवस्यार्थसिध्यर्थं न निर्याति हरीश्वरः।। ,"<verse>
सुग्रीवो बलसंयुक्तान् प्रतीक्षते कपीन्वने ।
न सिद्ध्येद्रामकार्यं हि नारब्धं च गवेषणम् ॥
</verse>",False
" Thus talking with one another, the two nobleminded tigers best among men advanced towards river Kalindi Yamuna with Sita walking in front. ", इति तौ पुरुषव्याघ्रौ मन्त्रयित्वा मनस्विनौ।सीतामेवाग्रतः कृत्वा कालिन्दीं जग्मतुर्नदीम्।। ,"<verse>
एवं तौ संप्रभाषन्तौ महासत्त्वौ नरर्षभौ ।
कालिन्दीमभियातौ तौ सीतां कृत्वाग्रतो वने ॥
</verse>",False
 Vanaras who had conquered fear crushed Rakshasas into lumps of flesh indeed the Rakshasas threw out blood from their mouths. , राक्षसामथिताःकेचिद्वानरैर्जितकाशिभिः ।ववमूरुधिरंकेचिन्मुखैरुधिरभोजनाः ।। ,"<verse>
वानरा निर्भयाश्चक्रू राक्षसान् मांसपिण्डितान् ।
मुखाद् रुधिरमुद्गीर्णं राक्षसैस्तैर्महाहवे ॥
</verse>",False
" This kingdom, rooted in the righteousness of that noble king, is now whirling like a boat in a whirlpool without a helmsman. ", तस्यैषा धर्मराजस्य धर्ममूला महात्मनः।परिभ्रमति राज्य श्रीर्नौरिवाकर्णिका जले।। ,"<verse>
धर्ममूलमिदं राज्यं तस्य साधोर्महीपतेः ।
नौरिवाकर्णधाराद्य भ्राम्यत्यावर्तमध्यगा ॥
</verse>",False
" Enemy killed, Rama also accompanied by Sugriva, Lakshmana, and army experienced joy, like Indra who performed a hundred sacrifices after killing Vrta. ", रामोऽपिसहसैन्येनससुग्रीवस्सलक्ष्मणः ।हर्षंलेभेरिपुंहत्वायथावृत्रंशतक्रतु: ।। ,"<verse>
हतशत्रुः स रामोऽपि ससुग्रीवः सलक्ष्मणः ।
मुमोद सहितः सैन्यैर्वृत्रं हत्वा शतक्रतुः ॥
</verse>",False
" The bodies of the demons torn into pieces by the very sharp iron arrows and by the arrows called vikarni, they cried and shouted aloud in pitiable voices. ", ततो नालीकनाराचैस्तीक्ष्णाग्रैश्च विकर्णिभिः।भीममार्तस्वरं चक्रुर्भिद्यमाना निशाचराः।। ,"<verse>
तीक्ष्णैर्नाराचजालैश्च विकर्णीभिश्च राक्षसाः ।
छिन्नगात्राः सुदीनं च चुक्रुशुश्च महास्वनाः ॥
</verse>",False
" Having heard this, righteous Rama of the Kakutstha dynasty said to all the ascetics engaged in penance ", एतच्छ्रुत्वा तु काकुत्स्थस्तापसानां तपस्विनाम्।इदं प्रोवाच धर्मात्मा सर्वानेव तपस्विनः।। ,"<verse>
एतच्छ्रुत्वा तु धर्मात्मा रामो वचनमब्रवीत्।
काकुत्स्थस्तापसांश्चैव सर्वान् तान् हि तपोरतान्॥
</verse>",False
" Having heard the wailing of the female bird, the sage Valmiki moved to pity at this irreligious act uttered the following words. ", तत: करुणवेदित्वादधर्मोऽयमिति द्विज: ।निशाम्य रुदतीं क्रौञ्चीमिदं वचनमब्रवीत् ।।    ,"<verse>
ततः करुणवेदित्वादधर्मोऽयमिति द्विजः ।
निशम्य रुदतीं क्रौञ्चीमिदं वचनमब्रवीत् ॥
</verse>",False
" ""The intense austerities performed by the sages in different regions determined firmly are tormenting the Rakshasas."" ", तेषुतेषुचदेशेषुपुण्येष्वेवदृढव्रतैः ।।चर्यमाणंतपस्तीव्रंसन्तापयतिराक्षसान् । ,"<verse>
देशे देशे मुनीनां च दृढनिश्चयचेतसाम् ।
तपसा तेन तीव्रेण राक्षसाः परिपीडिताः ॥
</verse>",False
" O Rama there are six expedients peace,war,marching,neutrality, alliance, making peace with one and waging war with another, for attaining your goal in the world. Only the unlucky can help the unfortunate. ", राम षड्युक्तयो लोके याभिस्सर्वं विमृश्यते।परिमृष्टो दशान्तेन दशाभागेन सेव्यते।। ,"<verse>
संधिर्विग्रहयानानि चासनं द्वैधसंश्रयौ ।
लोके राम हितार्थाय दीनो दीनोपकारकः ॥
</verse>",False
" O son of the Raghus if you set out for the impenetrable forest now itself, I shall also go, walking ahead of you and crushing the thorns and spiky kusa grass rendering the path  comfortable for you to walk. ", यदि त्वं प्रस्थितो दुर्गं वनमद्यैव राघव।अग्रतस्ते गमिष्यामि मृद्नन्ती कुशकण्टकान्।। ,"<verse>
यदि त्वं प्रस्थितो दुर्गं वनमद्यैव राघव ।
अग्रतस्ते गमिष्यामि मृद्नन्ती कुशकण्टकान् ॥
</verse>",False
" On expansion, wise Hanumans face was bright, glowing like a burning oven and  shining like smokeless fire. ", अशोभत मुखं तस्य जृम्भमाणस्य धीमतः।अम्बरीषमिवाऽदीप्तं विधूम इव पावकः।। ,"<verse>
मुखं तस्य बभौ दीप्तं जृम्भमाणस्य धीमतः ।
दीप्तभ्रष्ट्रसमानाभं विधूम इव पावकः ॥
</verse>",False
" ""Or else, the god of death would have come in the form of Rama for your destruction, having right knowledge and taking an inconceivable recourse. ", अथवारामरूपेणकृतान्तस्स्वयमागतः ।मायांतवविनाशायविधायाप्रतितर्किताम् ।। ,"<verse>
अथवा ज्ञानसम्पन्नः कृतान्तोऽयं समागतः।
राघवेणाप्रमेयेण रूपेणान्तरितः प्रभो॥
</verse>",False
" On hearing the words of Rama in deep distress, the monkey replied to him with folded hands, his throat choked with tears ", एवमुक्तस्तु सुग्रीवो रामेणार्तेन वानरः।अब्रवीत्प्राञ्जलिर्वाक्यं सबाष्पं बाष्पगद्गदः।। ,"<verse>
श्रुत्वा रामस्य तद्वाक्यं भृशदुःखितचेतसः ।
कृताञ्जलिपुटो भूत्वा बाष्पकण्ठोऽब्रवीत्कपिः ॥
</verse>",False
" The glorious king Dasaratha also remembered his sons, Bharata and Satrughna, who  were like the great Indra and Varuna, now away from home.  ", राजाऽपि तौ महातेजा स्सस्मार प्रोषितौ सुतौ।उभौ भरतशत्रुघ्नौ महेन्द्रवरुणोपमौ।। ,"<verse>
श्रीमान् दशरथो राजा सस्मार विप्रवासिनौ।
शत्रुघ्नभरतौ चापि महेन्द्रवरुणोपमौ॥
</verse>",False
" Tara along with other female monkeys followed their lord, crying pathetically. ", ताराप्रभृतयस्सर्वा वानर्यो हरियूथपाः।अनुजग्मुर्हि भर्तारं क्रोशन्त्यः करुणस्वन।। ,"<verse>
रुदती करुणं दीना बाष्पव्याकुललोचना ।
तारा च कपिकान्ताभिः सार्धं भर्तारमन्वगात् ॥
</verse>",False
" On hearing his words, he Viswamitra related all about their stay at Siddhashrama and the slaying of rakshasas. ", तस्य तद्वचनं श्रुत्वा यथावृत्तं न्यवेदयत्।सिद्धाश्रमनिवासं च राक्षसानां वधं तथा।। ,"<verse>
श्रुत्वा तस्य वचो धीमान् विश्वामित्रः शशंस ह ।
सिद्धाश्रमे स्थितिं चैव राक्षसानां वधं तथा ॥
</verse>",False
" Twenty thousand women adorned with gold, gems and corals sent by Kubera came. ", सुवर्णमणिमुक्तेन प्रवालेन च शोभिताः।आगुर्विंशतिसाहास्राः कुबेरप्रहिताः स्त्रियः।। ,"<verse>
विंशतिश्च सहस्राणि नार्यः कुबेरचोदिताः ।
स्वर्णरत्नप्रवालैश्च भूषिताः समुपागताः ॥
</verse>",False
 Why are the two tigers among men whose power is like that of wind and fire and who are unassailable even to suras are neglecting me? , शक्तौ तौ पुरुषव्याघ्रौ वाय्वग्निसमतेजसौ ।।सुराणामपि दुर्धर्षौ किमर्थं मामुपेक्षतः। ,"<verse>
अनिलानलवीर्यौ तौ सुराणामपि दुर्जयौ ।
कथं तौ नरशार्दूलौ मामुपेक्षत राघवौ ॥
</verse>",False
" Lakshmana paid homage to him who was in the firesanctuary, and said O friend, come and see the palace of Rama who is the accomplisher of all difficult tasks. ", तं विप्रमग्न्यगारस्थं वन्दित्वा लक्ष्मणोऽब्रवीत्।सखेऽभ्यागच्छ पश्य त्वं वेश्म दुष्करकारिणः।। ,"<verse>
प्रणम्याग्निगृहे वीरं लक्ष्मणः समुवाच तम् ।
सखे पश्येह श्रीरामधाम दुष्करकारिणः ॥
</verse>",False
" Fallen into the deathtrap, the great army of the demon, felt very happy on hearing Khara roaring. ", सा तस्य गर्जितं श्रुत्वा राक्षसस्य महाचमूः।।प्रहर्षमतुलं लेभे मृत्युपाशावपाशिता। ,"<verse>
कालपाशपरीता सा महासेना तु रक्षसाम् ।
खरस्य नदतो नादं श्रुत्वा हर्षमुपागमत् ॥
</verse>",False
" Under a rude, crooked king whose senses are not under his control the demons will surely perish. ", अवश्यं विनशिष्यन्ति सर्वे रावण राक्षसाः।येषां त्वं कर्कशो राजा दुर्बुद्धिरजितेन्द्रियः।। ,"<verse>
दुर्विनीते नृपे क्रूरे ह्यजितेन्द्रियमानसे ।
विनाशं दनुजा नूनं यास्यन्त्येव न संशयः ॥
</verse>",False
" ""O destroyer of foes, you are capable of rescuing me singlehanded. Your success will  raise your strength and bring glory. ", काममस्य त्वमेवैकः कार्यस्य परिसाधने।पर्याप्तः परवीरघ्न यशस्यस्ते बलोदयः।। ,"<verse>
काममस्य त्वमेवैकः कार्यस्य परिसाधने ।
पर्याप्तः परवीरघ्न यशस्यस्ते बलोदयः ॥
</verse>",False
" The king who keeps both his eyes shut but keeps the eye of justice open, one who is free from anger and remains ever alert, is worshipped by the people.  ", नयनाभ्यां प्रसुप्तोऽपि जागर्ति नयचक्षुषा।त्यक्तक्रोधप्रमादश्च स राजा पूज्यते जनैः।। ,"<verse>
पिहितेक्षणयुग्मोऽपि न्यायनेत्रेण पश्यति ।
अक्रोधः सततं जाग्रन्नृपः पूज्यो जनैर्भवेत् ॥
</verse>",False
" Rama, intolerant like a snake, targeting Ravanas post, released a sharp bright glowing arrow. ", रावणध्वजमुद्दिस्यमुमोचनिशितंशरम् ।महासर्पमिवासह्यंज्वलन्तंस्वेनतेजसा ।। ,"<verse>
भुजङ्ग इव सोऽमर्षी रावणस्थानमुद्दिशन् ।
ससर्ज सुमहत्तीक्ष्णं रामो दीप्तं ज्वलच्छरम् ॥
</verse>",False
" He saw tamala flowers in bloom, pepper shrubs in clusters and hoards of pearls kept for drying on the shores. ", पुष्पाणि च तमालस्य गुल्मानि मरिचस्य च।मुक्तानां च समूहानि शुष्यमाणानि तीरतः।। ,"<verse>
प्रफुल्लानि तमालानि मरिचानां च गुल्मकान् ।
तीरे मुक्ताफलौघांश्च शोषितान् स व्यलोकयत् ॥
</verse>",False
" The great Sugriva, thinks Hanuman, who had done his duty is likely to acquire his kingdom, because great Rama who would help in the work of Sugriva has also come. ", भव्यो राज्यागमस्तस्य सुग्रीवस्य महात्मनः। यदयं कृत्यवान्प्राप्तः कृत्यं चैतदुपागत।। ,"<verse>
कृतकृत्यो हि सुग्रीवः प्राप्स्यते राज्यमुत्तमम् ।
सुग्रीवकार्यसिद्धौ हि सम्प्राप्तो राघवो महान् ॥
</verse>",False
" ""I will remain an ascetic and do penance under the tree practising selfcontrol and not go back without seeing the blackeyed Sita. ", तापसो वा भविष्यामि नियतो वृक्षमूलिकः।।नेतः प्रतिगमिष्यामि तामदृष्ट्वासितेक्षणाम्। ,"<verse>
वृक्षमूले वसिष्यामि तपस्वी संयतेन्द्रियः ।
सीतां न प्रतियास्यामि अदृष्ट्वा कृष्णलोचनाम् ॥
</verse>",False
" By the missile discharged by Raghava those reptiles and snakes turned into golden feathered eagles and by the shine of the feathers, the reptiles flew. ", तेराघवधनुर्मुक्तारुक्मपुङ्खाःशिखिप्रभाः ।सुपर्णाःकाञ्चनाभूत्वाविचेरुःसर्पशत्रवः ।। ,"<verse>
राघवस्यास्त्रमोक्षेण बभूवुः स्वर्णपक्षिणः ।
तेषां तु पक्षदीप्त्या वै व्युत्पेतुरुरगास्तदा ॥
</verse>",False
" Unable to see her beautiful, face with auspicious eyes like fragrant lotuses, I feel so depressed. ", तच्चार्वञ्चितपद्माक्षं सुगन्धि शुभमव्रणम्। अपश्यतो मुखं तस्यास्सीदतीव मनो मम।। ,"<verse>
सुगन्धिपद्मनेत्राया मुखं कान्तं शुभेक्षणम् ।
अदृष्ट्वा हि परं दीनो विषीदामि भृशं भृशम् ॥
</verse>",False
 A wise man who apprehends danger or one who desires his own good should plan his defence even before the onset of danger. , अनागतविधानं तु कर्तव्यं शुभमिच्छता।आपदं शङ्कमानेन पुरुषेण विपश्चिता।। ,"<verse>
अनागतभयं दृष्ट्वा स्वहितं वा विचिन्तयन् ।
विधानं रक्षणस्यासौ कुर्यात्प्रागेव बुद्धिमान् ॥
</verse>",False
" ""Rama, all gods constitute your heart, Devi Saraswathi is your tongue, the gods created by Brahma are the hair on your limbs."" ", अहंतेहृदयंरामजिह्वादेवीसरस्वती ।।देवारोमाणिगात्रेषुब्रह्मणानिर्मिताःप्रभो । ,"<verse>
हृदयं सर्वदेवास्ते जिह्वा देवी सरस्वती ।
रोमाणि सर्वगात्रेषु देवा ब्रह्मविनिर्मिताः ॥
</verse>",False
" How can a man like you, born of a noble race, endowed with energy, powerful and adherent to vows, commit a sin for the sake of a kingdom? "," कुलीन:सत्त्वसम्पन्नस्तेजस्वी चरितव्रतः।

राज्यहेतोः कथं पापमाचरेत्त्वद्विधो जनः।।
  ","<verse>
कुलीनो बलवान् दीप्तस्तेजस्वी च धृतव्रतः ।
कथं राज्यस्य हेतोर्वै पापं त्वादृक् समाचरेत् ॥
</verse>",False
" ""Your counsellors have said that after judging good or bad qualities we should accept or reject Vibheeshana. I see a flaw in that statement as such action would not arise."" ", अर्थानर्थनिमित्तंहियदुक्तंसचिवैस्तव ।तत्रदोषंप्रपश्यामिक्रियानह्युपपद्यते ।। ,"<verse>
यदुक्तं सचिवैस्तेऽत्र गुणदोषपरीक्षणम् ।
दोषं तत्र प्रपश्यामि न सा सम्भवति क्रिया ॥
</verse>",False
" King Janaka, having spoken these pleasing words, stood up and with folded hands  addressing both the great ascetics ", एवमुक्त्वा वचस्सौम्यं प्रत्युत्थाय कृताञ्जलि:।उभौ मुनिवरौ राजा जनको वाक्यमब्रवीत्।। ,"<verse>
इत्युक्त्वा मधुरं वाक्यं नृपो जनक उत्थितः ।
बद्धाञ्जलिपुटो भूत्वा महर्षी प्रत्यभाषत ॥
</verse>",False
" The messengers reached Sankasya, met Kusadhwaja and related to him what had happened. They informed him the intention of king Janaka. ", साङ्काश्यां ते समागत्य ददृशुश्च कुशध्वजम्।न्यवेदयन्यथावृत्तं जनकस्य च चिन्तितम्।। ,"<verse>
साङ्काश्यं समुपेत्याथ दृष्ट्वा तं च कुशध्वजम् ।
आचख्युस्ते यथाभूतं राज्ञो जनकवाञ्छितम् ॥
</verse>",False
" Due to the crushing of the mountain, a loud noise of the various creatures shot up filling the earth in all directions and groves around. ", स महासत्त्वसन्नादः शैलपीडानिमित्तजः।पृथिवीं पूरयामास दिशश्चोपवनानि च।। ,"<verse>
शैलपीडासमुद्भूतो भूतानां निनदो महान् ।
पूरयन् पृथिवीं चैव दिशश्चैव वनानि च ॥
</verse>",False
" The two princes of the lineage of Raghu, destroyers of foes rested a while and then said to Viswamitra, a tiger amon sages ", मुहूर्तमथ विश्रान्तौ राजपुत्रावरिन्दमौ।प्राञ्जली मुनिशार्दूलमूचतू रघुनन्दनौ।। ,"<verse>
विश्रम्य राघवौ वीरौ मुहूर्तं शत्रुसूदनौ ।
विश्वामित्रं मुनिव्याघ्रमिदं वचनमूचतुः ॥
</verse>",False
" ""We shall all climb up this Suvela mountain captivating with hundreds of minerals and remain there tonight."" ", सुवेलंसाधुशैलेन्द्रमिमंधातुशतैश्चितम् ।अध्यारोहामहेसर्वेवत्स्यामोऽत्रनिशामिमाम् ।। ,"<verse>
इमं धातुशतैः कान्तं सुवेलं पर्वतोत्तमम् ।
आरुह्य सह सर्वेऽत्र वत्स्यामोऽद्य निशामिमाम् ॥
</verse>",False
  Just as fire is not satisfied with dry sticks and grass Hanuman was not satisfied with the dead demons.  , नाग्निस्तृप्यति काष्ठानां तृणानां च यथा तथा।हनूमान् राक्षसेन्दाणां विशस्तानां न तृप्यति।। ,"<verse>
यथा शुष्कैस्तृणैः काष्ठैर्नाग्निस्तृप्तिं समश्नुते ।
हतै रक्षोगणैर्घोरैर्नातृप्यन्मारुतिस्तथा ॥
</verse>",False
" He, the heroic Maruthi, with one hand alone taking a huge mountain whirled round making loud noises. ", गृहीत्वातंमहाशैलंपाणिनैकेनमारुतिः ।सविनद्यमहानादंभ्रामयामासवीर्यवान् ।। ,"<verse>
गृहीत्वा तु महाशैलमेकेनैव करेण सः ।
महानादं नदन् वीरो भ्रामयामास मारुतिः ॥
</verse>",False
" ""Let Nila go leading in front with his courageous and hundred thousand army looking at the way said Rama"". ", अग्रे यातु बलस्यास्य नीलो मार्गमवेक्षितुम् । वृतश्शतसहस्रेण वानराणां तरस्विनाम् ।। ,"<verse>
अग्रतो यातु सैन्यस्य नीलो मार्गमवेक्षितुम् ।
वृतः शतसहस्रेण वानराणां तरस्विनाम् ॥
</verse>",False
" A learned person but skilled in contrivances, a warrior with passion for wealth and a man ever engaged in corrupting the minds of servants must be slain. A king who does not kill them is himself killed in due course.  ", उपायकुशलं वैद्यं भृत्यसंदूषणे रतम्।शूरमैश्वर्यकामं च यो न हन्ति स हन्यते।। ,"<verse>
विद्यावानुपधावांश्च लुब्धः शूरोऽथ दूषकः ।
भृत्यानां तानहत्वा तु राजा कालेन हन्यते ॥
</verse>",False
" They quickly surrounded Hanuman and stood with hammers, sharpedged spears, tridents, barbed missiles and powerful javelins.  ", मुद्गरैः पट्टिशैश्शूलैः प्रासतोमरशक्तिभिः।परिवार्य हनूमन्तं सहसा तस्थुरग्रतः।। ,"<verse>
तं द्रुतं परिवृत्याथ हनूमन्तं महाबलम् ।
शूलैश्च मुद्गरैस्तीक्ष्णैः पट्टिशैस्तोमरैः स्थिताः ॥
</verse>",False
  , दर्शने राक्षसेन्द्रस्य दुर्लभे तदिदं मया।।वनं राक्षसराजस्य दर्शनार्थे विनाशितम्। ,"<verse>
वागर्थाविव संपृक्तौ वागर्थप्रतिपत्तये ।
जगतः पितरौ वन्दे पार्वतीपरमेश्वरौ ॥
</verse>",False
 Flames rose on the sacrificial altar drenched by the stream of blood. Immediately Rama rushed forward and beheld them in the sky. , सा तेन रुधिरौघेण वेदिर्जज्वाल मण्डिता।सहसाऽभिद्रुतो रामस्तानपश्य त्ततो दिवि।। ,"<verse>
वेद्यां रुधिरसिक्तायां समुत्तस्थुः शिखास्ततः ।
सद्यो रामः प्रदुद्राव व्योम्नि तांश्च ददर्श सः ॥
</verse>",False
" ""O Mighty armed! I am not as you think of me, so also show me a proof of it in my past. I swear on my past."" ", न तथास्मिमहाबाहो यथामामवगच्छसि ।प्रत्ययंगच्छमेस्वेनचारित्रेणैवतेशपे ।। ,"<verse>
न तथास्मि महाबाहो यथा त्वमवगच्छसि ।
प्रत्ययं गच्छ मे येन चारित्रेणैव ते शपे ॥
</verse>",False
 The spirit of Lanka who could assume any form at her will got enraged on hearing the words of Hanuman and spake in a harsh tone. , हनुमद्वचनं श्रुत्वा लङ्का सा कामरूपिणी।उवाच वचनं क्रुद्धा परुषं पवनात्मजम्।। ,"<verse>
तस्य तद्वचनं श्रुत्वा सा लङ्का कामरूपिणी ।
अब्रवीत्कुपिता वाक्यं संरब्धा परुषाक्षरम् ॥
</verse>",False
" The strength, valiance, enthusiasm, and the strength of missiles of Rama, who was desirous of the destruction of the enemy, doubled. ", बभूवद्विगुणंवीर्यंबलंहर्षश्चसंयुगे ।रामस्यास्त्रबलंचैवशत्रोर्निधनकाङ्क्षिणः ।। ,"<verse>
रिपुघाताभिकामस्य रामस्याक्लिष्टकर्मणः ।
अस्त्रवीर्यं बलं वीर्यमुत्साहश्चाप्यवर्धत ॥
</verse>",False
" On returning from the forest, I shall become the supreme lord of this earth along with this virtuous brother. ", अनेन धर्मशीलेन वनात्प्रत्यागतः पुनः।भ्रात्रा सह भविष्यामि पृथिव्याः पतिरुत्तमः।। ,"<verse>
अनेन धर्मशीलेन भ्रात्रा सह वनादहम् ।
निवृत्य भविता चास्याः पृथिव्याः पतिरुत्तमः ॥
</verse>",False
" ""O Jewel among those who attained good state! Why have you gone abandoning me dear? To which world have you gone from here? I am pained by your deserting me."" ", कस्मान्मामपहायत्वंगतोगतिमतांवर ।अस्माल्लोकादमुंलोकंत्यक्त्वामामपिदुःखिताम् ।। ,"<verse>
सद्गतानां मणे कान्त त्यक्त्वा मां हि कथं गतः ।
कं नु लोकमितो यातः त्वत्त्यागेन प्रपीडितः ॥
</verse>",False
 Hanuman could see even the women of vidyadharas who were matchless in beauty among women in the world but not Janaki the beloved of Raghava. , रूपेणाप्रतिमा लोके वरा विद्याधरस्त्रियः।दृष्टा हनुमता तत्र न तु राघवनन्दिनी।। ,"<verse>
विद्याधरस्त्रियोऽप्यैक्षल्लोकेऽनुपमरूपिणीः ।
न तु राघवभार्यां तां जानकीं रामवल्लभाम् ॥
</verse>",False
 From the peaks of Kailasa mountain moved out one thousand crores of monkeys who were of bright colour like the lions mane. , कैलासशिखरेभ्यश्च सिंहकेसरवर्चसाम्।ततः कोटिसहस्राणि वानराणामुपागमन्।। ,"<verse>
कैलासशिखरेभ्यश्च सहस्रमथ कोटयः ।
सिंहकेसरवर्णानां वानराणां महौजसाम् ॥
</verse>",False
" On hearing the words of the magnanimous Bharata, Sumantra was delighted and as  instructed, ordered everything as if he was anxious to do it himself. ", एवमुक्त स्सुमन्त्रस्तु भरतेन महात्मना।हृष्टस्तदाऽदिशत्सर्वं यथासन्दिष्टमिष्टवत्।। ,"<verse>
भरतस्य तु तद्वाक्यं प्रतिनन्द्य स सारथिः ।
समाज्ञापयदव्यग्रः सर्वमेव यथाविधि ॥
</verse>",False
"  What a pity Vaidehi, lamenting like a Kinnari forsaken by a Kinnara on the Himalayan slopes, will cause death to me. ", वैदेही बत मे प्राणान्शोचन्ती क्षपयिष्यति।।हीना हिमवतः पार्श्वे किन्नरेणेव किन्नरी। ,"<verse>
किन्नरेण परित्यक्ता किन्नरीव हिमाचले ।
हा वैदेहि प्ररोदन्ती मम मृत्युं करिष्यति ॥
</verse>",False
" Thus addressed, virtuous Lakshmana, overwhelmed with sorrow replied to the grief stricken Rama ", एवमुक्तन्तु सौमित्रिर्लक्ष्मणश्शुभलक्षणः।भूयो दुःखसमाविष्टो दुःखितं राममब्रवीत्।। ,"<verse>
इत्युक्तस्तु शुभाचारो लक्ष्मणः शोककर्शितः ।
प्रत्युवाच ततो रामं शोकार्तं दीनचेतनम् ॥
</verse>",False
" O Rama having determined to perform a sacrifice, he Sagara versed in the Vedas, started the initiatory rites for the sacrifice in the company of high priests"".      Thus ends the thirtyeighth sarga of Balakanda of the holy Ramayana the first epic composed by sage Valmiki. ", स कृत्वा निश्चयं राम सोपाध्यायगणस्तदा।।यज्ञकर्मणि वेदज्ञो यष्टुं समुपचक्रमे। ,"<verse>
स निश्चित्य महाबाहुर्यष्टव्यमिति राघव ।
दीक्षां विवेश राजर्षिः सोपाध्यायपुरोहितः ॥
</verse>",False
" Thereafter having seen several kinds of food items of hogs, buffaloes he ate them. ", ततस्त्वदर्शयन् सर्वान्भक्ष्यांश्चविविधान् बहून् ।वराहान्महिषांश्चैवबभक्षसमहाबलः ।। ,"<verse>
ततो दृष्ट्वा वराहाणां महिषाणां तथैव च ।
नानाविधानि भक्ष्याणि तानि सर्वाण्यभक्षयत् ॥
</verse>",False
" Then while they were excavating the region they beheld the elephant of the quarter named Virupaksha equal in size to a mountain, supporting the earth. ", खन्यमाने ततस्तस्मिन् ददृशु: पर्वतोपमम्।।दिशागजं विरूपाक्षं धारयन्तं महीतलम्। ,"<verse>
ततो दिशं खनन्तस्ते विरूपाक्षं महागजम् ।
ददृशुः पर्वताकारं धारयन्तं वसुंधराम् ॥
</verse>",False
" O, best of the eloquent  this fight involves only one and not two. I do not see the footprints of a big army. ", एकस्य तु विमर्धोऽयं न द्वयोर्वदतांवर।।न हि वृत्तं हि पश्यामि बलस्य महतः पदम्। ,"<verse>
एकस्य चायं संग्रामो न द्वयोर्वदतां वर ।
न हि पश्यामि पादानि महतो वरसैनिनः ॥
</verse>",False
" When king Dasaratha heard these words, his face fell. He humbly pleaded with him his hands folded ", तस्य तद्वचनं श्रुत्वा राजा दशरथस्तदा।विषण्णवदनो दीन: प्राञ्जलिर्वाक्यमब्रवीत्।। ,"<verse>
श्रुत्वा तद्वचनं राजा दशरथः कृताञ्जलिः ।
विषण्णवदनो भूत्वा सविनयं न्यवेदयत् ॥
</verse>",False
" O valiant Vali anger has overtaken you like the flood of a river. It is natural for you to be angry at this time, but shake off your anger just as the wise discard a flower  garland already used up. ", साधु क्रोधमिमं वीर नदीवेगमिवागतम्।शयनादुत्थितः काल्यं त्यज भुक्तामिव स्रज।। ,"<verse>
प्राप्तकालोऽप्ययं कोपो नदीवेग इवोत्थितः ।
कोपं वालिन् महावीर्य भुक्तां मालामिवोत्सृज ॥
</verse>",False
"  Urged upon by the messengers carrying out the orders of the king, I have come. You, O mother, should answer the questions. I wish to ask you.  ", राजवाक्यहरैर्दूतैस्त्वर्यमाणोऽहमागतः।यदहं प्रष्टुमिच्छामि तदम्बा वक्तुमर्हति।। ,"<verse>
नृपशासनदूतैश्च चोदितोऽहमिहागतः ।
यत्त्वां प्रष्टुमिहेच्छामि तन्मातर्वक्तुमर्हसि ॥
</verse>",False
" Much sweat, pain and fear generated in us while we went on and up. This led to terrific confusion and stupor. ", तीव्रस्स्वेदश्च खेदश्च भयं चासीत्तदाऽऽवयोः।समाविशति मोहश्च तमो मूर्छा च दारुणा।। ,"<verse>
स्वेदः क्लेशो भयं चाभूदस्माकमूर्ध्वगच्छताम् ।
ततो भीमोऽभवन्मोहः स्तम्भश्चापि सुदारुणः ॥
</verse>",False
" In you reside a thousand deceitful means more than all the thousand mayas tricks of Sambara, king of the asuras, was capable of.  ", आसन्याश्शम्बरे मायास्सहस्रमसुराधिपे।।सर्वास्त्वयि निविष्टास्ता भूयश्चान्यास्सहस्रशः। ,"<verse>
याः सहस्रविधा मायाः शम्बरस्यासुरेशितुः ।
ताभ्यः सहस्रधा भूयः शाठ्यानि त्वयि संस्थिताः ॥
</verse>",False
" Dwivida, though mighty reeled and could not move when struck by Sonitaksha. He got up and again and snatched the mace from Sonithaksha. ", स गदाभिहतस्तेनसञ्चचालमहाबलः ।उद्यता च पुनस्तस्यजहारद्विविदोगदाम् ।। ,"<verse>
ताडितः शोणिताक्षेण मुमोह द्विविदो बली ।
समुत्थाय पुनश्चैव गदामस्य व्यपाहरत् ॥
</verse>",False
 Vali was very much pained to hear Rama. He became free from confusion regarding dharma and no longer found fault with Rama. , एवमुक्तस्तु रामेण वाली प्रव्यथितो भृश।।न दोषं राघवे दध्यौ धर्मेऽधिगतनिश्चयः। ,"<verse>
श्रुत्वा रामस्य तद्वाक्यं वाली संव्यथितोऽभवत् ।
धर्मे स विजहौ मोहं रामे दोषं न चाकरोत् ॥
</verse>",False
" Indra blessed the place saying, Having absorbed impurities of my body, let these places be extremely fertile and prosperous and let this be renowned throughout this world as Malada and Karusha. ", इमौ जनपदौ स्फीतौ ख्यातिं लोके गमिष्यत:।मलदाश्च करूशाश्च ममाङ्गमलधारिणौ।। ,"<verse>
ममाङ्गस्य मलावाप्त्या समृद्धौ च सुभिक्षकौ ।
मलदाश्च करूषाश्च ख्यातिं लोके गमिष्यतः ॥
</verse>",False
" After giving away plenty of wealth to brahmins in charity, Rama and Lakshmana along with Sita set out to see their father, king Dasaratha.  ", दत्त्वा तु सह वैदेह्या ब्राह्मणेभ्यो धनं बहु।जग्मतुः पितरं द्रष्टुं सीतया सह राघवौ।। ,"<verse>
दत्त्वा तु विपुलं वित्तं ब्राह्मणेभ्यो नृपात्मजौ ।
सीतया सह राजानं द्रष्टुं दशरथं ययुः ॥
</verse>",False
 My sorrow will go only with his death. My happiness and my life are also subject to his destruction. , तद्विनाशाद्धि मे दुःखं प्रणष्टं स्यादनन्तरम्।सुखं मे जीवितं चैव तद्विनाशनिबन्धन।। ,"<verse>
मे दुःखं तद्वधेनैव विनाशं समुपैष्यति ।
तन्नाशे मे सुखं चायुस्तदधीनं भविष्यति ॥
</verse>",False
 Rama in anger looked like Lord Siva ready to destroy the sacrifice of Daksha.  , तस्य क्रुद्धस्य रूपं तु रामस्य ददृशे तदा।दक्षस्येव क्रतुं हन्तुमुद्यतस्य पिनाकिनः।। ,"<verse>
क्रुद्धः स राघवो भाति क्रोधाविष्टाशयो भृशम्।
दक्षयज्ञविनाशाय प्रवृत्त इव शङ्करः॥
</verse>",False
" Courageous son of Vali, enraged, with all speed, slapped the Rakshasas ear adorned with shining earrings, with his palm. ", तंसमासाद्यवेगेनवालिपुत्रःप्रतापवान् ।।तलेनाभ्यहनत्क्रुद्धः कर्णमूले सकुण्डले । ,"<verse>
वालिसूनुर्महावीर्यः क्रुद्धः परमवेगवान् ।
तद् दीप्तकुण्डलं रक्षस्तलेन कर्णमभ्यहन् ॥
</verse>",False
 The dreadful great sound that arose from the bow strings of both Rama and Ravana was astonishing to witness. , तयोर्ज्यातलनिर्घोषारामरावणयोर्महान् ।।त्रासनःसर्वभूतानांबभूवाद्भुतदर्शनः । ,"<verse>
रामरावणयोर्ज्याभ्यां समुत्थो भैरवो रवः ।
घोरश्चाद्भुतरूपोऽभूद् द्रष्टॄणां विस्मयावहः ॥
</verse>",False
 Let this Sita be led into the Asoka grove. There sit round her and protect her in secret her presence there should not be made public. , अशोकवनिकामध्ये मैथिली नीयतामियम्।तत्रेयं रक्ष्यतां गूढं युष्माभिः परिवारिता।। ,"<verse>
अशोकवनिकां सीता नीयतामियमाशु वै ।
तत्रैनां संवृतां गूढां रक्षध्वं च समन्ततः ॥
</verse>",False
" Your long arms and spherelike shoulders appear as strong as iron clubs. Although they deserve to be decked with ornaments, how is it they are unadorned? ", आयताश्च सुवृत्ताश्च बाहवः परिघोपमाः।सर्वभूषणभूषार्हाः किमर्थं न विभूषित।। ,"<verse>
महापरिघसङ्काशौ बाहू वृत्तौ सुसंहतौ ।
सर्वभूषार्हयोग्यौ च किमर्थं न विभूषितौ ॥
</verse>",False
"  When I was issueless, I obtained mighty and valiant Rama with great effort as a son. How can I banish him?  ", अपुत्रेण मया पुत्रश्श्रमेण महता महान्।रामो लब्धो महाबाहु स्सकथं त्यज्यते मया।। ,"<verse>
अनपत्येन कृच्छ्रेण लब्धो रामो महाबलः ।
तं वीरं तनयं कान्तं कथं विवासयाम्यहम् ॥
</verse>",False
" The tenheaded Ravana, having fallen under the sway of death could not tolerate Malyavathas words of advice. ", तत्तुमाल्यवतोवाक्यंहितमुक्तंदशाननः ।नमर्षयतिदुष्टात्माकालस्यवशमागतः ।। ,"<verse>
कालस्य वशमापन्नो दशग्रीवो निशाचरः ।
हितं माल्यवतो वाक्यं सोढुं तन्न शशाक सः ॥
</verse>",False
" Cruel people, who are despised by the world for their sinful deeds, will not  be prosperous for long just like trees with decayed roots. ", न चिरं पापकर्माणः क्रूरा लोकजुगुप्सिताः।ऐश्वर्यं प्राप्य तिष्ठन्ति शीर्णमूला इव द्रुमाः।। ,"<verse>
न चिरं पापकर्मणः क्रूरा लोकविगर्हिताः ।
ऐश्वर्यं प्राप्य तिष्ठन्ति शीर्णमूला इव द्रुमाः ॥
</verse>",False
 Ravana seeing the innumerable army force of monkeys which was impossible to count again enquired looking at Saarana. , तदपारमसंख्ख्येयंवानराणांमहद्बलं ।अलोक्यरावणोराजापरिपप्रच्छसारणम् ।। ,"<verse>
असंख्येयं कपीनां च सैन्यं दृष्ट्वा स रावणः ।
स सारणमुदीक्ष्याथ पुनः पप्रच्छ सत्वरम् ॥
</verse>",False
" If you approve the action, of the distinguished Janaka, let us hurry to the city of Mithila. Let there be no delay"". ", यदि वो रोचते वृत्तं जनकस्य महात्मन:।पुरीं गच्छामहे शीघ्रं मा भूत्कालस्य पर्यय:।। ,"<verse>
यदि ते रोचते कार्यं जनकस्य महात्मनः ।
मिथिलां नगरीं यामः मा भूत् कालव्यतिक्रमः ॥
</verse>",False
" He described Ravanas destruction, the reunion with Sita in the enemycity, the coronation of Vibhishana and the sighting of Pushpaka. ", रावणस्य विनाशं च सीतावाप्तिमरे: पुरे ।विभीषणाभिषेकं च पुष्पकस्य च दर्शनम् ।।    ,"<verse>
रावणस्य वधं युद्धे शत्रुपुर्यां च सङ्गमम् ।
विभीषणाभिषेकं च दर्शनं पुष्पकस्य च ॥
</verse>",False
" O Rama king Adhurtarajasa constructed Dharmaranya, the best of cities and king Vasu, the city of Girivrajam. ", अधूर्तरजसो राम धर्मारण्यं महीपति:।चक्रे पुरवरं राजा वसुश्चक्रे गिरिव्रजम्।। ,"<verse>
अधूर्तरजसो राम धर्मारण्यं महामतिः ।
चक्रे पुरवरं राजा वसुश्चक्रे गिरिव्रजम् ॥
</verse>",False
" Here is Rama, an heir of the Ikshvaku family, known to the people and I am his younger brother Lakshmana for your information. ", अयमिक्ष्वाकुदायादो रामो नाम जनैश्श्रुतः।अस्यैवावरजं विद्दि भ्रातरं मां च लक्ष्मणम्।। ,"<verse>
अयम् इक्ष्वाकुदायादो रामो नाम जनैः श्रुतः ।
तस्याहं लक्ष्मणो नाम भ्राता कनिष्ठको ह्यहम् ॥
</verse>",False
" ""O Ravana! You have no control over your mind, and if you come in the range of my eyesight and enter the three worlds also you will not go alive again."" ", यद्वाविशसिलोकांस्त्रीन्पक्षीभूतोमनोजवः ।ममचक्षुष्पथंप्राप्यनजीवन्प्रतियास्यसि ।। ,"<verse>
रावणासंयतात्मासि मम चक्षुष्पथं गतः।
लोकांस्त्रीनपि संप्राप्य न जीवन् प्रतियास्यसि॥
</verse>",False
" Getting up at dawn, Bharata boarded his excellent chariot and set forth swiftly, longing to see Rama.  ", तत स्समुत्थितः काल्यमास्थाय स्यन्दनोत्तमम्।प्रययौ भरतश्शीघ्रं रामदर्शनकाङ्क्षया।। ,"<verse>
प्रभाते भरतः श्रीमान् रामदर्शनलालसः ।
आरुह्य स्यन्दनश्रेष्ठं त्वरितं प्रययौ तदा ॥
</verse>",False
 By the letting down of the dart that resembled the glow of Indra that part of the land was indeed popularly known as Marakantara Marwar and Bikaner region of Rajasthan. , तेनतन्मरुकान्तारंपृथिव्याखलुविश्रुतम् ।निपातितश्शरोयत्रवज्राशनिसमप्रभः ।। ,"<verse>
शक्रप्रभेषुपातेन स भूभागो बभूव ह ।
मरुकान्तार इत्येवं विख्यातो जगतीतले ॥
</verse>",False
 O Joy of the Raghus Rama thereafter Varunas daughter Varuni goddess of wine came out searching for a consort. , वरुणस्य तत: कन्या वारुणी रघुनन्दन ।उत्पपात महाभागा मार्गमाणा परिग्रहम्।। ,"<verse>
वारुणी तु ततो राम प्रादुरासीद् यशस्विनी ।
मार्गमाणा पतिं कन्या वरुणस्य महात्मनः ॥
</verse>",False
 I will never accept the evil deed committed by my mother. From here itself I shall pay obeisance with folded palms to my brother who dwells in the impenetrable forest.    , यद्धि मात्रा कृतं पापं नाहं तदपि रोचये।इहस्थो वनदुर्गस्थं नमस्यामि कृताञ्जलिः।। ,"<verse>
मातुस्तु दुष्कृतं कर्म नाहं मंस्ये कदाचन ।
दुर्गारण्यस्थितं ज्येष्ठं इतो वन्दे कृताञ्जलिः ॥
</verse>",False
" Seeing Lakshmana in this state, just as in dream, my limbs are retrieving while walking, being on the point of death intense sorrow is growing and the desire to live is gone. ", अवसीदन्तिगात्राणिस्वप्नयानेनृणामिव ।चिन्तामेवर्ततेतीव्रामुमूर्षापि च जायते ।। ,"<verse>
दृष्ट्वा तु लक्ष्मणं दीनं गात्राणि स्वप्नवद्गतौ।
मुमूर्षोर्वर्धते शोको न च मे जीविते स्पृहा॥
</verse>",False
"  Having heard the words of the officiating priests, the king Sagara addressed his sixty thousand sons in the sacrificial assembly, saying ", उपाध्यायवच श्श्रुत्वा तस्मिन् सदसि पार्थिव:।षष्टिं पुत्रसहस्राणि वाक्यमेतदुवाच ह।। ,"<verse>
ऋत्विजां वचनं श्रुत्वा षष्टिसहस्रपुत्रकान्।
यज्ञवाटगतो राजा सगरो वाक्यमब्रवीत्॥
</verse>",False
" Watching Lakshmana in that situation, most courageous Raghava, out of brotherly affection felt despondent at heart. ", तदवस्थंसमीपस्थोलक्ष्मणंप्रेक्ष्यराघवः ।भ्रातृस्नेहान्महातेजाविषण्णहृदयोऽभवत् ।। ,"<verse>
तं तथा लक्ष्मणं दृष्ट्वा भ्रातृस्नेहाच्च राघवः ।
महाधैर्येण युक्तोऽपि विषादमगमत्परम् ॥
</verse>",False
" Thus reproached by many a harsh word, like needle pricking a wound, the sinless Bharata was intensely pained.   ", इत्यादिबहुभिर्वाक्यैः क्रूरैः सम्भर्त्सितोऽनघः।विव्यथे भरतस्तीव्रं व्रणे तुद्येव सूचिना।। ,"<verse>
एवं बहुविधैर्वाक्यैः परुषैर्व्रणसूचिवत् ।
अनघो भरतः श्रीमान् भृशं सन्तापमागमत् ॥
</verse>",False
" Hanuman tell both Rama and Lakshman who are like two lions, Sugriva and his ministers about my welfare. ", हनुमन् सिंहसंकाशावुभौ तौ रामलक्ष्मणौ।।सुग्रीवञ्च सहामात्यं सर्वान् ब्रूया ह्यनामयम्। ,"<verse>
सिंहतुल्यौ च तौ वीरौ भ्रातरौ रामलक्ष्मणौ ।
सुग्रीवं च सहामात्यं ब्रूहि मे कुशलं कपे ॥
</verse>",False
" Lakshmana said to Guha, O sinless one when all of us are under your righteous protection we have nothing to fear. ", लक्ष्मणस्तं तदोवाच रक्ष्यमाणास्त्वयानघ।नात्र भीता वयं सर्वे धर्ममेवानुपश्यता।। ,"<verse>
लक्ष्मणोऽथ गुहं प्राह भोऽनघ त्वयि रक्षति ।
धर्मेण पालितानां नो न भयं विद्यते क्वचित् ॥
</verse>",False
" With cruel minded Rakshasa killed, celebrities showered rain of flowers praising the wonderful deed. ", ववर्षुःपुष्पवर्षाणितदद्भुतमिवाभवत् ।प्रशशंसुर्हतेतस्मिन्राक्षसेक्रूरकर्मणि ।। ,"<verse>
हते क्रूराशये रक्षे देवाः पुष्पमवाकिरन् ।
प्रशंसन्तोऽद्भुतं कर्म मुदिताः सुरसत्तमाः ॥
</verse>",False
" These homes were shining like white clouds, with wonderful garlands hung on, filled with abundance of wealth, grains and best of females. ", पाण्डुराभ्रप्रकाशानि दिव्यमाल्ययुतानि च।प्रभूतधनधान्यानि स्त्रीरत्नै श्शोभितानि च।। ,"<verse>
तानि श्वेताभ्रशुभ्राणि चित्रमाल्यावृतानि च ।
धनधान्यसमृद्धानि वरस्त्रीभिर्विरेजिरे ॥
</verse>",False
" I came here equipped with bows, arrows and weapons, asked by ascetics to kill in the battle sinners like you who are offending them. ", युष्मान्पापात्मकान्हन्तुं विप्रकारान्महाहवे।ऋषीणां तु नियोगेन प्राप्तोऽहं सशरायुधः।। ,"<verse>
इह चास्म्यभिसम्प्राप्तस्त्वद्विधानां रणे वधे ।
अर्थितस्तपसा युक्तैः सायुधः सधनुःशरः ॥
</verse>",False
" ""I shall destroy the city of Lanka and pay my respects to Mythili right under the nose of all demons. I will return with my purpose accomplished.  ", अर्दयित्वा पुरीं लङ्कामभिवाद्य च मैथिलीम्।समृद्धार्थो गमिष्यामि मिषतां सर्वरक्षसाम्।। ,"<verse>
लङ्कां प्रमथ्य दुर्धर्षां प्रणम्य जनकात्मजाम् ।
कृतार्थः संनिवर्तिष्ये पश्यतामेव रक्षसाम् ॥
</verse>",False
" Now Vali was able to see clearly. Rama consoled him with words of peace and tranquillity, truth and righteousness. ", स तमाश्वासयद्रामो वालिनं व्यक्तदर्शन।।सामसम्पन्नया वाचा धर्मतत्त्वार्थयुक्तया। ,"<verse>
ततो वाली विबुद्धात्मा रामस्तमन्वसान्त्वयत् ।
धर्मशान्तिसमोपेतैः सत्यवाक्यैः शमोत्तरैः ॥
</verse>",False
" O princess from Mithila, put on all garlands of wonderful fragrance and finest of jewels here with me.  ", इह माल्यानि सर्वाणि दिव्यगन्धानि मैथिलि।।भूषणानि च मुख्यानि सेवस्व च मया सह।। ,"<verse>
विचित्राणि च माल्यानि सुगन्धीनि च मैथिलि ।
रत्नानि च महार्हाणि मयेह परिधारय ॥
</verse>",False
 Listen to the screams of the peacocks in the forest. The Ganga is flowing fast to merge in the sea. We need to cross it.  , बर्हिणानां च निर्घोषः श्रूयते नदतां वने।तराम जाह्नवीं सौम्य शीघ्रगां सागरङ्गमाम्।। ,"<verse>
मयूराणां रुतं घोरं वने त्वं शृणु सादरम् ।
समुद्रं याति वेगेन तर्तव्या जाह्नवी च नः ॥
</verse>",False
" Since you, O lord of men, you have killed an ascetic unaware, as kshatriya the sin of slaying a brahmin will not accrue to you immediately.  ", अज्ञानात्तु हतो यस्मात्क्षत्रियेण त्वया मुनिः। तस्मात्त्वां नाविशत्याशु ब्रह्महत्या नराधिप।। ,"<verse>
अज्ञानात्तु हतो यस्मात्क्षत्रियेण त्वया नृप।
तस्मात्त्वां नाद्य सद्यो वा ब्रह्महत्या प्रधक्ष्यति॥
</verse>",False
 Then the Lord of Rakshasas dispersed the complete army of Vanaras with arrows burning like fire and resembling venomous serpents. , ततःपावकसङ्काशैश्शरैराशीविषोपमैः ।वानराणामनीकानिबिभेदसमरेप्रभुः ।। ,"<verse>
ततो राक्षसराजोऽसौ समग्रां वानरीं चमूम् ।
दीप्ताग्निविषसर्पाभैः शरैर्व्यद्रावयद् रणे ॥
</verse>",False
" At this time, Bharata,  accompanied by his subjects, must be daily going to river Sarayu for ablution. ", सोऽपि वेलामिमां नूनमभिषेकार्थमुद्यतः।वृतः प्रकृतिभिर्नित्यं प्रयाति सरयूं नदीम्।। ,"<verse>
अस्मिन् काले स्वपौरैश्च सरयूं याति नित्यशः ।
स्नानाय भरतो नूनं प्रभाते रघुनन्दनः ॥
</verse>",False
" ""This calamity that has come upon me was because I have not taken such auspicious advice rendered by the great soul Vibheeshana."" ", तदिदंमामनुप्राप्तंविभीषणवचश्शुभम् ।यदज्ञानान्मयातस्य न गृहीतंमहात्मनः ।। ,"<verse>
विभीषणेन यत्प्रोक्तं शुभं वाक्यं महात्मना।
तस्यानादरणात्प्राप्ता विपदेषा ममोपरि॥
</verse>",False
" This black antelope with all its limbs is wellcooked. O divine sire, you may make theoffering to Vastu devata in which you are proficient. "," अयं सर्व: समस्ताग्ङ: श्रृत: कृष्णमृगो मया।

देवतां देवसङ्काश यजस्व कुशलो ह्यसि।।
  ","<verse>
अयं कृष्णः शृतः सर्वः समस्ताङ्गः समेधितः ।
देवता वास्तुसंयुक्ता यजस्व कुशलो ह्यसि ॥
</verse>",False
" After Lakshmana had spoken that way, Indrajith, endowed with mighty prowess, and victorious in combat seized a terrific bow and released pointed arrows. ", एवमुक्तोधनुर्भीमंपरामृश्यमहाबलः ।।ससर्जनिशितान्बाणानिंद्रजित्समितिञ्जयः । ,"<verse>
इत्युक्ते लक्ष्मणेनैव महावीर्यो रणे जयी ।
जग्राह कार्मुकं घोरमिन्द्रजिन्मुमुचे शितान् ॥
</verse>",False
"  O king, right now having given two boons, you are speaking otherwise. You are bringing blemish to kings of the Ikshwaku race ", किल्बिषत्वं नरेन्द्राणां करिष्यसि नराधिप।यो दत्वा वरमद्यैव पुनरन्यानि भाषसे।। ,"<verse>
दत्त्वा वरद्वयं राजन्नन्यथा भाषसेऽद्य वै ।
ऐक्ष्वाकनृपतीनां च कलङ्कं कुरुषे प्रभो ॥
</verse>",False
" ""O great vanara, If on the other hand you have come here as Ramas messenger I wish you well. I love Ramas story. Tell me. ", यदि रामस्य दूतस्त्वमागतो भद्रमस्तु ते।।पृच्छामि त्वां हरिश्रेष्ठ प्रिया रामकथा हि मे। ,"<verse>
अथ वा त्वं हरिश्रेष्ठ रामदूतः समागतः ।
कल्याणं तेऽस्तु मे ब्रूहि प्रिया रामकथा हि मे ॥
</verse>",False
" Sugriva, the monkey king, was installed by him and crowned as king of the monkeys. Sugriva is the king of all great monkeys. We have been sent by him in search of Sita. ", स राज्ये स्थापितस्तेन सुग्रीवो वानराधिपः।राजा वानरमुख्यानां येन प्रस्थापिता वयम्।। ,"<verse>
तेन राज्येऽभिषिक्तोऽसौ सुग्रीवः प्लवगेश्वरः ।
तेन प्रस्थापिताः सर्वे वयं सीतादिदृक्षवः ॥
</verse>",False
  I have been so instructed by my parents about diverse duties in all stages of life that I need not be told anything about my duties now. , अनुशिष्टाऽस्मि मात्रा च पित्रा च विविधाश्रयम्।नाऽस्मि सम्प्रति वक्तव्या वर्तितव्यं यथा मया।। ,"<verse>
अनुशिष्टास्मि मात्रा च पित्रा च विविधाः क्रियाः ।
साहं नाद्यानुशास्या हि त्वया धर्मविशारद ॥
</verse>",False
" Thereafter, Kausalya surrounded by three hundred and fifty  ladies who were faithful to their vows, reached there slowly with their eyes turned copperred in grief. ", अर्धसप्तशतास्तास्तु प्रमदास्ताम्रलोचनाः।कौसल्यां परिवार्याथ शनैर्जग्मुर्धृतव्रताः।। ,"<verse>
कौसल्यां परिवार्याथ सार्धं शतत्रयं स्त्रियः ।
शोकार्तास्ताः सुताम्राक्ष्योधृतव्रताः शनैर्ययुः ॥
</verse>",False
" Some Rakshasa Charioteers riding on chariots, some on proud elephants and some on horses sporting away followed the tenheaded Ravana. ", रथैश्चातिरथाश्शीघ्रंमत्तैश्चवरवारणैः ।अनूत्पेतुर्दशग्रीवमाक्रीडद्भिश्चवाजिभिः ।। ,"<verse>
रथेष्वास्थाय केचिच्च केचिन्मत्तैर्महाद्विपैः ।
हयानारुह्य खेलन्तस्तं दशग्रीवमन्वयुः ॥
</verse>",False
" O Kausalya, my heart, it appears is sinking and on account of delusion I am not able to feel the sense objects like sound touch and taste together. ", कौसल्ये चित्तमोहेन हृदयं सीदतीव मे।वेदये न च संयुक्तान् शब्दस्पर्शरसानहम्।। ,"<verse>
कौसल्ये हृदयं मेऽद्य सीदतीव विमुह्यति ।
शब्दस्पर्शरसांश्चैव न विजानामि मोहतः ॥
</verse>",False
" While Sita was crying, O Rama, O Lakshmana, Ravana, lord of the demons, carried her back into the sky. ", स तु तां राम रामेति रुदन्तीं लक्ष्मणेति च।जगामादाय चाकाशं रावणो राक्षसाधिपः।। ,"<verse>
हा राम लक्ष्मणेत्येवं क्रन्दन्तीं राक्षसेश्वरः ।
तां प्रगृह्य बलोन्मत्तः खमुत्पत्य जगाम सः ॥
</verse>",False
" ""None could face you in war including Indra, Maruts and gods because of your skill and the power of your astras. ", तवास्त्रबलमासाद्य ससुराः समरुद्गणाः।न शेकुस्समरे स्थातुं सुरेश्वरसमाश्रिताः।। ,"<verse>
सेन्द्राः सामरुता देवा न त्वां युधि विषेहिरे।
तवास्त्राणां प्रभावेण लाघवाच्च बलेन च॥
</verse>",False
" Some were pound by iron bars, some were torn up, some split and some pierced and cut ceased in life. ", परिघैर्मथिताःकेचिद्भिण्डिवालैर्विदारिताः ।पट्टसैराहता: केचिद्विह्वलन्तोगतासवः ।। ,"<verse>
केचित्परिघनिष्पिष्टा विदारितास्तथापरे ।
भिन्नाश्छिन्नास्तथा विद्धाः प्राणैश्चापि वियोजिताः ॥
</verse>",False
" He who can bring down the Moon to the earth from the sky or even dash it down, he who can drain the sea dry will definitely release me from here. ", यश्चन्द्रं नभसो भूमौ पातयेन्नाशयेत वा।सागरं शोषयेद्वापि स सीतां मोचयेदिह।। ,"<verse>
नभसः पातयेद्यो वा चन्द्रं भूमौ क्षिपेदपि ।
शोषयेद्वा महाम्भोधिं स मां मुञ्चेद्ध्रुवं त्वितः ॥
</verse>",False
 You can go upto even a hundred thousand yojanas and have the required energy to return also. But it is not proper to send you because you are the heir apparent.  , कामं शतं सहस्रं वा न ह्येष विधिरुच्यते।योजनानां भवान् शक्तो गन्तुं प्रतिनिवर्तितुम्।। ,"<verse>
गन्तुं शतसहस्रं त्वं योजनानां निवर्तितुम् ।
शक्तोऽसि किन्तु न न्याय्यं युवराजनियोजनम् ॥
</verse>",False
" Sita who knows not the forest will now live in terror, listening to the hairraising, horrible roars of wild animals. ", अनभिज्ञा वनानां सा नूनं भयमुपैष्यति।श्वापदानर्दितं श्रुत्वा गम्भीरं रोमहर्षणम्।। ,"<verse>
अज्ञात्वा काननं सीता भीता चाद्य निवत्स्यति ।
श्रुत्वा वन्यमृगारावान् घोरान् रोमाञ्चकारिणः ॥
</verse>",False
" Let some rivers flow with liquor made of datepalms, some with wellprepared wine and some with cool water which tastes like sugarcane juice. ", अन्या स्रवन्तु मैरेयं सुरामन्यास्सुविष्ठिताम्।अपरा श्चोदकं शीतमिक्षुकाण्डरसोपमम्।। ,"<verse>
काश्चित् खर्जूरसीधोश्च नद्यो वान्तु सुसंस्कृताः ।
काश्चिच्छीतोदकैः पूर्णा इक्षुदण्डरसोपमैः ॥
</verse>",False
" Alas, my noble lady, where have you gone? O chaste lady of excellent complexion, that queen Kaikeyis desire will be fulfilled now. ", हा ममार्ये क्व यातासि हा साध्वि वरवर्णिनि।।हा सकामा त्वया देवी कैकेयी सा भविष्यति। ,"<verse>
हा प्रिये क्व गतासि त्वं सुवृत्ते वरवर्णिनि।
इदानीं सा सकामास्तु कैकेयी राजपुत्रिका॥
</verse>",False
" ""O Destroyer of foes Who is there to question Lord since you are Lord? Setting your foot on the head of enemy you may sport with Sita."" ", ईश्वरस्येश्वरःकोऽस्तितवशत्रुनिबर्हण: ।रमस्वसहवैदेह्याशत्रूनाक्रम्यमूर्धसु ।। ,"<verse>
कस्त्वां प्रष्टुं प्रभो शक्तस्त्वं हि शत्रुनिबर्हण ।
शत्रोर्मूर्ध्नि पदं दत्त्वा सीतया सह रंस्यसे ॥
</verse>",False
" Protected by the weapon of Brahma, effulgent as the orbit of the Sun, the son of Ravana was endowed with mighty prowess and was difficult to gain over. ", तेनचादित्यकल्पेनब्रह्मास्त्रण च पालितः ।स बभूवदुराधर्षोरावणिस्सुमहाबलः ।। ,"<verse>
सूर्यमण्डलसंकाशो ब्रह्मास्त्रपरिरक्षितः ।
रावणिस्तु महावीर्यो दुराधर्षः सुदुर्जयः ॥
</verse>",False
" Viswamitra, the great sage radiating energy addressing Rama said, ""O child of kakusthsa dynasty I shall tell you whose dreadful forest this is. Listen"" ", तमुवाच महातेजा विश्वामित्रो महामुनि:।श्रूयतां वत्स काकुत्स्थ यस्यैतद्दारुणं वनम्।। ,"<verse>
विश्वामित्रो महातेजा रामं वचनमब्रवीत् ।
शृणु काकुत्स्थ वक्ष्यामि यस्यैतद्दारुणं वनम् ॥
</verse>",False
" O highminded one thinking that the next world does not exist, practise whichever is evident and perceivable. And turn your back on what is beyond perception. ", स नास्ति परमित्येव कुरु बुद्धिं महामते।प्रत्यक्षं यत्तदातिष्ठ परोक्षं पृष्ठतः कुरु।। ,"<verse>
स नास्ति परमित्येव कुरु बुद्धिं महामते ।
प्रत्यक्षं यत्तदातिष्ठ परोक्षं पृष्ठतः कुरु ॥
</verse>",False
" While Dasaratha was thus lamenting with a distracted mind, the Sun set and night fell.  ", तथा विलपतस्तस्य परिभ्रमितचेतसः।।अस्तमभ्यगमत्सूर्यो रजनी चाभ्यवर्तत। ,"<verse>
एवं दशरथे राज्ञि विलपत्याकुलात्मनि।
अस्तमभ्यगमत्सूर्यो रजनी चाभ्यवर्तत॥
</verse>",False
" ""O Hanuman to the lionlike brothers Rama and Lakshmana, to Sugriva  including his ministers and to every one convey my good wishes. ", हनुमन्सिंहसङ्काशौ भ्रातरौ रामलक्ष्मणौ।सुग्रीवं च सहामात्यं सर्वान् ब्रूयाह्यनामयम्।। ,"<verse>
सिंहसंकाशयोर्वीर रामलक्ष्मणयोस्तथा ।
सुग्रीवस्य सहामात्यैः सर्वेषां कुशलं वद ॥
</verse>",False
 O king that great Rama entreated us in a friendly manner by saying O friend we should always give to others but should never accept anything from others. , न ह्यस्माभिः प्रतिग्राह्यं सखे देयं तु सर्वदा।इति तेन वयं राजन्ननुनीता महात्मना।। ,"<verse>
इत्यस्मान् सान्त्वयन् राम उवाच स महीपते ।
देयं मित्र सदास्माभिर्न ग्राह्यं तु कदाचन ॥
</verse>",False
 O son I was saved from Indra by your kind father Maruta who dropped me in this great  ocean. , अहं तु मोक्षितस्तस्मात्तव पित्रा महात्मना।।मारुतेन तदा वत्स प्रक्षिप्तोऽस्मि महार्णवे। ,"<verse>
शक्रात् त्रातोऽस्मि ताताहं पित्रा ते मारुतेन च ।
अस्मिन् महोदधौ क्षेपात् कृपया च महात्मना ॥
</verse>",False
" ""It is good for you to give me back to Rama, the foremost in the Raghu dynasty. Otherwise you will face death. ", एवं हि ते भवेत्स्वस्ति सम्प्रदाय रघूत्तमे।।अन्यथा त्वं हि कुर्वाणो वधं प्राप्स्यसि रावण। ,"<verse>
मां देहि रघुमुख्याय तव क्षेमं भविष्यति ।
अन्यथा मरणं घोरं शीघ्रं त्वं हि गमिष्यसि ॥
</verse>",False
"  With his frown, his face looked frightening like the face of a lion provoked. ", तस्य दुष्प्रतिवीक्षं तद्भ्रुकुटीसहितं तदा।बभौ क्रुद्धस्य सिंहस्य मुखस्य सदृशं मुखम्।। ,"<verse>
भ्रुकुट्या कुटिलं तस्य मुखमासीद्भयङ्करम् ।
प्रकोपितस्य सिंहस्य वदनं भीषणं यथा ॥
</verse>",False
" Unable to tolerate the sound, Vali jumped out of the harem along with the women like the Moon with stars. ", अन्तःपुरगतो वाली श्रुत्वा शब्दममर्षणः।निष्पपात सह स्त्रीभिस्ताराभिरिव चन्द्रम।। ,"<verse>
श्रुत्वा नादममर्षी स वाली चान्तःपुराद्बहिः ।
स्त्रीभिः सह विनिष्क्रान्तस्ताराभिरिव चन्द्रमाः ॥
</verse>",False
" Deluded by her senses, Vaidehi said these words, shedding tears when I  tried to console  her ", एवमुक्ता तु वैदेही परिमोहितचेतना।उवाचाश्रूणि मुञ्चन्ती दारुणं मामिदं वचः।। ,"<verse>
सान्त्व्यमाना मया सा तु मुञ्चन्ती बाष्पमाकुला।
इन्द्रियैर्मोहिता साध्वी वैदेही वाक्यमब्रवीत्॥
</verse>",False
" In the meanwhile, right now all of you should think quietly and try to know the reason for Lakshmanas anger, using your intellect and expertise logically and decide the course of action.  ", अत्र तावद्यथाबुद्धि सर्वैरेव यथाविधि।भावस्य निश्चयस्तावद्विज्ञेयो निपुणं शन।। ,"<verse>
तावदद्यैव संभूय बुद्ध्या कार्यं विचिन्त्यताम् ।
कोपस्य लक्ष्मणस्यापि हेतुर्विज्ञायतां बुधैः ॥
</verse>",False
" When Ravana was happily asleep, the gods of light burning on the gold lampposts gazed without winking as it were, at the women, whom they dare  not gaze for fear of waking Ravana. ", रावणे सुखसंविष्टे तास्त्रियो विविधप्रभाः।ज्वलन्तः काञ्चना दीपाः प्रैक्षन्तानिमिषा इव।। ,"<verse>
सुखे सुप्ते दशग्रीवे हेमदीपस्थितैः सुरैः ।
भयात्पूर्वमदृष्टास्ता अनिमेषं विलोकिताः ॥
</verse>",False
" Great selfRaghava having spoken like that, Saumithri, very happily arranged to get a golden vessel. ", एवमुक्तस्तुसौमित्रीराघवेणमहात्मना ।।तथेत्युक्त्वासुसम्हृष्टःसौवर्णंघटमाददे । ,"<verse>
राघवेण महात्मना इत्युक्तः परमोदितः ।
सौमित्रिः स्वर्णपात्रं तदानयामास सत्वरम् ॥
</verse>",False
" While Hanuman was drawing big clouds which were either white or red or blue or yellow, he looked charming. ", पाण्डुरारुणवर्णानि नीलमाञ्जिष्ठकानि च।कपिनाकृष्यमाणानि महाभ्राणि चकाशिरे।। ,"<verse>
श्वेतान्यरुणनीलानि पीतानि च महाकपिः ।
आकर्षन् वै महाभ्राणि शुशुभे चारुदर्शनः ॥
</verse>",False
" O monkeys if you have been relieved of your fatigue after eating fruits, now tell me about yourself, if you think it can be told. I want to hear. ", वानरा यदि वः खेदः प्रनष्टः फलभक्षणात्।यदि चैतन्मया श्राव्यं श्रोतुमिच्छामि कथ्यताम्।। ,"<verse>
यदि भुक्तफला यूयं गता वो ग्लानिरन्ततः।
आख्यातुं यदि योग्येयं श्रोतुमिच्छामि वानराः॥
</verse>",False
" ""We decided to give up our lives since we were unable to see the feet of the queen Sita even after searching the forest fortresses and the banks of mountain streams. ", विचित्य वनदुर्गाणि गिरिप्रस्रवणानि च।अनासाद्य पदं देव्याः प्राणांस्त्यक्तुं समुद्यताः।। ,"<verse>
विचित्य वनदुर्गाणि शैलानां च नदीतटे ।
अदृष्ट्वा जानकीपादौ प्राणत्यागे समुद्यताः ॥
</verse>",False
" Then Vibheeshana, Sugriva, Hanuman, Jambavan, Nala, Neela in the same way Lakshmana followed. ", तंविभीषणसुग्रीवौहनूमाञ्जाम्बवान्नळ ।ऋक्षराजस्तथानीलोलक्ष्मणश्चान्वयुस्तदा ।। ,"<verse>
विभीषणश्च सुग्रीवो हनूमाञ्जाम्बवांस्तथा ।
ततो नलोऽथ नीलोऽपि लक्ष्मणोऽप्यन्वगात्तदा ॥
</verse>",False
" ""O one with a face like the cool fullmoon, with heavy hips. I am unable to extricate my eyes from any limb of your body I see. ", यद्यत्पश्यामि ते गात्रं शीतांशुसदृशानने।तस्मिंस्तस्मिन् पृथुश्रोणि चक्षुर्मम निबध्यते।। ,"<verse>
यद्यत्पश्यामि ते गात्रं शीतांशुसदृशानने।
तस्मिंस्तस्मिन् पृथुश्रोणि चक्षुर्मम निबध्यते॥
</verse>",False
  , अमित्राणां वधे युक्तो मित्राणां सङ्ग्रहे रतः।।त्रिवर्गफलभोक्ता तु राजा धर्मेण युज्यते। ,"<verse>
धर्मक्षेत्रे कुरुक्षेत्रे समवेता युयुत्सवः ।
मामकाः पाण्डवाश्चैव किमकुर्वत सञ्जय ॥
</verse>",False
 O best among men  judge the facts rightly with your intellect. The wise apply their minds and know what is right and what is wrong. , तत्त्वतो हि नरश्रेष्ठ बुद्ध्या समनुचिन्तय।बुध्द्या युक्ता महाप्राज्ञा विजानन्ति शुभाशुभे।। ,"<verse>
नरश्रेष्ठ स्वबुद्ध्या त्वं तत्त्वं सम्यग्विचारय ।
सदसद्बुद्धिमन्तो हि जानन्ति स्वमनीषया ॥
</verse>",False
"  O Gentle sage I have never told a lie in spite of troubled circumstances, I shall never dabble in falsehood. I swear upon it by kshatriya morality .  ", अनृतं नोक्तपूर्वं मे न च वक्ष्ये कदाचन।कृच्छ्रेष्वपि गत स्सौम्य क्षत्रधर्मेण ते शपे।। ,"<verse>
आपद्गतेन नोक्तं मे मृषा वाक्यं मुनेऽनघ।
न वक्ष्येऽनृतमेवातः क्षात्रधर्मेण संशपे॥
</verse>",False
  Then Rama hit  with three arrows on the forehead by Trisira flew into a fury and said in a state of great excitement , ततस्त्रिशिरसा बाणैर्ललाटे ताडितस्त्रिभिः। अमर्षी कुपितोरामस्संरब्धमिदमब्रवीत्।। ,"<verse>
त्रिशिरसा ललाटे च त्रिभिर्बाणैः समाहतः ।
ततो रामः प्रचुक्रोध संरब्धो वाक्यमब्रवीत् ॥
</verse>",False
 To Maharomas was born the virtuous Swarnaroma. Swarnaromas son was Hrasvaroma. , महारोम्णस्तु धर्मात्मा स्वर्णरोमा व्यजायत।स्वर्णरोम्णस्तु राजर्षेर्ह्रस्वरोमा व्यजायत।। ,"<verse>
महरोम्णः सुतो जातः स्वर्णरोमा सुधार्मिकः ।
स्वर्णरोम्णस्तु पुत्रोऽभूद् ह्रस्वरोमा नराधिपः ॥
</verse>",False
"  The king of the gods, Indra, wielder of thunderbolt, saw the renowned Kamadhenu consumed with grief. Alarmed, he said to her with palms joined in reverence ", तां दृष्ट्वा शोकसन्तप्तां वज्रपाणिर्यशस्विनीम्।इन्द्रः प्राञ्जलिरुद्विग्न स्सुरराजोऽब्रवीद्वचः।। ,"<verse>
दृष्ट्वा कामदुहां ख्यातां वज्रपाणिः सुरेश्वरः ।
संभ्रान्तः प्राञ्जलिर्भूत्वा शोकार्तामब्रवीत्तदा ॥
</verse>",False
" Having heard from the spies that Rama has come with mighty force, Ravana got perturbed and said to the ministers. ", चाराणांरावणश्श्रुत्वाप्राप्तंरामंमहाबलम् ।जातोद्वेगोऽभवत्किञ्चित्सचिवानिदमब्रवीत् ।। ,"<verse>
चारैः श्रुत्वा समायातं रामं च सुमहाबलम् ।
स क्षुभितो दशग्रीवो मन्त्रिणो वाक्यमब्रवीत् ॥
</verse>",False
" Thus addressed by Vasistha, Rama stood facing eastward wearing these sandals. and bestowed them on me for the sake of ruling the kingdom. ", एवमुक्तो वसिष्ठेन राघवः प्राङ्मुखः स्थितः।पादुके ह्यधिरुह्यैते मम राज्याय वै ददौ।। ,"<verse>
वसिष्ठेनोदितो रामः प्राङ्मुखः संस्थितोऽभवत्।
आरोह्य पादुके चैते ममादाद् राज्यशासने॥
</verse>",False
" Go at once from here on swift horses to the city of Rajagrha and concealing signs of grief, convey these words to Bharata as my command ", पुरं राजगृहं गत्वा शीघ्रं शीघ्रजवै र्हयैः।त्यक्तशोकैरिदं वाच्य श्शासनाद्भरतो मम।। ,"<verse>
इतो गच्छत वेगेन हयै राजगृहं प्रति ।
गूढशोकाः समासाद्य भरतं ब्रूत मद्वचः ॥
</verse>",False
 He was unafraid of death in the hands of gods or demons or gandharvas or pisachas or birds or snakes in war except humans. , देवदानवगन्धर्वपिशाचपतगोरगैः।अभयं यस्य सङ्ग्रामे मृत्युतो मानुषादृते।। ,"<verse>
सुरगन्धर्वदैत्येभ्यः पिशाचोरगपक्षिभ्यः ।
रणे मृत्युभयं नासीत्केवलं मानुषादृते ॥
</verse>",False
" With the blood drained out of the venison, Lakshmana roasted it and cooked it well, and then said to Rama, the tiger best among men.     ", तन्तु पक्वं परिज्ञाय निष्टप्तं छिन्नशोणितम्।लक्ष्मण: पुरुषव्याघ्रमथ राघवमब्रवीत्।। ,"<verse>
मुक्तशोणितमैणेयं सुपक्वं लक्ष्मणोऽब्रवीत् ।
उवाच पुरुषव्याघ्रं राघवं पुरुषोत्तमम् ॥
</verse>",False
" Satisfied with the words of Sita, the tiger among monkeys, who was eloquent in speech said ", ततस्स कपिशार्दूलस्तेन वाक्येन तोषितः।सीतामुवाच तच्छृत्वा वाक्यं वाक्यविशारदः।। ,"<verse>
सीताया वचनैस्तुष्टो वाग्मी वाक्यविशारदः ।
वानराणां तु शार्दूल इदं वचनमब्रवीत् ॥
</verse>",False
" Saying, all is well, the great ascetic Bharadwaja, out of his affection for Rama, said to Bharata ", तथेति तत्प्रतिज्ञाय भरद्वाजो महातपाः।भरतं प्रत्युवाचेदं राघवस्नेहबन्धनात्।। ,"<verse>
कुशलं चेत्युवाचैनं भरद्वाजो महातपाः ।
स रामस्नेहभावेन भरतं वाक्यमब्रवीत् ॥
</verse>",False
" ""When the army and even the Generals were done to death in combat I was very happy. ", तच्चाप्यहं बलं सर्वं तं च राक्षसपुङ्गवम्।।नष्टौजसं रणे कृत्वा परं हर्षमुपागमम्। ,"<verse>
रणे विनिहते सैन्ये तथा सेनापतिष्वपि ।
अतीव परमां प्रीतिमवापं समरे तदा ॥
</verse>",False
" The departure of glorious Viswamitra was greeted with incessant showers of flowers, the beating of celestial drums and the blowing of conches. ", पुष्पवृष्टिर्महत्यासीद्देवदुन्दुभिनिस्वनै:।शङ्खदुन्दुभिनिर्घोष: प्रयाते तु महात्मनि।। ,"<verse>
विश्वामित्रे महावीर्ये प्रयाते पुष्पवृष्टयः ।
दिव्यदुन्दुभयो नेदुः शङ्खनादाश्च सर्वशः ॥
</verse>",False
" Thereafter, all of them, the virtuous people grieving, their minds fatigued, returned to Ayodhya the same way they had come.  ", ततो यथागतेनैव मार्गेण क्लान्तचेतसः।अयोध्यामागमन्सर्वे पुरीं व्यथितसज्जनाम्।। ,"<verse>
ततस्ते शुचयः सर्वे शोकार्ताः श्रान्तचेतसः।
यथागतं निवृत्तास्ते ह्ययोध्यां प्राविशंस्तदा॥
</verse>",False
" Raghava with his younger brother Lakshmana saw his father who was effulgent, blazing and adorned in white clothes. ", दीप्यमानंस्वयालक्ष्मविरजोऽम्भरधारिणम् ।लक्ष्मणेनसहभ्रात्राददर्शपितरंप्रभुः ।। ,"<verse>
सहानुजस्तु काकुत्स्थो लक्ष्मणेन समन्वितः ।
ददर्श पितरं दीप्तं ज्वलन्तं शुक्लवाससम् ॥
</verse>",False
 Are not the citizens of your kingdom agitated at severe punishment meted out to them reproaching your ministers?  , कच्चिन्नोग्रेण दण्डेन भृशमुद्वेजितप्रजम्।राष्ट्रं तवानुजानन्ति मन्त्रिणः कैकयीसुत।। ,"<verse>
कच्चिदुग्रेण दण्डेन भृशमुद्वेजिताः प्रजाः।
राष्ट्रे त्वामवजानन्ति मन्त्रिणः कैकयीसुत॥
</verse>",False
 Some women of Ravana overcome by blind passion smelt again and again the mouths of their cowives next to them  assuming it to be Ravanas. , रावणाननशङ्काश्च काश्चिद्रावणयोषितः।मुखानि स्म सपत्नीनामुपाजिघ्रन्पुनः पुनः।। ,"<verse>
सपत्नीवदनं काचित् प्रियस्येति पुनः पुनः ।
कामान्धा रावणस्त्री च व्याजिघ्रत् स्मरमोहिता ॥
</verse>",False
" ""O mightyarmed Rama I am fulfilled. Your fathers commands have been executed. O Illustrious one, Siddhaashrama has proved true to its name"".     Thus ends the thirtieth sarga of Balakanda of the holy Ramayana the first epic composed by sage Valmiki. ", कृतार्थोऽस्मि महाबाहो कृतं गुरुवचस्त्वया।सिद्धाश्रममिदं सत्यं कृतं राम महायश:।। ,"<verse>
कृतकृत्योऽस्मि भद्रं ते कृतं गुरुवचो मया ।
सिद्धाश्रममिदं सत्यं कृतं वीर महायशः ॥
</verse>",False
" We searched for her in the mountains, in inaccessible forests, in rivers and seas and also the countryside. ", विचिताः पर्वतास्सर्वे वनानि गहनानि च।निम्नगास्सागरान्ताश्च सर्वे जनपदाश्च ये।। ,"<verse>
पर्वतेषु च दुर्गेषु नदीषु सागरेषु च ।
तथा जनपदेष्वेव तामन्वैच्छाम वै वयम् ॥
</verse>",False
  This flaw in sacrifice will be inauspicious for all of us. Hence O king do everything which will ensure flawlessness to this sacrifice. , यज्ञच्छिद्रं भवत्येतत्सर्वेषामशिवाय न:।तत्तथा क्रियतां राजन् यथाऽच्छिद्र: क्रतुर्भवेत्।।  ,"<verse>
यज्ञे छिद्रमिदं घोरं सर्वेषामशिवाय नः।
तस्मात्कुरुष्व राजेन्द्र येनाच्छिद्रो भवेन्मखः॥
</verse>",False
" Your power is immeasurable. Even though highly valiant, Viswamitra is not greater than you in strength. Your power is unequalled.  ", अप्रमेयबलं तुभ्यं न त्वया बलवत्तर:।विश्वामित्रो महावीर्यस्तेज स्तव दुरासदम्।। ,"<verse>
अप्रमेयं बलं तेऽस्ति विश्वामित्रोऽपि वीर्यवान् ।
न त्वत्तो हि बलीयान् स तेजस्ते ह्यतुलं विभो ॥
</verse>",False
" Eager to see his brother, Bharata encamped the army and set out showing the hermitage to Satrughna. ", निविष्टायां तु सेनायामुत्सुको भरतस्तदा।जगाम भ्रातरं द्रष्टुं शत्रुघ्नमनुदर्शयन्।। ,"<verse>
स निवेश्य बलं तत्र भ्रातृदर्शनलालसः।
दर्शयन्नाश्रमोद्देशं शत्रुघ्नाय जगाम सः॥
</verse>",False
" The monkeys ordered by the king, traversed the pathway of birds and heavenly bodies, the path Lord Visnu had trod. Note the sky is called Vishnupada since Lord Visnu set his foot on the sky in his incarnation as Vamana.   ", ते पदं विष्णुविक्रान्तं पतत्रिज्योतिरध्वगाः।प्रयाताः प्रहिता राज्ञा हरयस्तत्क्षणेन वै।। ,"<verse>
ते समाज्ञापिता राज्ञा हरयो द्रुतविक्रमाः ।
खगानां ज्योतिषां मार्गं विष्णुकान्तं पदं ययुः ॥
</verse>",False
 The ascetic Vasistha having thus spoken to Rama made him undertake fast along with Sita in accompaniment with sacred hymns. , इत्युक्त्वा स तदा राममुपवासं यतव्रतम्।मन्त्रवत्कारयामास वैदेह्या सहितं मुनिः।। ,"<verse>
इत्युक्त्वा स मुनी राममुपवासमकारयत् ।
मन्त्रवत्सह वैदेह्या मन्त्रविन्मन्त्रकोविदः ॥
</verse>",False
" The sages praised him while he was coursing through the sky, the gods and gandharvas sang in praise of him extolling his majesty and vigour. ", ऋषयस्तुष्टुवुश्चैनं प्लवमानं विहायसा।जगुश्च देवगन्धर्वाः प्रशंसन्तो महौजसम्।। ,"<verse>
ऋषयस्तुष्टुवुश्चैनं प्लवमानं विहायसा ।
देवगन्धर्वमुख्याश्च जगुर्वीर्यं महौजसः ॥
</verse>",False
"  Also, a group of women mostly young maidens brought auspicious unguents, articles gratifying the senses and those necessary accessories for completion of bathing process. ", मङ्गलालम्भनीयानि प्राशनीयान्युपस्करान्।उपनिन्युस्तथाप्यन्याः कुमारीबहुलाः स्त्रियः।। ,"<verse>
कन्याप्रायास्तथा नार्यो मङ्गल्यं लेपनं शुभम् ।
स्नानोपकरणान्येव आनिन्युः करणप्रियम् ॥
</verse>",False
" O vile creature, the effort you are making to abduct me forcibly will be fruitless. ", येन त्वं व्यवसायेन बलान्मां हर्तुमिच्छसि।।व्यवसायस्स ते नीच भविष्यति निरर्थकः। ,"<verse>
बलान्मां हर्तुमिच्छंस्त्वं यत्नं करोषि दुर्मते ।
स प्रयासस्तवात्यन्तं निष्फलो हि भविष्यति ॥
</verse>",False
" As it the chariot was passing out, a tumultuoas roar emanated from the multitude of people all around.  ", ततो हलहलाशब्दस्तुमुलस्समजायत।।तस्य निष्क्रममाणस्य जनौघस्य समन्ततः। ,"<verse>
निर्यातेऽथ रथे तूर्णं जनौघानां समन्ततः ।
महानादस्तदा घोरस्तुमुलः समजायत ॥
</verse>",False
" O protector of the earth, O king, honest in keeping promises, I now seek those two boons which were reserved as deposits. ", तौ तु दत्तौ वरौ देव निक्षेपौ मृगयाम्यहम्।तथैव पृथिवीपाल सकाशे सत्यसङ्गर।। ,"<verse>
महीपाल महाराज सत्यसङ्गर पार्थिव ।
यौ तौ निक्षेपभूतौ मे वरौ सम्प्रार्थयेऽद्य वै ॥
</verse>",False
"  The white reeds, the kusha, the sara and the ishika grasses and thorny trees on the way will feel as soft as cotton or as the skin of a black antelope. ", कुशकाशशरेषीका ये च कण्टकिनो द्रुमाः।तूलाजिनसमस्पर्शा मार्गे मम सह त्वया।। ,"<verse>
कुशकाशशरेषीका ये च कण्टकिनो द्रुमाः ।
मृगाजिनसमानाश्च तूलसंस्पर्शसंयुताः ॥
</verse>",False
" ""Mythili  let passion hold its sway over my body as it will. But I shall not force you or touch you since you do not love me. ", एवं चैतदकामां तु न त्वां स्प्रक्ष्यामि मैथिलि।कामं कामः शरीरे मे यथाकामं प्रवर्तताम्।। ,"<verse>
कामः कामशरीरे मे यथाकामं प्रवर्तताम् ।
न त्वहं त्वामकामायां गात्रे संस्प्रष्टुमुत्सहे ॥
</verse>",False
" This sloka of four lines, each consisting of equal number of syllables, was recited by the maharshi. Constant recitation by others elicited admiration from the listeners. "," ﻿﻿समाक्षरैश्चतुर्भिर्य: पादैर्गीतो महर्षिणा ।

सोऽनुव्याहरणाद्भूयश्श्लोकश्श्लोकत्वमागत: ।।
  ","<verse>
समाक्षरैश्चतुर्भिर्यः पादैर्गीतो महर्षिणा ।
सोऽनुव्याहरणाद्भूयः श्लोकः श्लोकत्वमागतः ॥
</verse>",False
" I will go with you, true to the prediction of the brahmin. That time has come and let his prediction come to pass. ", कृतादेशा भविष्यामि गमिष्यामि सह त्वया। कालश्चायं समुत्पन्न स्सत्यवाग्भवतु द्विजः।। ,"<verse>
गमिष्यामि त्वया सार्धं सत्यं कर्तुं द्विजोदितम् ।
संप्राप्तः समयः सोऽयं सत्यं तद्वचनं भवेत् ॥
</verse>",False
" Then Ravanas son with the corner of his eyes turned red in anger looking like a huge collyrium, vanished from there and spoke these words to the two brothers, Rama, and Lakshmana. ", ततःपर्यन्तरक्ताक्षोभिन्नाञ्जनचयोपमः ।रावणिर्भ्रातरौवाक्यमन्तर्धानगतोऽब्रवीत् ।। ,"<verse>
महाञ्जनचयप्रख्यः संरक्ताक्षोऽथ रावणिः ।
तत्रैवान्तर्हितो वाक्यमुवाच रामलक्ष्मणौ ॥
</verse>",False
" Herbs in thousands on this king of the hills shine in the night with the splendour of  their own lustre, like flames of fire. ", निशिभान्त्यचलेन्द्रस्य हुताशनशिखा इव।ओषध्यः स्वप्रभालक्ष्म्या भ्राजमाना स्सहस्रशः।। ,"<verse>
अस्मिन् नगाधिराजे वै महौषध्यः सहस्रशः ।
स्वभासा ज्वलिता रात्रौ पावकस्य शिखा यथा ॥
</verse>",False
" Bharadwaja then said to Bharata with a gentle smile, I know you are full of love and content with whatever is offered you. ", अथोवाच भरद्वाजो भरतं प्रहसन्निव।जाने त्वां प्रीतिसंयुक्तं तुष्येस्त्वं येन केनचित्।। ,"<verse>
भरद्वाजस्ततो वाक्यं भरतं सस्मितोऽब्रवीत्।
जानामि त्वां महाप्रेमन् यल्लब्धेनापि तोषितम्॥
</verse>",False
" When the great Rama said this, Sugriva with all the four monkeys felt immeasurably glad. ", एवमुक्तस्तु सुग्रीवः काकुत्स्थेन महात्मना।प्रहर्षमतुलं लेभे चतुर्भिस्सह वानर।। ,"<verse>
एवमुक्ते तु रामेण चतुर्भिर्वानरोत्तमैः ।
सुग्रीवः सह तैर्वीरैः प्रहर्षमतुलं ययौ ॥
</verse>",False
" Burning in sorrow, the broad eyed Sita gazing at the head of her husband and the bow again and again lamented. ", इतिसदुःखसन्तप्ताविललापायतेक्षणा ।भर्तुश्शिरोधनुस्तत्रसमीक्ष्यचपुनःपुनः ।। ,"<verse>
शोकेन दह्यमाना तु विशालाक्षी पतेः शिरः ।
धनुः समीक्षमाणा सा विललाप पुनः पुनः ॥
</verse>",False
 Fie upon your heroism and strength about which you boasted. Fie upon your character that would bring calumny to the race and the world. I condemn such behaviour of yours. , धिक्ते शौर्यं च सत्त्वं च यत्त्वं कथितवांस्तदा।कुलाक्रोशकरं लोके धिक्ते चारित्रमीदृशम्।। ,"<verse>
धिक् ते वीर्यं बलं चैव यत् त्वया हि विकत्थितम् ।
धिक् शीलं लोकनिन्दायै निन्दामीदृशचेष्टितम् ॥
</verse>",False
"  Son of Ikshvakus, Sumati comparable to devatas, invincible and exceedingly energetic is still ruling this city. ", तस्य पुत्रो महातेजा: सम्प्रत्येष पुरीमिमाम्।आवसत्यमरप्रख्यस्सुमतिर्नाम दुर्जय:।। ,"<verse>
इक्ष्वाकोस्तु सुतो राजन् सुमतिर्नाम वीर्यवान् ।
अमरेन्द्रप्रतीकाशो वर्ततेऽद्यापि तां पुरीम् ॥
</verse>",False
 This kingdom was given to me for the satisfaction of my mother. I am bestowing it back on you. Enjoy it without any obstacles. , सान्त्विता मामिका माता दत्तं राज्यमिदं मम।तद्ददामि तवैवाहं भुङ्क्ष्व राज्यमकण्टकम्।। ,"<verse>
मातुः प्रीत्यर्थमेवेदं राज्यं दत्तं ममाभवत् ।
तत्ते प्रत्यर्पयाम्येतन्निष्कण्टकमवाप्नुहि ॥
</verse>",False
" O lord you enjoy with the daughters of gods, gandharvas and even the young ladies of yakshas. Why do you need Sita? ", देवगन्धर्वकन्याभिर्यक्षकन्याभिरेव च।।सार्धं प्रभो रमस्वेह सीतया किं करिष्यसि। ,"<verse>
देवगन्धर्वकन्याभिर्यक्षस्त्रीभिश्च मोदसे।
तथापि ते प्रभो राजन्सीतया किं प्रयोजनम्॥
</verse>",False
 Those monkey leaders entering dreadful Rakshasa army uplifted rocks and mountains with trees and shone. , तेराक्षसबलंघोरंप्रविश्यहरियूथपाः ।विचेरुरुद्यतैश्शैलैर्नगाश्शिखरिणोयथा ।। ,"<verse>
घोरां तां राक्षसीं सेनां प्रविश्य हरियूथपाः ।
शिलाश्च सद्रुमान् शैलान् समुद्धृत्य विरेजिरे ॥
</verse>",False
" The best among fathers, he Dasaratha said these words to his son with a smile, like Kasyapa addressing Devendra. ", स तं सस्मितमाभाष्य पुत्रं पुत्रवतां वरः।।उवाचेदं वचो राजा देवेन्द्रमिव काश्यपः। ,"<verse>
पितृश्रेष्ठः प्रहस्यैव पुत्रं दशरथोऽब्रवीत्।
देवेन्द्रमिव सुप्रीतः कश्यपो मुनिसत्तमः॥
</verse>",False
" Since the time Agastya of sacred deeds occupied this direction the demons are quiet, leaving all enmity. ", यदा प्रभृति चाक्रान्ता दिगियं पुण्यकर्मणा।तदा प्रभृति निर्वैराः प्रशान्ता रजनीचराः।। ,"<verse>
यदा प्रभृति चाक्रान्ता दिगियं पुण्यकर्मणा ।
तदा प्रभृति निर्वैराः प्रशान्ता रजनीचराः ॥
</verse>",False
" Learned sage Kandu who knew what is righteousness and a strict observant of vows, slew a cow for carrying out the command of his father.  ", ऋषिणा च पितुर्वाक्यं कुर्वता व्रतचारिणा।गौर्हता जानता धर्मं कण्डुनाऽपि विपश्चिता।। ,"<verse>
कण्डुना धर्मशीलेन दृढव्रतेन गौर्हता ।
पितुरादेशमादाय विदुषा मुनिना तदा ॥
</verse>",False
" They are of the colour of the dark blue cloud, dreadful and merciless, strong and powerful fighters who roam about forturing people. ", नीलजीमूतवर्णानां घोराणां क्रूरकर्मणाम्।लोकहिंसाविहाराणां बलिनामुग्रतेजसाम्।। ,"<verse>
नीलमेघसवर्णाभा घोरा निर्दयचेतसः ।
महायोधा महावीर्या जनान् पीड्य भ्रमन्ति ते ॥
</verse>",False
" There upon the Lord of Rakshasas, spoke these words to those spies who are dependable ones, warriors devoid of fear of enemies. ", तानब्रवीत्ततोवाक्यंरावणोराक्षसाधिपः ।चारान्प्रत्यायितान् शूरान्भक्तान्विगतसाध्वसान् ।। ,"<verse>
ततो राक्षसराजस्तु चारान् आप्तानमित्रजित् ।
शूरानमित्रनिर्भीतान् इदं वचनमब्रवीत् ॥
</verse>",False
" King Dasaratha, impelled by your virtues, and separation from you attained godhood as heard from Bharata. ", तव चैव गुणैर्बद्धस्त्वद्वियोगान्महीपतिः।राजा देवत्वमापन्नो भरतस्य यथाश्रुतम्।। ,"<verse>
राजा दशरथः श्रीमान् देवत्वमगमत् पुरा ।
त्वद्गुणैश्च वियोगेन भरताद्धि श्रुतं मया ॥
</verse>",False
" ""In order to inspire confidence in you about me I have narrated the virtues of your husband. O sinless queen Rama will take you from here very soon"". ", विश्वासार्थं तु वैदेहि भर्तुरुक्ता मया गुणाः।अचिराद्राघवो देवि त्वामितो नयिताऽनघे।। ,"<verse>
तव विश्वासहेतोर्हि भर्तुः प्रोक्ता गुणा मया ।
अचिरात्त्वां शुभे राम इतो नेष्यत्यनिन्दिते ॥
</verse>",False
"  Having heard these pleasing words uttered by Brahma, all the devatas and maharshis were overwhelmed with joy. ", एतच्छ्रुत्वा प्रियं वाक्यं ब्रह्मणा समुदाहृतम्।सर्वे महर्षयो देवाः प्रहृष्टास्तेऽभवंस्तदा।। ,"<verse>
तद्ब्रह्मोक्तं प्रियं वाक्यं श्रुत्वा देवाः सहर्षिभिः ।
सर्वे ते परमां प्रीतिं जग्मुर्हर्षसमन्विताः ॥
</verse>",False
" Then arrived the leader of five crore vanaras, the great warrior Gavaya who resembled a golden mountain. ", ततः काञ्चनशैलाभो गवयो नाम यूथपः।आजगाम महावीर्यः पञ्चभि: कोटिभिर्वृतः।। ,"<verse>
ततो गवय आजगाम हेमपर्वतसन्निभः ।
पञ्चकोटिवृतो वीरो वानराणां महाबलः ॥
</verse>",False
" On seeing  the city the minds of the people were agitated due to the loss of their prince. Tears streamed down their eyes, oppressed with sorrow.  ", आलोक्य नगरीं तां च क्षयव्याकुलमानसाः।आवर्तयन्त तेऽश्रूणि नयनैः शोकपीडितैः।। ,<verse>` and `</verse>,False
 You have a strong sense of duty. You ought to tell him his duty and what we should do in this situation. , तदेवं प्रस्तुते कार्ये कार्यमस्माभिरुत्तरम्।यत्कार्यं कार्यतत्त्वज्ञे तदुदाहर्तुमर्हसि।। ,"<verse>
त्वं हि धर्मविदां श्रेष्ठः कर्तव्यं तस्य बोधय ।
अस्माकं चात्र यत्कार्यं तदप्याख्यातुमर्हसि ॥
</verse>",False
" Vajramushti with Mainda and Asaniprabhu with Dwivida, the chief of monkeys, fought with the two Rakshasas. ", वज्रमुष्टिस्तुमैन्देनद्विविदेनाशनिप्रभः ।राक्षसाभ्यांसुघोराभ्यांकपिमुख्यौसमागतौ ।। ,"<verse>
मैन्देन वज्रमुष्टिस्तु द्विविदेनाशनिप्रभः।
राक्षसौ वानरेन्द्रैस्तौ समियातां महाहवे॥
</verse>",False
" ""O largeeyed lady Killing in war the vile Ravana, the demon king and all his relatives, Rama would take you back to his own city  ", हत्त्वा च समरे क्रूरं रावणं सहबान्धवम्।राघवौ त्वां विशालाक्षि स्वां पुरीं प्रापयिष्यतः।। ,"<verse>
हत्वा दुष्टं रणे रामो रावणं राक्षसाधिपम् ।
सबान्धवं विशालाक्षि त्वां नेष्यति पुरं स्वकम् ॥
</verse>",False
" Sita a delicate, young princess accustomed to comforts is not fit to dwell in the forest. This is what my preceptor has truly spoken. ", सुकुमारी च बाला च सततं च सुखोचिता। नेयं वनस्य योग्येति सत्यमाह गुरुर्मम।। ,"<verse>
सुकुमारी सुखार्हा च न सीता वनमर्हति ।
राजपुत्रीति मे प्रोक्तं सत्यं हि गुरुणोदितम् ॥
</verse>",False
"  O Rama, in ancient times after killing Vritrasura, Indra was overpowered by the sin of slaying a brahmin and was affected by impurity and hunger. ", पुरा वृत्रवधे राम मलेन समभिप्लुतम्।क्षुधा चैव सहस्राक्षं ब्रह्महत्या समाविशत्।। ,"<verse>
हते वृत्रे पुरा राम ब्रह्महत्या समाविशत् ।
मलेन च क्षुधा चैव सहस्राक्षः समावृतः ॥
</verse>",False
"  O Sita, begin right now all preparations necessary for residing in the forest. O one, with beautiful buttocks, without you even the very heaven does not please me. ", आरभस्व शुभश्रोणि वनवासक्षमाः क्रियाः।नेदानीं त्वदृते सीते स्वर्गोऽपि मम रोचते।। ,"<verse>
अद्यैव कुरु सीते त्वं वनवासाय सज्जताम्।
त्वया विना वरारोहे न मे स्वर्गोऽभिरोचते॥
</verse>",False
" Arise, O best of men and offer libations to our father. I and Satrughna have already done so.  ", उत्तिष्ठ पुरुषव्याघ्र क्रियतामुदकं पितुः।अहं चायं च शत्रुघ्नः पूर्वमेव कृतोदकौ।। ,"<verse>
उत्तिष्ठ नरशार्दूल क्रियतामुदकं पितुः ।
शत्रुघ्नेन मया चैव पूर्वमेव कृतं जलम् ॥
</verse>",False
 All the glorious people around him did not observe any change in the countenance of that dignified and truthful Rama. , सर्वोह्यभिजनश्श्रीमान् श्रीमतस्सत्यवादिनः।नालक्षयत रामस्य किञ्चिदाकारमानने।। ,"<verse>
ते सर्वे सुमहाभागा नापश्यन्मुखविक्रियाम् ।
धीरस्य सत्यवाचो हि तद्रामस्य महात्मनः ॥
</verse>",False
" ""My dear friend! I wish to take leave of you. Truly you are knower of what is right, and you are dear even to an enemy."" ", सखे राघव धर्मज्ञ रिपूणामपिवत्सल ।अभ्यनुज्ञातुमिच्छामिगमिष्यामियथामतम् ।। ,"<verse>
आपृच्छे त्वां सखे गन्तुं सत्यं धर्मविशारद ।
शत्रूणामपि नित्यं त्वं प्रियो भवसि सुव्रत ॥
</verse>",False
" Vanaras in the same manner attacked the Rakshasas, with trees and mountains, swiftly and with their nails and teeth. ", तथावृक्षैर्महाकायाःपर्वताग्रैश्चवानराः ।निजघ्नुस्तानिरक्षांसिनखैर्दन्तैश्चवेगिताः ।। ,"<verse>
तथैव वानराः शीघ्रं राक्षसान् समुपाद्रवन् ।
नखैर्दन्तैश्च शैलैश्च तथा वृक्षैर्महाबलाः ॥
</verse>",False
" "" Alas! You see how the Vanaras, arriving at Lanka, crossing the bridge have done away with groves and gardens."" ", हन्तपश्यस्वलङ्कायावनान्युपवनानि च ।।सेतुनासुखमागम्यवानरैकार्णवीकृतम् । ,"<verse>
अहो पश्य समुत्तीर्य सेतुं लङ्कां समागताः ।
उद्यानानि वनान्याशु नाशयन्ति स्म वानराः ॥
</verse>",False
" As for the Ikshvaku kings, righteousness is their sole protection. They follow the ancestral traditions befitting the noble race. This tradition has been topsyturvied by admitting you into the family. ", तेषां धर्मैकरक्षाणां कुलचारित्रशोभिनाम्।अद्य चारित्रशौण्डीर्यं त्वां प्राप्य विनिवर्तितम्।। ,"<verse>
इक्ष्वाकूणां कुलाचारो धर्म एव परं बलम् ।
कुले तव प्रवेशेन स विपर्ययमागतः ॥
</verse>",False
 The great monkey saw the wine jars made of gold and silver studded with crystals and gems. ," ﻿सोऽपश्यच्छातकुम्भानि सीधोर्मणिमयानि च।

राजतानि च पूर्णानि भाजनानि महाकपिः।।
  ","<verse>
सौवर्णराजतान् भाण्डान् मद्यपूर्णान् मनोरमान् ।
स्फटिकैर्मणिभिश्चैव ददर्श स महाकपिः ॥
</verse>",False
" On hearing Ramas words, the bird started narrating the origin of all beings including his own family ", रामस्य वचनं श्रुत्वा सर्वभूतसमुद्भवम्।आचचक्षे द्विजस्तस्मै कुलमात्मानमेव च।। ,"<verse>
तस्य तद्वचनं श्रुत्वा रामस्याक्लिष्टकर्मणः।
आत्मानं च कुलं चैव समाख्यातुमुपचक्रमे॥
</verse>",False
" Lakshmana, who was borne by Angada, has a good memory and sense of intuition. Set to accomplish his desire fully, he spoke to Rama these auspicious words. ", तमङ्गदगतो रामं लक्ष्मणश्शुभया गिरा ।उवाच परिपूर्णार्थ: स्मृतिमान् प्रतिभानवान् ।। ,"<verse>
अङ्गदेनोह्यमानस्तु लक्ष्मणः प्रतिभानवान्।
सिद्धार्थः स्मृतिमान् धन्यो रामं कल्याणमब्रवीत्॥
</verse>",False
" On hearing about Vajradamshtra being killed by Valis son, Ravana spoke to the chief of the army who stood with folded hands. ", वज्रदंष्ट्रंहतंश्रुत्वावालिपुत्रेणरावणः ।बलाध्यक्षमुवाचेदंकृताञ्जलिमुपस्थितम् ।। ,"<verse>
वज्रदंष्ट्रं हतं श्रुत्वा वालिपुत्रेण रावणः।
बद्धाञ्जलिपुटं दीनं सेनापतिमथाब्रवीत्॥
</verse>",False
" May the weapons endowed with mantric qualities, which were bestowed on you by sagacious Viswamitra always protect you ", यानि दत्तानि तेऽस्त्राणि विश्वामित्रेण धीमता।तानि त्वामभिरक्षन्तु गुणैस्समुदितं सदा।। ,"<verse>
दत्तानि मुनिना यानि विश्वामित्रेण धीमता ।
मन्त्रास्त्राणि च सर्वाणि तानि रक्षन्तु त्वां सदा ॥
</verse>",False
" O sinless son, you are killed by a person of sinful deeds. On this truth, quickly go to those worlds which are attained by those valiant heroes. ", अपापोऽसि यदा पुत्र निहतः पापकर्मणा।तेन सत्येन गच्छाऽऽशु ये लोकाश्शस्त्रयोधिनाम्।। ,"<verse>
पापकर्महतो सूनो सत्येनानघ गच्छ तान्।
लोकान् शूरैश्च संप्राप्तान् क्षिप्रं गच्छ हतानघ॥
</verse>",False
" We searched for her in the caves, in places filled with extensive vines and huge bushes and in all places mentioned by you.  ", गुहाश्च विचितास्सर्वास्त्वया याः परिकीर्तिताः।विचिताश्च महागुल्मा लताविततसन्तताः।। ,"<verse>
महागुल्मलतावत्सु त्वयोक्तेषु च सर्वशः ।
गुहासु च तथान्विष्टा सास्माभिश्च समन्ततः ॥
</verse>",False
" Drawing a long hot breath, looking at the ground, he spoke to Vibheeshana, who was like a cloud standing there. ", दीर्घमुष्णंविनिःश्वस्यजगतीमवलोकयन् ।उवाचमेघसङ्काशंविभीषणमुपस्थितम् ।। ,"<verse>
दीर्घमुष्णं विनिःश्वस्य भूमौ संसक्तलोचनः ।
उवाच मेघसङ्काशं तिष्ठन्तं स विभीषणम् ॥
</verse>",False
  , ततोऽहं वालिना तेन साऽनुबद्धः प्रधावितः।नदीश्च विविधाः पश्यन्वनानि नगराणि च।। ,"<verse>
वागर्थाविव संपृक्तौ वागर्थप्रतिपत्तये।
जगतः पितरौ वन्दे पार्वतीपरमेश्वरौ॥
</verse>",False
" You should search for Ravana and Vaidehi on the peak of that mountain, in the caves, in the forests here and there. ", शैलस्य तस्य शृङ्गेषु कन्दरेषु वनेषु च।।रावणस्सह वैदेह्या मार्गितव्यस्ततस्ततः। ,"<verse>
तस्य शैलस्य शृङ्गेषु गुहासु च वनेषु च ।
मृगयध्वं तु वैदेहीं रावणं च ततस्ततः ॥
</verse>",False
 Jatayu violently pulled down the parasol shining like the full moon and the fans of the chariot along with the demons holding them. , पूर्णचन्द्रप्रतीकाशं छत्रं च व्यजनैस्सह।पातयामास वेगेन ग्राहिभी राक्षसैस्सह।। ,"<verse>
पूर्णचन्द्रप्रतीकाशं छत्रं सव्यजनं बलात्।
रक्षोभिर्धारकैः सार्धं पातयामास पक्षिराट्॥
</verse>",False
" ""O Kumbhakarna! There is none who is equal to you in might and friendliness at heart towards me. You go and be victorious by killing the enemies."" ", कश्चिन्मेत्वत्समोनास्तिसौहृदेनबलेन च ।गच्छशत्रुवधायत्वंकुम्भकर्णजयाय च ।। ,"<verse>
कुम्भकर्ण बले नास्ति त्वत्समो मम सौहृदे ।
हत्वा शत्रून्प्रयाह्याशु विजयं समवाप्नुहि ॥
</verse>",False
" To Bharata who was thus lamenting with a dejected mind, the great ascetic Vasistha once again said ", एवं विलपमानं तं भरतं दीनमानसम्।अब्रवीद्वचनं भूयो वसिष्ठस्तु महामुनिः।। ,"<verse>
एवं विलपमानं तं भरतं दीनचेतसम् ।
वसिष्ठो मुनिशार्दूलः पुनरेवाब्रवीद्वचः ॥
</verse>",False
 O Hero! Even victory for me will not give joy. What pleasure will one have if he desires to see the moon when he has lost vision? , विजयोऽपिहिमेशूर न प्रियायोपकल्पते ।अचक्षुर्विषयश्चन्द्रःकांप्रीतिंजनयिष्यति ।। ,"<verse>
जयोऽपि न हि मोदाय वीर मे संभविष्यति ।
किं सुखं हतदृष्टेः स्याच्चन्द्रं द्रष्टुं समीहतः ॥
</verse>",False
"  ""O Visnu perform this supreme, auspicious act assuming the form of a dwarf through, the power of illusion for the welfare of the devatas.   ", स त्वं सुरहितार्थाय मायायोगमुपागत:।वामनत्वं गतो विष्णो कुरु कल्याणमुत्तमम्।। ,"<verse>
देवानां च हितार्थाय मायया वामनो भव ।
इदं विष्णो शुभं कार्यं कुरु त्वं परमं प्रभो ॥
</verse>",False
 After killing the horses with sharp arrows Rama severed the charioteers head with an arrow of the shape of the crescent moon and pierced Dusanas chest with a set of three arrows. , हत्वा चाश्वान्शरैस्तीक्ष्णैरर्धचन्द्रेण सारथेः।।शिरो जहार तद्रक्षस्त्रिभिर्विव्याध वक्षसि। ,"<verse>
हत्वाश्वान् निशितैर्बाणैः सूतस्य च शिरोऽहरत् ।
रामोऽर्धचन्द्रबाणेन विव्याध हृदि दूषणम् ॥
</verse>",False
" O Best among ascetics all the sons of Vasishta along with Mahodaya with their eyes reddened in anger spoke these harsh words""  ", एतद्वचननैष्ठुर्यमूचु स्संरक्तलोचना:।वासिष्ठा मुनिशार्दूल सर्वे ते समहोदया:।। ,"<verse>
वासिष्ठा मुनिशार्दूल सर्वे ते समहोदयाः ।
क्रोधसंरक्तनेत्राश्च परुषं वाक्यमब्रुवन् ॥
</verse>",False
" O Saumitri, conqueror of enemies this monkey, Sugrivas minister, is skilled in friendly communication. Reply to him in words gentle and sweet. ", तमभ्यभाष सौमित्रे सुग्रीवसचिवं कपिम्।वाक्यज्ञं मधुरैर्वाक्यैस्स्नेहयुक्तमरिन्दम।। ,"<verse>
तमभ्यभाष सौमित्रे सुग्रीवसचिवं कपिम्।
वाक्यज्ञं मधुरैर्वाक्यैः स्नेहयुक्तमरिंदम॥
</verse>",False
" Thereafter, wiping her face clean from flowing tears she spoke slowly in a choked voice in broken words to her husband. ", ततोबाष्पपरिक्लिन्नंप्रमार्जन्तीस्वमाननम् ।शनैर्गद्गदयावाचाभर्तारमिदमब्रवीत् ।। ,"<verse>
ततः सा मुखमुन्मृज्य स्रवद्बाष्पाकुलं शनैः ।
सगद्गदपदं वाक्यं भर्तारमिदमब्रवीत् ॥
</verse>",False
" Standing on the ground, all the Rakshasas bowing their heads down and with folded palms offered their salutations to the foremost of the Rakshasas seated in the chariot. ", तेकृताञ्जलयस्सर्वेरथस्थंपृथिवीस्थिताः ।राक्षसाराक्षसश्रेष्ठंशिरोभिस्तंववन्दिरे ।। ,"ुः कृ त ब न्ध नाः""?
    What about:
    ""ब द्धा ञ्ज लि र पू ज यन्""? (baddhāñjalir apūjayan - wait, 'baddhāñjaliḥ' is singular).
    What about:
    ""ब द्धा ञ्ज लि पु टा व न्दन्""? (avandan - they saluted):
    1: ब (G before ddh)
    2: द्धा (G before ñj)
    3: ञ्ज (L)
    4: लि (L)
    5: पु (pu - L, next is ṭ) -> 5th is LAGHU!
    6: टा (ṭā - G, next is v) -> 6th is GURU!
    7: व (va - HRASVA, vowel a, next is nd) -> wait! 'v' is followed by 'nd' in 'vandan' (or 'avandan' without 'a' -> 'vandan' is v-a-n-d-a-n).
    If 'v' is followed by 'nd', then 'va' is before a conjunct, so it becomes GURU!
    Rule says: ""The seventh syllable of the second and the fourth pada must be HRASVA"".
    So the 7th syllable MUST NOT be followed by a conjunct, and its vowel MUST BE HRASVA (a, i, u, ṛ).

    How to ensure 7th syllable of Pada 4 is strictly HRASVA?
    Let's find words where 7th syllable is followed by a single consonant:
    e.g.,
    ""अ पू ज यन्"" ->
    5: म (L) / त (L)
    6: पू (G)
    7: ज (ja - HRASVA, vowel a, followed by single 'y' in 'yan')
    8: यन् (yan)
    This guarantees 7th is HRASVA!

    Let's put words of 1 to 4 syllables before ""अपूजयन्"" or a similar verb:
    4 syllables before ""अपूजयन्"":
    Meaning needed: ""with folded palms"" (अञ्जलि / बद्धाञ्जलयः / कृताञ्जलिपुटाः).
    Can we say: ""कृताञ्जलयः"" (5 syllables) or ""कृताञ्जलयोऽपूजयन्""?
    Let's count:
    1: कृ (kṛ - L)
    2: ता (tā - G before ñj)
    3: ञ्ज (ñja - L)
    4: ल (la - L)
    5: यो (yo - wait, 5th is GURU if 'yo', but 5th must be LAGHU!).

    What if 1 to 4 is:
    ""स",False
" If I see Rama splitting these trees with one arrow, I will believe he can kill Vali with his prowess. ", रामोऽपिदारयेदेषां बाणेनैकेन च द्रुमम्।वालिनं निहतं मन्ये दृष्ट्वा रामस्य विक्रम।। ,"<verse>
पश्येयमेकबाणेन भिन्दन्तं चेदिमान् द्रुमान् ।
ततो वालिवधे रामं प्रतीयामस्य वीर्यतः ॥
</verse>",False
" The sage saw the two illustrious princely brothers, wellversed in dharma and endowed with a sweet voice living in the hermitage. ", कुशीलवौ तु धर्मज्ञौ राजपुत्रौ यशस्विनौ।भ्रातरौ स्वरसम्पन्नौ ददर्शाश्रमवासिनौ ।।  ,"<verse>
कुशीलवौ तु धर्मज्ञौ राजपुत्रौ यशस्विनौ ।
भ्रातरौ स्वरसम्पन्नौ ददर्शाश्रमवासिनौ ॥
</verse>",False
 They all were welldressed in fine clothes. They possessed good character with an eye on justice and vigilant about the kings welfare.  , सुवाससस्सुवेषाश्च ते च सर्वे सुशीलिन: ।हितार्थं च नरेन्द्रस्य जाग्रतो नयचक्षुषा ।।  ,"<verse>
सुवाससः सुवेषाश्च सुशीला न्यायदर्शिनः ।
राज्ञो हिते प्रवृत्ताश्च अप्रमत्ताश्च सर्वदा ॥
</verse>",False
" What harm have I done to the pious maharshi, a compassionate soul? Why does he  forsake me, his auspicious one, despite my innocence and devotion""?     ", किं मयाऽपकृतं तस्य महर्षेर्भावितात्मन:।यन्मामनागसं भक्तामिष्टां त्यजति धार्मिक:।। ,"<verse>
किं मयापकृतं तस्य महर्षेः करुणात्मनः ।
भक्तां त्यजति मां कस्मात्कल्याणीमनघां सतीम् ॥
</verse>",False
 Those who listen well to Ramayana will obtain all boons here in this world and all gods will be pleased. , तेप्रार्थितान्वरान्सर्वान्प्राप्नुवन्तीहराघवात् ।श्रवणेनसुरास्सर्वेप्रीयन्तेसम्प्रशृण्वताम् ।। ,"<verse>
रामायणकथां ये तु शृण्वन्ति श्रद्धयान्विताः ।
सर्वान् वरान् लभन्तेऽत्र तुष्यन्ति सर्वदेवताः ॥
</verse>",False
 In order to keep the promise I shall do everything to fulfil your desire. Needless to say that my father has ordered this.  , किं पुनर्मनुजेन्द्रेण स्वयं पित्रा प्रचोदितः।तव च प्रियकामार्थं प्रतिज्ञामनुपालयन्।। ,"<verse>
प्रतिज्ञापालनायैव कामं ते पूरयाम्यहम् ।
किं पुनर्तातवाक्येन सर्वं तत्करवाणि ते ॥
</verse>",False
" ""Those who were left behind, the less powerful ones went and reported to Ravana that the great army has been killed. ", तेषां तु हतशेषा ये ते गत्वा लघुविक्रमाः।निहतं च महत्सैन्यं रावणायाचचक्षिरे।। ,"<verse>
ते गत्वा हीनवीर्याश्च रावणाय न्यवेदयन् ।
अवशिष्टा हतं सैन्यं सर्वमेव महाबलम् ॥
</verse>",False
 Five thousand mighty stalwarts drew with great difficulty the eightwheeled cart on which the bow was placed in a box. , नृणां शतानि पञ्चाशद्व्यायतानां महात्मनाम्।मञ्जूषामष्टचक्रां तां समूहुस्ते कथञ्चन।। ,"<verse>
नॄणां पञ्चसहस्राणि महाकाया महाबलाः ।
अष्टचक्रां तु मञ्जूषां सधनुः कृच्छ्रतोऽवहन् ॥
</verse>",False
" ""O Lowly Rakshasa! This worry has come to you today. Entering the banyan tree is not possible for you today."" ", अद्यतेव्यसनंप्राप्तंकिंमांत्वामिहवक्ष्यसि ।प्रवेष्टुं न त्वयाशक्यंन्यग्रोधंराक्षसाधम ।। ,"<verse>
चिन्ता तेऽद्य समुद्भूता रे नीच त्वं निशाचर ।
न्यग्रोधस्य प्रवेशोऽद्य त्वया कर्तुं न शक्यते ॥
</verse>",False
" Hearing that they had the trio crossed the river Ganga, the people, with their faces filled with tears sighed and saying Fie upon us Alas, Rama cried out aloud.  ", ते तीर्णा इति विज्ञाय बाष्पपूर्णमुखा जनाः।अहो धिगिति निश्श्वस्य हा रामेति च चुक्रुशुः।।  ,"<verse>
गङ्गां तीर्णांस्तु तान् श्रुत्वा बाष्पपूर्णमुखा जनाः ।
धिगस्मानिति निःश्वस्य हा रामेति विचुक्रुशुः ॥
</verse>",False
 Then Vibheeshana stood with stretched bow and loosened sharp pointed arrows on Rakshasas. , ततोविष्फारयामासमहद्धनुरवस्थितः ।उत्ससर्ज च तीक्ष्णाग्रान् राक्षसेषुमहाशरान् ।। ,"<verse>
विभीषणस्तदा स्थित्वा विकृष्य कार्मुकं दृढम् ।
निशाचरेषु तीक्ष्णाग्रान् ससर्ज निशिताञ् शरान् ॥
</verse>",False
" Addressing the flesheating, blooddrinking, loathsome and fearful demonesses Ravana said, Humble her pride at once. ", शीघ्रमेव हि राक्षस्यो विकृता घोरदर्शनाः।दर्पमस्या विनेष्यध्वं मांसशोणितभोजनाः।। ,"<verse>
घोरा निशाचरीर्भीमा मांसशोणितभोजनाः।
उवाच रावणोऽस्यास्तु शीघ्रं दर्पो विनाश्यताम्॥
</verse>",False
" ""I will conquer all the ogres and pass them to Sita, the delight of the Ikshvaku family  as an offering and give Rama to her as the fruit of her austerities."" ", जित्वा तु राक्षसान् सर्वानिक्ष्वाकुकुलनन्दिनीम्।।सम्प्रदास्यामि रामाय यथा सिद्धिं तपस्विने। ,"<verse>
निहत्य सर्वरक्षांसि सीतामिक्ष्वाकुनन्दिनीम् ।
उपायनं प्रदास्यामि रामं च तपसः फलम् ॥
</verse>",False
" I am very much pleased with all of you, smart monkeys. As I am engaged in the practice of righteousness, I do not need your services.     Thus ends the fiftysecond sarga in Kishkindakanda of the first epic, the Holy Ramayana composed by sage Valmiki. ", सर्वेषां परितुष्टाऽस्मि वानराणां तरस्विनाम्।।चरन्त्या मम धर्मेण न कार्यमिह केनचित्। ,"<verse>
सर्वथा प्रीतिरुत्पन्ना वानरा धूतकिल्बिषाः ।
धर्मं तु चरतो नित्यं न मे कार्यं च केनचित् ॥
</verse>",False
" Seeing Rama approaching the hermitage the deer and the birds were frightened. Proceeding on the path, for a while Rama reached the place of Bharadwaja. ", रामस्त्वाश्रममासाद्य त्रासयन्मृगपक्षिणः।गत्वा मुहूर्तमध्वानं भरद्वाजमुपागमत्।। ,"<verse>
आश्रमाभिमुखं रामं दृष्ट्वा त्रस्ता मृगद्विजाः।
पथि गत्वा मुहूर्तात्तु भरद्वाजमुपागमत्॥
</verse>",False
" Some rode horses, some, elephants, while others mounted welldecorated chariots, while the young went on foot. ", हयैरन्ये गजैरन्ये रथैरन्ये स्वलङ्कृतैः।सुकुमारा स्तथैवान्ये पद्भिरेव नरा ययुः।। ,"<verse>
केचिदश्वैर्गजैः केचित् सुचित्रेषु रथेषु च ।
आरूढाश्च युवानो ये पद्भ्यामेव ययुस्तदा ॥
</verse>",False
" With the intention of performing traditional funeral rites with water for the deceased princes, highly lustrous Anshuman looked around for water but could not see any reservoir of water in the neighbourhood. ", स तेषां राजपुत्राणां कर्तुकामो जलक्रियाम् ।सलिलार्थी महातेजा न चापश्यज्जलाशयम् ।। ,"<verse>
उदकं कर्तुकामस्तु तेषां स सुमहाद्युतिः ।
ददर्श न जलं तत्र जलाशयमथापि वा ॥
</verse>",False
" Going near Hanuman, that dreadful Rakshasa, rained arrows, spears, swords and iron bars on the face of Hanuman. ", सोऽभ्युपेत्यशरान्खङ्गान्पट्टसासिपरश्वधान् ।अभ्यवर्षतदुर्धर्षःकपिमूर्थनिराक्षसः ।। ,"<verse>
समासाद्य हनूमन्तं स भीमो राक्षसाधमः ।
शरासिपरिघान् शूलान् ववर्ष वदने कपेः ॥
</verse>",False
" ""He Ravanas eldest son who is possessed of Iguana skin on his hands to protect, and with a shield that cannot be pierced and who remains unseen in comb at wielding a bow is Indrajith."" ", बद्धगोधाङ्गुळित्रश्चअवध्यकवचोयुधि ।धनुरादाययस्तिष्टन्नदृश्योभवतीन्द्रजित् ।। ,"<verse>
ज्येष्ठो रावणपुत्रोऽसौ बद्धगोधाङ्गुलित्रवान् ।
अभेद्यकवचो धन्वी अदृश्यो युधि चेन्द्रजित् ॥
</verse>",False
" ""You alone can speak such affectionate words in this manner wishing victory and welfare of your dear husband. You are irreproachable."" ", भर्तुःप्रियहितेयुक्तेभर्तुर्विजयकाङ्क्षिण: ।।स्निग्धमेवंविधंवाक्यंत्वमेवार्हस्यनिन्दिते । ,"<verse>
वक्तुं त्वमेव युक्तासि स्निग्धं वाक्यमनिन्दिते ।
जयं पत्युः प्रियस्यैवं क्षेमं च प्रतिवाञ्छसि ॥
</verse>",False
"  Having seen the king more closely, those women who were apprehensive till then, became certain of the inevitable.   ", अथ सन्देहमानानां स्त्रीणां दृष्ट्वा च पार्थिवम्।यत्तदाशङ्कितं पापं तस्य जज्ञे विनिश्चयः।। ,"<verse>
समीपस्थं नृपं दृष्ट्वा ताः स्त्रियः शङ्किताः पुरा ।
अवश्यम्भाविनोऽर्थस्य जग्मुर्निश्चयमात्मनः ॥
</verse>",False
" O Descendant of Kakustha this best bow is capable of conquering enemy cities. Fix an arrow. If it is possible for you to do so, then I shall engage you in a duel"".      Thus ends the seventyfifth sarga of Balakanda of the holy Ramayana the first epic composed by sage Valmiki. ", योजयस्व धनुश्श्रेष्ठे शरं परपुरञ्जयम्।यदि शक्नोषि काकुत्स्थ द्वन्द्वं दास्यामि ते तत:।। ,"<verse>
तदिदं वैष्णवं राम धनुः परपुरञ्जयम् ।
योजयस्व शरेणाग्र्यं द्वन्द्वयुद्धं ददामि ते ॥
</verse>",False
  I desire to  accomplish the welfare of this entire world which deserves the happiness brought about by the rule of all the Ikshvaku kings. , सोऽहमिक्ष्वाकुभि स्सर्वैर्नरेन्द्रैः परिपालितम्।श्रेयसा योक्तुकामोऽस्मि सुखार्हमखिलं जगत्।। ,"<verse>
ऐक्ष्वाकाणां नरेन्द्राणां राज्येन सुखभागिनः ।
कल्याणं कर्तुमिच्छामि सर्वस्य जगतोऽनिशम् ॥
</verse>",False
" Sita got up suddenly, her limbs trembling to see her husband distressed with grief and agitated with anxiety.  ", अथ सीता समुत्पत्य वेपमाना च तं पतिम्।अपश्यच्छोकसन्तप्तं चिन्ताव्याकुलितेन्द्रियम्।। ,"<verse>
शोकार्तं च पतिं वीक्ष्य चिन्ताव्याकुलचेतसम् ।
सीता प्रवेपिताङ्गी च समुत्तस्थौ हठात् तदा ॥
</verse>",False
" I am a child, deficient in intelligence and virtue and even inferior in position. Deserted by  you, I do not wish to live. ", हीनबुद्धिगुणो बालो हीनः स्थानेन चाप्यहम्।भवता च विनाभूतो न वर्तयितुमुत्सुहे।। ,"<verse>
बालो हीनो गुणैर्बुद्ध्या स्थाने चापि तथाऽधमः ।
परित्यक्तस्त्वया चाहं न हि जीवितुमुत्सहे ॥
</verse>",False
" Just as Anuhlada son of Hiranyakasipu and brother of Prahlada took away, Poulomi  Sachi, daughter of Puloma deceiving Indra, this lowly demon took away Sita, daughter of the king of Videha. ", जहारात्मविनाशाय वैदेहीं राक्षसाधमः।वञ्चयित्वा तु पौलोमीमनुह्लादो यथा शचीम्।। ,"<verse>
इन्द्रं संवञ्च्य पौलोमीमनुह्लादोऽहरत् पुरा ।
तथा सीतां च वैदेहीं जहार राक्षसाधमः ॥
</verse>",False
" I do not see anywhere, O charioteer the wellbeing, of my kinsmen. Hence I feel deluded and my heart is filled with grief. "," ﻿सर्वथा कुशलं सूत दुर्लभं मम बन्दुषु।।

तथाह्यसति सम्मोहे हृदयं सीदतीव मे।
  ","<verse>
न पश्यामि शुभं सूत बन्धूनां क्वचिदप्यहम् ।
ततो मुह्यामि शोकेन हृदयं दूयते मम ॥
</verse>",False
 O Kakutstha on this auspicious fullmoon day the sacrificial horse has been stolen away suddenly and forcibly. Slay the thief and bring back the horse. , अयं पर्वणि वेगेन यज्ञियाश्वोऽपनीयते।हर्तारं जहि काकुत्स्थ हयश्चैवोपनीयताम्।। ,"<verse>
अस्यां पर्वणि काकुत्स्थ पौर्णमास्यां हतो हयः।
हन्तारं जहि राजेन्द्र हयं चैवानयानय॥
</verse>",False
" .Humble and extremely courteous charioteer to the guards said, Inform Rama at once that Sumantra is waiting at the entrance. ", तानुवाच विनीतात्मा सूतपुत्रः प्रदक्षिणः। क्षिप्रमाख्यात रामाय सुमंन्त्रो द्वारि तिष्ठति।। ,"<verse>
सूतोऽब्रवीद्विनीतात्मा द्वारस्थान् रक्षिणस्तथा ।
रामाय क्षिप्रमाख्येयं सुमन्त्रो द्वारि वर्तते ॥
</verse>",False
" ""Whose mind will not be tempted at the abundance of elephants and horses of fathers and grandfathers kingdom?"" ", सर्वकालसमृद्धंहिहस्त्यश्वरथसङ्कुलम् ।पितृपैतामहंराज्यंकस्यनावर्तयेन्मनः ।। ,"<verse>
पितृपैतामहं राज्यं बहुहस्त्यश्वसङ्कुलम् ।
दृष्ट्वा कस्य न लुभ्येत लोभेनापहृतं मनः ॥
</verse>",False
"  On getting up, the brilliant Rama looked at his subjects and said to his brother Lakshmana full of noble qualities  ", उत्थाय स महातेजाः प्रकृतीस्ता निशाम्य च।अब्रवीद्भ्रातरं रामो लक्ष्मणं पुण्यलक्षणम्।। ,"<verse>
प्रबुद्धस्तु महातेजा दृष्ट्वा प्रजाः समन्ततः ।
अब्रवीद् भ्रातरं रामो लक्ष्मणं गुणसंयुतम् ॥
</verse>",False
" O Sita, you can stroll with me in my pleasuregardens. O  beautiful lady, you will not like living in the forest thereafter. ", तत्र सीते मया सार्धं वनेषु विहरिष्यसि।न चास्यारण्यवासस्य स्पृहयिष्यसि भामिनि।। ,"<verse>
प्रासादेषु विचित्रेषु प्रमदावनसंज्ञिषु ।
विहरन्ती मया सार्धं न वने रंस्यसे शुभे ॥
</verse>",False
" When pious Lakshmana said thus to Rama out of his love for him, Rama replied, unable to tolerate the words of censure against mother Kaikeyi  ", इत्येवं लक्ष्मणे वाक्यं स्नेहाद्ब्रुवति धार्मिके।परिवादं जनन्यास्तमसहन्राघवोऽब्रवीत्।। ,"<verse>
इत्येवं लक्ष्मणेनोक्ते स्नेहाद् रामाय धीमता ।
कैकेय्या गर्हणां सोढुमशक्तः प्राह राघवः ॥
</verse>",False
" O best of men, foremost among men of excellent character and dispositon, it is not surprising that all noble qualities come to reside in you naturally like water poured flowing downward. ", नैतच्चित्रं नरव्याघ्र शीलवृत्तवतां वर।यदार्यं त्वयि तिष्ठेत्तु निम्ने सृष्टमिवोदकम्।। ,"<verse>
शीलवृत्तवतां श्रेष्ठ नैतच्चित्रं नरोत्तम ।
सद्गुणास्त्वां समायान्ति ह्यापः प्रवणतामिव ॥
</verse>",False
" I wish to see my beloved son said the king with a sense of desolation and emerged, surrounded by forlorn women, from the palace.  ", अथ राजा वृत स्त्रीभिर्दीनाभिर्दीनचेतनः।निर्जगाम प्रियं पुत्रं द्रक्ष्यामीति ब्रुवन् गृहात्।। ,"<verse>
प्रियं पुत्रं दिदृक्षेऽहमिति दीनो वदन्नृपः ।
स्वभवनाद्विनिष्क्रान्तः स्त्रीभिर्दीनाभिरन्वितः ॥
</verse>",False
" Then the mighty Ravana rained sharp, dreadful shafts, spears and Vikarnis at Jatayu,  king of vultures. ", ततो नालीकनाराचैस्तीक्ष्णाग्रैश्च विकर्णिभिः।अभ्यवर्षन्महाघोरैर्गृध्रराजं महाबलः।। ,"<verse>
ततः शक्तीर्विकर्णींश्च तीक्ष्णाञ्छरान् महाबलः ।
ववर्ष रावणो घोरान् जटायौ गृध्रराजके ॥
</verse>",False
" O Kausalya,  with a son like Rama, you should not grieve. There is none in this world superior to Rama who stands steady in the path of virtue. ", नार्हा त्वं शोचितुं देवि यस्यास्ते राघवस्सुतः।न हि रामात्परो लोके विद्यते सत्पथे स्थितः।। ,"<verse>
कौसल्ये मा शुचो देवि यस्यास्ते पुत्र ईदृशः ।
न हि रामात्परो लोके धर्मे तिष्ठति कश्चन ॥
</verse>",False
 The serpents with their bodies half protruded out of the rocks and hissing looked like flags planted on the mountain. , निश्श्वसद्भिस्तदाऽर्तैस्तु भुजङ्गैरर्धनि:सृतैः।।सपताक इवाभाति स तदा धरणीधरः। ,"<verse>
शिलाभ्योऽर्धविनिष्क्रान्ता निःश्वसन्तो भुजङ्गमाः ।
रोपिताः पर्वताग्रेषु ध्वजा इव विरेजिरे ॥
</verse>",False
"  With the tumult gradually calmed down, the lord of the people, the king Dasaratha spoke this to Vasistha, a tiger among ascetics  ", शनैस्तस्मिन्प्रशान्ते च जनघोषे जनाधिपः।।वसिष्ठं मुनिशार्दूलं राजा वचनमब्रवीत्। ,"<verse>
प्रशान्ते तु तदा क्षोभे राजा दशरथो नृपः ।
वसिष्ठं मुनिशार्दूलमिदं वचनमब्रवीत् ॥
</verse>",False
 The valiant Hanuman touched the lord of mountains fondly and went with great speed just as an arrow released from the centre of a powerful bowstring. , पर्वतेन्द्रं सुनाभं च समुपस्पृश्य वीर्यवान्।।ज्यामुक्त इव नाराचो महावेगोऽभ्युपागतः। ,"<verse>
प्रीत्या संस्पृश्य शैलेन्द्रं स वीरो मारुतात्मजः ।
धनुर्मध्याद् यथा बाणो ज्यामुक्तः प्रययौ द्रुतम् ॥
</verse>",False
" Many of those brahmins who arrived here have commenced their sacrifices. O dear child, their consummation depends on your return. ", बहूनां वितता यज्ञा द्विजानां य इहागताः।तेषां समाप्तिरायत्ता तव वत्स निवर्तने।। ,"<verse>
आरब्धाः क्रतवस्तात द्विजैरिह समागतैः ।
तेषां परिसमाप्तिस्तु तवागमनमाश्रिता ॥
</verse>",False
" O Dasaratha, the foremost among kings if the promise lovingly made by you earlier is not going to be false, Rama should go to the forest. ", यत्तदुक्तं त्वया वाक्यं प्रीत्या नृपतिसत्तम।।तच्छेन्न वितथं कार्यं वनं गच्छतु राघवः। ,"<verse>
दशरथ नृपश्रेष्ठ पूर्वप्रीत्या वचः कृतम् ।
न चेन्मिथ्या भवेदेतद् रामो गच्छतु काननम् ॥
</verse>",False
" ""Rama! To my good fortune it became possible for me to see you here. Just as a hungry lion waits for an animal, I am waiting for you."" ", दिष्ट्यासिदर्शनंराम ममत्वंप्राप्तवानिह ।काङ्क्षितोऽसिक्षुधार्तस्यसिंहस्येवेतरोमृगः ।। ,"<verse>
दिष्ट्या मे दृष्टिमार्गं त्वं प्राप्तोऽसि रघुनन्दन।
मृगं सिंहः क्षुधार्तो हि त्वां प्रतीक्षन् स्थितो ह्यहम्॥
</verse>",False
" O Son, all these seven are my sons of celestial beauty.They will become pesiding deities for Vata Skandha divisions of wind and let them be wellknown as maruts wandering in the universe. "," वातस्कन्धा: इमे सप्त चरन्तु दिवि पुत्रक ।

मारुता इति विख्याता दिव्यरूपा ममात्मजा:।।
  ","<verse>
इमे ममात्मजाः पुत्र सप्त देववपुर्धराः।
वातस्कन्धा भविष्यन्ति मरुतो नाम विश्रुताः॥
</verse>",False
" O Descendant of the Raghu dynasty sage Jahnu who was performing the sacrifice, observed her pride and grew  furious. And astonishingly drank the entire waters of Ganga. ", तस्यावलेपनं ज्ञात्वा क्रुद्धो यज्वा तु राघव।।अपिबच्च जलं सर्वं गङ्गाया: परमाद्भुतम्। ,"<verse>
यज्ञस्थस्तन्मदं वीक्ष्य क्रुद्धो जह्नुस्तु राघव ।
अपिबत्सकलं तोयं गङ्गायाः परमाद्भुतम् ॥
</verse>",False
" I did not know that you have killed your soul by acting against your conscience, that you are sinful in conduct and unrighteous under the show of virtues like a well, its mouth covered with grass. ", न त्वां विनिहतात्मानं धर्मध्वजमधार्मिकम्।जाने पापसमाचारं तृणैः कूपमिवावृत।। ,"<verse>
हतात्मानं न जानामि धर्मध्वजमधार्मिकम्।
पापं छन्नसमाचारं तृणैः कूपमिवावृतम्॥
</verse>",False
" ""Now I would go alone and with the iron crowbar, kill Sugriva Lakshmana and Rama and return after shattering the Vanara troops."" ", अद्यरामंससुग्रीवंपरिघेणसलक्ष्मणम् ।आगमिष्यामिहत्वैकोविक्षोभ्यहरिवाहिनीम् ।। ,"<verse>
अद्यैकोऽहं गमिष्यामि परिघेणायसेन च।
सुग्रीवं लक्ष्मणं रामं हत्वा सैन्यं प्रमथ्य च॥
</verse>",False
" Our movement and vision naturally extends to distant places. For those fighting on foot, the movement is restricted to the extent of foot movement. ", अस्माकं विहिता वृत्तिर्निसर्गेण च दूरतः।विहिता पादमूले तु वृत्तिश्चरणयोधिनाम्।। ,"<verse>
दृष्टिश्च गतिरस्माकं दूरादेव प्रवर्तते ।
पदातयस्तु युध्यन्ते पदमात्रेण केनचित् ॥
</verse>",False
" ""Wearing red garland s round the neck, brave, like a mountain in form, dark with large mouth, like death, like sun veiled by clouds he seems."" ", रक्तगण्ठगुणोधीरोमहापर्वतसन्निभः ।कालःकालमहावक्त्रोमेघस्थइवभास्करः ।। ,"<verse>
रक्तमाल्यो गले धीरः शैलकायो महामुखः ।
कालोपमोऽसितो भाति मेघावृत इवांशुमान् ॥
</verse>",False
" As the period passed, Viswamitra the mighty ascetic was filled with grief, anxiety and remorse. ", अथ काले गते तस्मिन्विश्वामित्रो महामुनि:।सव्रीड इव सम्वृत्तश्चिन्ताशोकपरायण:।। ,"<verse>
व्यतीते तु ततः काले विश्वामित्रो महातपाः ।
चिन्ताशोकसमाविष्टः पश्चात्तापेन पीडितः ॥
</verse>",False
" Then Hanuman performed another supreme deed by uprooting a tree and striking on the head of Akampana, the chief of Rakshasas. ", ततोऽन्यंवृक्षमुत्पाट्यकृत्वावेगमनुत्तमम् ।शिरस्यभिजघानाशुराक्षसेन्द्रमकम्पनम् ।। ,"<verse>
ततः स मारुतिः श्रीमान् वृक्षमुत्पाट्य वीर्यवान् ।
अकम्पनस्य मूर्धानं राक्षसेन्द्रमताडयत् ॥
</verse>",False
" ""If the vanara army can cross the ocean you are certain that we will conquer. Presume that the army has succeeded."" ", लङ्घितेतस्यतैस्सैन्यंजितमित्युपधारय ।सर्वंतीर्णंचमेसैन्यंजितमित्यवधार्यताम् ।। ,"<verse>
यद्येषा वानरी सेना तरेदेतन्महार्णवम् ।
तदा नूनं जितं विद्धि तीर्णमेवावधार्यताम् ॥
</verse>",False
" ""Then all of them gave up hope of their efforts and scattered around her, succumbed to sleep.  ", ततस्तास्सहितास्सर्वा निहताशा निरुद्यमाः।।परिक्षिप्य समन्तात्तां निद्रावशमुपागताः। ,"<verse>
ततस्ता विहतोद्योगाः त्यक्ताशाः स्वप्रयत्नतः ।
तां समन्तात् परिक्षिप्य निद्रावशमुपागताः ॥
</verse>",False
" You may approach sage, Sutikshna residing in a sacred spot. He will provide you a delightful place for your stay in the forest. ", सुतीक्ष्णमभिगच्छ त्वं शुचौ देशे तपस्विनम्।रमणीये वनोद्देशे स ते वासं विधास्यति।। ,"<verse>
सुतीक्ष्णं शरणं याहि शुचौ देशे तपस्विनम्।
स ते वासं परं रम्यं वनेऽस्मिन् संविधास्यति॥
</verse>",False
" Tell me truly what you have come here for. Having heard the words of Rama and overtaken by passion, the demoness said "," इह वा किंनिमित्तं त्वमागता ब्रूहि तत्त्वत:।।साब्रवीद् वचनं श्रुत्वा राक्षसी मदनार्दिता।
 ","<verse>
तत्त्वमाख्याहि यत्कार्यं यत्कृते त्वमिहागता ।
श्रुत्वा रामस्य तद्वाक्यं कामार्तोवाच राक्षसी ॥
</verse>",False
" ""The association of one who has renounced righteousness and is of sinful deeds is left by a righteous man who undoubtedly attains happiness, is like shaking of a venomous serpent from the hand."" ", धर्मात्प्रच्युतशीलंहिपुरुषंपापनिश्चयम् ।।त्यक्त्वासुखमवाप्नोतिहस्तादाशीविषंयथा । ,"<verse>
त्यक्तधर्मस्य पापस्य संसर्गं धार्मिकस्त्यजेत्।
हस्तात् सर्पमिवोत्क्षिप्य स सुखी स्यान्न संशयः॥
</verse>",False
" Shorn of lustre, unkempt hair filled with dust, she appeared like a meteor slipped and fallen on land, merits exhausted. ", निष्प्रभां शोकसन्तप्तां मलसङ्कुलमूर्धजाम्।।क्षीणपुण्यां च्युतां भूमौ तारां निपतितामिव। ,"<verse>
निष्प्रभां मलिनां दीनां पांसुधूसरमूर्धजाम् ।
पुण्यक्षयादिवोल्कां तां भ्रष्टां निपतितां भुवि ॥
</verse>",False
 Not very far from here stands an ancient ashram in a lovely forest abounding in roots and fruits and I with my companions will seek shelter there. , बहुमूलफलं चित्रमविदूरादितो वनम्।पुराणाश्रममेवाहं श्रयिष्ये सगणः पुनः।। ,"<verse>
नातिदूरे वने रम्ये आश्रमं तं पुरातनम् ।
बहुमूलफलोपेतं श्रयेऽहं च सबान्धवः ॥
</verse>",False
" My father, on his own accord, bestowed Urmila, my younger sister of chaste and of  pleasing appearance as wife to Lakshmana. "," मम चैवानुजा साध्वी ऊर्मिला प्रियदर्शना।भार्यार्थे लक्ष्मणस्यापि दत्ता पित्रा मम स्वयम्।।
 ","<verse>
इमां चोर्मिलां भार्यां लक्ष्मणाय महात्मने ।
ममैवानुजां साध्वीं चारुरूपां ददौ स्वयम् ॥
</verse>",False
" Get quickly to the sacred bank of  Ganga a strong, auspicious boat equipped with rowing rods and helmsmen who can help cross the river with ease ", अस्य वाहनसंयुक्तां कर्णग्राहवतीं शुभाम्।सुप्रतारां दृढां तीर्थे शीघ्रं नावमुपाहर।। ,"<verse>
गङ्गायाः पावने तीरे क्षिप्रं नावं दृढां शुभाम् ।
अरित्रैः कर्णधारैश्च सुखताराय चानय ॥
</verse>",False
" Climbing down the mountain, the righteous Rama reviewed in his mind the strength of his army and the enemy which is difficult to assail. ", अवतीर्यचधर्मात्मातस्माच्छैलात्सराघवः ।परैःपरमदुर्धर्षंददर्शबलमात्मनः ।। ,"<verse>
अवरुह्य गिरेस्तस्माद् धर्मात्मा राघवो नृपः ।
स्वबलं शात्रवं चैव दुराधर्षं व्यचिन्तयत् ॥
</verse>",False
" Even though Rama was elder, he could grasp the quintessence of the wise counsel only after Lakshmana had said it. ", पूर्वजोऽप्युक्तमात्रस्तु लक्ष्मणेन सुभाषितम्।सारग्राही महासारं प्रतिजग्राह राघवः।। ,"<verse>
ज्येष्ठोऽपि हि तदा रामो लक्ष्मणेन प्रभाषिते ।
मन्त्रसारं तु जग्राह बुद्धिमत्त्वात्परन्तपः ॥
</verse>",False
" On seeing Rama with illustrious Sita, the great sages, richly endowed with divine knowledge, went forward to greet him. ", दिव्यज्ञानोपपन्नास्ते रामं दृष्ट्वा महर्षयः।।अभ्यगच्छन्स्तदा प्रीता वैदेहीं च यशस्विनीम्। ,"<verse>
दृष्ट्वा रामं यशस्विन्या सीतया सहितं तदा ।
दिव्यज्ञानेन दीप्तास्ते प्रत्युद्याता महर्षयः ॥
</verse>",False
" Tumultuous war took place between Vanaras and Rakshasas, striking one another, monkeys with terrible trees and Rakshasas with tridents and clubs. ", तेषांसुतुमुलंयुद्धंसञ्जज्ञेकपिरक्षसाम् ।अन्योन्यंपादपैर्घोरंनिघ्नतांशूलमुद्गरैः ।। ,"<verse>
कपीनां राक्षसानां च तुमुलोऽभून्महारणः ।
वृक्षैर्घोरैः प्रहर्तॄणां शूलैश्च गदयापि च ॥
</verse>",False
" ""Your counsellors Sarabha have said that it is proper to know from the spies to ascertain about him. It has no meaning as it is not possible to do so as he is near you. It does not serve the purpose."" ", चारप्रणिहितंयुक्तंयदुक्तंसचिवैस्तव ।अर्थस्यासम्भवात्तत्रकारणंनोपयुज्यते ।। ,"<verse>
प्रणिधानं च यत्प्रोक्तं शरभेण विपश्चिता ।
भूयः प्रत्यक्षमर्थेऽस्मिन् प्रणिधानं निरर्थकम् ॥
</verse>",False
 Happy at the prospect of getting out of the cave they all not only closed their eyes but also covered them with their delicate fingers.  , ततस्सम्मीलितास्सर्वे सुकुमाराङ्गुलैः करैः।सहसाऽपिदधुर्दृष्टिं हृष्टा गमनकाङ्क्षया।। ,"<verse>
बिलान्निष्क्रमणे हृष्टा निमील्याक्षीणि सर्वशः ।
मृद्वीभिरङ्गुलीभिश्च छादयामासुरञ्जसा ॥
</verse>",False
" Did not the one who counselled the banishment of my noble brother who is steadfast and bound by truth and virtue, ever adhered to scriptures?orMy noble brother Rama, the best among the virtuous, bound to truth, is banished. Let not such thought occur at any time to one who steadfastly adheres to scriptures  ", कृता शास्त्रानुगा बुद्धिर्माभूत्तस्य कदाचन।सत्यसन्ध स्सतां श्रेष्ठो यस्याऽर्योऽनुमते गतः।। ,"<verse>
शास्त्रे धृतमतेः कच्चिन्न रोचेत प्रवासनम् ।
भ्रातुर्मे सत्यसन्धस्य धर्मिष्ठस्य महात्मनः ॥
</verse>",False
" The Vanaras witnessed Virupaksha who had misshapen eyes, turning his eyeballs in anger, foaming blood flowing from nostrils. ", विवृत्तनयनंक्रोधात्सफेनंरुधिराप्लुतम् ।ददृशुस्तेविरूपाक्षंविरूपाक्षतरंकृतम् ।। ,"<verse>
तं विवृत्ताक्षमुद्भ्रान्तं फेनोद्गीर्णं सशोणितम् ।
ददृशुर्वानरा भूमौ विरूपाक्षं विचेष्टितम् ॥
</verse>",False
" With folded hands, Vibheeshana made all the Rakshasas wielding arms to stop and sit and addressed these words to Ravana. ", तान्गृहीतायुधान् सर्वान्वारयित्वाविभीषणः ।अब्रवीत्प्राञ्जलिर्वाक्यंपुनःप्रत्युपवेश्यतान् ।। ,"<verse>
निवर्त्य शस्त्रपाणींस्तानुपवेश्य च राक्षसान् ।
अब्रवीत्प्राञ्जलिर्भूत्वा विभीषणस्तु रावणम् ॥
</verse>",False
" ""Madhu, another ruler of Danavas who was proud of his valour and difficult to approach, the husband of Kumbhinasi was subjugated by you by your offering to fight with him."" ", दानवेन्द्रोमधुर्नामवीर्योत्सिक्तोदुरासदः ।विगृह्यवशमानीतःकुम्भीनस्याःसुखावहः ।। ,"<verse>
दानवानां पतिश्चान्यो वीर्योद्रिक्तो दुरासदः ।
कुम्भीनस्याः पतिः शूरो युद्धातिथ्येन सांत्वितः ॥
</verse>",False
" ""You may see how he goes to sleep, how he wakes up etc., what he does, everything. You may come after knowing everything."" ", कथंस्वपितिजागर्तिकिमन्यच्चकरिष्यति ।विज्ञायनिपुणंसर्वमागन्तव्यमशेषतः ।। ,"<verse>
कथं स्वपिति जागर्ति किमर्थं च विचेष्टते ।
विज्ञाय सर्वमेतद्धि ततस्त्वमागमिष्यसि ॥
</verse>",False
" Covered by the speed of the arrows released on them, both Rama and Lakshmana wielding their bows and arrows discharged wonderful arrows and exhibited their power. ", तौतस्यशरवेगेनपरीतौरामलक्ष्मणौ ।धनुषीसशरेकृत्वादिव्यमस्त्रंप्रचक्रतुः ।। ,"<verse>
शरवेगेन संच्छन्नौ तावुभौ रामलक्ष्मणौ ।
मुञ्चन्तौ चाद्भुतान् बाणान् दर्शयामासतुर्बलम् ॥
</verse>",False
" Mighty Kumbhakarna split off the rocks, mountain peaks and the trees breaking them. ", तानिपर्वतशृङ्गाणिशूलेन स बिभेद ह ।।बभञ्जवृक्षवर्षं च कुम्भकर्णोमहाबलः । ,"<verse>
कुम्भकर्णो महावीर्यः शिलाश्च शिखराणि च ।
द्रुमांश्च विविधान् भङ्क्त्वा व्यदारयदसौ बली ॥
</verse>",False
" ""Disconnected with relatives, forsaken by you also, deprived of sensual pleasures, I shall grieve permanently."" ", साहंबन्धुजनैर्हीनाहीनानाथेन च त्वया ।।विहीनाकामभोगैश्चशोचिष्येशाश्वतीस्समाः । ,"<verse>
बान्धवैर्विप्रहीना च त्वया चापि विवर्जिता ।
कामभोगैर्विहीनाहं शोचिष्यामि निरन्तरम् ॥
</verse>",False
" Whoever kills a person, who is drunk or is heedless or is asleep or without weapons or stupified by lust in this world, is equal to a killer of a foetus in the womb. ", यो हि मत्तं प्रमत्तं वा सुप्तं वा रहितं भृशम्।हन्यात्स भ्रूणहा लोके त्वद्विधं मदमोहित।। ,"<verse>
मत्तं सुप्तं प्रमत्तं वा विशस्त्रं काममोहितम् ।
यो नरो हन्ति लोकेऽस्मिन् भ्रूणहन्तुः समो भवेत् ॥
</verse>",False
" At this time a powerful king Romapada, mighty and celebrated would be living in the country of Anga. ", एतस्मिन्नेव काले तु रोमपाद: प्रतापवान्।अङ्गेषु प्रथितो राजा भविष्यति महाबल:।।।  ,"<verse>
अङ्गेषु प्रथितो राजा भविष्यति महाबलः ।
रोमपाद इति ख्यातो महावीर्यो महायशाः ॥
</verse>",False
" I am aware, O valiant one, that there are hardships of every  kind in forest life. But they befall those whose senses are not under their  control.   ", वनवासेऽभिजानामि दुःखानि बहुथा किल। प्राप्यन्ते नियतं वीर पुरुषैरकृतात्मभिः।। ,"<verse>
जानामि सर्वथा वीर वने दोषान् हि सर्वशः।
ते त्वजितेन्द्रियाणां स्युर्न तु तेषां जितात्मनाम्॥
</verse>",False
" And, hurt by the dart, Maricha roared frighteningly, leaped as high as a  palm tree  and dropped down on earth almost dead. ", तालमात्रमथोत्प्लुत्य न्यपतत्सशरातुरः।।विनदन्भैरवं नादं धरण्यामल्पजीवितः। ,"<verse>
शराहतोऽथ मारीचो ननाद च सुभैरवम् ।
तालोन्मितं समुत्पत्य पपातोर्व्यां मृतोपमः ॥
</verse>",False
" Thereafter Ravana, the Lord of Rakshasas overcome by fury ordered all his forces to advance. ", ततःकोपपरीतात्मारावणोराक्षसेश्वरः ।निर्याणंसर्वसैन्यानांद्रुतमाज्ञापयत्तदा ।। ,"<verse>
ततो रावणसंक्रुद्धो निशाचरपतिर्बली ।
प्रयाणाय बलं सर्वं स्वयं समादिशत् प्रभुः ॥
</verse>",False
" Having said thus, the best of men, mightyarmed and highly energetic Bharata entered the great forest on foot. ", एवमुक्त्वा महातेजा भरतः पुरषर्षभः।पद्भ्यामेव महाबाहुः प्रविवेश महाद्वनम्।। ,"<verse>
इत्युक्त्वा पुरुषव्याघ्रो महातेजा महाभुजः।
पद्भ्यां महद्वनं धीरो विवेश भरतस्तदा॥
</verse>",False
" O Dasaratha, a promise made and not kept amounts to destruction of merits earned through previous pieties. Therefore send Rama with him. ", संश्रुत्यैवं करिष्यामीत्यकुर्वाणस्य राघव।इष्टापूर्तवधो भूयात्तस्माद्रामं विसर्जय।। ,"<verse>
प्रतिश्रुत्य करिष्येति उक्तं वाक्यमकुर्वतः ।
इष्टापूर्तवधो भूयात् तस्माद् रामं विसर्जय ॥
</verse>",False
" Now we have almost lost our life.You are our saviour like another monkeyking like Garuda, king of birds.You are fully endowed with valour and courage. ", वयमद्य गतप्राणा भवान्नस्त्रातु साम्प्रतम्।दाक्ष्यविक्रमसम्पन्नः कपिराज इवापरः।। ,"<verse>
प्रायो गतासवो नूनं त्वं नस्त्राता खगेन्द्रवत् ।
द्वितीयः कपिराजोऽसि धैर्यविक्रमसंयुतः ॥
</verse>",False
" Then Vibheeshana and all the Vanaras rejoiced just as Devas, when Vrtasura was killed. ", चुक्रुशुस्तेततःसर्वेवानराःसविभीषणाः ।हृष्यन्तोनिहतेतस्मिन् देवावृत्रवधेयथा ।। ,"<verse>
ततो विभीषणश्चैव सर्वे वानरपुङ्गवाः ।
वृत्रे हते यथा देवाः प्रहर्षमतुलं ययुः ॥
</verse>",False
" King Janaka approached the aged ruler of men, Dasaratha, and experienced great delight. ", ततो राजानमासाद्य वृद्धं दशरथं नृपम्।जनको मुदितो राजा हर्षं च परमं ययौ।। ,"<verse>
जनकस्तु नृपं वृद्धं दशरथमुपागमत् ।
तदा स परमां प्रीतिं जगाम मुदितो भृशम् ॥
</verse>",False
" After a lot of effort, with great fear controlling my thoughts and the power of speech, I related to him the calamity that had befallen his son.     ", मनसः कर्म चेष्टाभिरभिसंस्तभ्य वाग्बलम्।आचचक्षे त्वहं तस्मै पुत्रव्यसनजं भयम्।। ,"<verse>
यत्नेन महता चापि नियम्य मनसा गिरम् ।
पुत्रस्य व्यसने घोरे तस्मै भीतो न्यवेदयम् ॥
</verse>",False
"  Just as the Vedas and Vedangas awaken the selfborn lord Brahma, so do I  awaken you. ", वेदास्सहाङ्गविद्याश्च यथाह्यात्मभुवं विभुम्। ब्रह्माणं बोधयन्त्यद्य तथा त्वां बोधयाम्यहम्।  ,"<verse>
यथा वेदाश्च वेदाङ्गाः स्वयम्भुवमबोधयन् ।
तथा त्वामपि देवेश बोधयाम्यहमच्युत ॥
</verse>",False
" Rama saw lake Pampa with cool waters and the groves on the bank filled with tilaka, ashoka, punnaga, bakula and uddala trees. ", स ददर्श ततः पम्पां शीतवारिनिधिं शुभाम्।।तिलकाशोकपुन्नागवकुलोद्दालकाशिनीम्। ,"<verse>
ददर्श तीरकान्तारां पम्पां रामः सुशीतलाम् ।
तिलकाशोकपुन्नागबकुलोद्दालसंवृताम् ॥
</verse>",False
 Raghava alighted from the top of the Pushpaka on reaching the hermitage of Bharata and stood on ground. , भरताश्रममासाद्यससैन्योराघवस्तदा ।।अवतीर्यविमानाग्रादवतस्थेमहीतले । ,"<verse>
भरताश्रममासाद्य पुष्पकाग्रादवातरत् ।
तस्थौ महीतले श्रीमान् राघवः सत्यविक्रमः ॥
</verse>",False
" ""King! You have invaded the world by your brilliance and were proud of your heroism. How did you do this mean act of abducting a woman?"" ", कथं च नामतेराजन् लोकानाक्रम्यतेजसा ।।नारीचौर्यमिदंक्षुद्रंकृतंशौण्डीर्यमानिना । ,"<verse>
तेजसा नृप लोकं त्वमाक्रम्य शौर्यगर्वितः ।
स्त्रीहरणं कथं नीचं कर्मैतत्कृतवानसि ॥
</verse>",False
" On the slopes of that mountain you will find lions called Pakshagamas, that is lions with wings. They carry  the whales, fishes and elephants from the sea to their shelters on the beautiful mountain slopes. ", तस्य प्रस्थेषु रम्येषु सिंहाः पक्षगमाः स्थिताः।तिमिमत्स्यगजांश्चैव नीडान्यारोपयन्ति ते।। ,"<verse>
सिंहाः पक्षगमा नाम रम्येषु गिरिसानुषु ।
गजांस्तिमींश्च मीनांश्च नयन्त्यब्धेः स्वमाश्रयम् ॥
</verse>",False
" After speaking thus to Indra, goddess Diti overpowered with sleep around midsday dropped off, her feet towards her head. ", एवमुक्त्वा दितिश्शक्रं प्राप्ते मध्यं दिवाकरे।निद्रयाऽपहृता देवी पादौ कृत्वाऽथ शीर्षत:।। ,"<verse>
एवमुक्त्वा तु देवेन्द्रं सुष्वाप दितिदेवता ।
मध्याह्ने निद्रयाक्रान्ता पादौ कृत्वा शिरोगतौ ॥
</verse>",False
 Let the ground be sprinkled with cold water and then parched grain and flowers to be sprinkled. , सिञ्चस्तुपृथिवींकृत्स्नांहिवशीतेववारिणा ।।ततोऽभ्यवकिरन्त्वन्येलाजैःपुष्पैश्चसर्वतः । ,"<verse>
शीततोयेन संसिक्ता भवेद्भूमिस्ततः परम् ।
लाजैश्च कुसुमैश्चापि प्रकीर्णा सा विधीयताम् ॥
</verse>",False
 All of them now gathered at one place and drank honey from large containers. Others were busy preventing the guards.  , मधूनि द्रोणमात्राणि बाहुभिः परिगृह्य ते।पिबन्ति सहिता स्सर्वे निघ्नन्ति स्म तथापरे।। ,"<verse>
एकत्र संहताश्चापि महाकुम्भात्पपुर्मधु ।
रक्षिणां वारणे चान्ये व्यग्रास्तत्र बभूविरे ॥
</verse>",False
" The valiant Hanuman worthy of worship having been honoured by both Jambavan and Angada was pleased. He responded briefly, saying Saw Sita. ", स ताभ्यां पूजितः पूज्यः कपिभिश्च प्रसादितः।।दृष्टा सीतेति विक्रान्त स्संक्षेपेण न्यवेदयत्। ,"<verse>
पूजार्हः पूजितः प्रीतो जाम्बवताङ्गदेन च ।
सङ्क्षेपाद् वीर्यवान् प्राह दृष्टा सीतेति मारुतिः ॥
</verse>",False
" Stamping his feet and shaking the ground as if tearing the earth, Ravana said to those fiercelooking demonesses ", स ताः प्रोवाच राजा तु रावणो घोरदर्शनः।प्रचाल्य चरणोत्कर्षैर्दारयन्निव मेदिनीम्।। ,"<verse>
दारयन्निव मेदिनीं कम्पयन् पादताडनैः ।
उवाच रावणस्ताश्च राक्षसीः क्रूरदर्शनाः ॥
</verse>",False
" If I can sport with Sita in this beautiful green grassy land, I will not have any worry, I would not desire for any other pleasure. ", नह्येवं रमणीयेषु शाद्वलेषु तया सह। रमतो मे भवेच्चिन्ता न स्पृहाऽन्येषु वा भवेत्।। ,"<verse>
सीतया सह रम्येऽस्मिन् हरिते शाद्वले रमे ।
न मे चिन्ता भवेत् काचित् नान्यत् सुखमहं वृणे ॥
</verse>",False
" When they could not find the tracks of the chariot, those highminded people turned back and said to themselves What is this? We have been deceived by fate. What are we to do now?  ", रथस्य मार्गनाशेन न्यवर्तन्त मनस्विनः।किमिदं किं करिष्यामो दैवेनोपहता इति।। ,"<verse>
रथस्य पदमज्ञात्वा न्यवर्तन्त महाधियः ।
किमेतत्किं करिष्यामो दैवेन वञ्चिता वयम् ॥
</verse>",False
" The son of the Windgod, Hanuman, searched all over the mountains and caves and woods difficult to access in that southwestern region of the mountain. ", स हि देशो दुरन्वेषो गुहागहनवान्महान्।तत्र वायुसुतस्सर्वं विचिनोति स्म पर्वतम्।। ,"<verse>
नैर्ऋते पर्वतस्यांशे मारुतिर्हनुमान् बली ।
गुहाश्च गहनान्येव शैलदुर्गाण्यवैक्षत ॥
</verse>",False
" At that time, Sumitras son, Lakshmana, winner of enemy forces, conqueror of forts, enraged went to fight. ", तस्मिन् कालेसुमित्रायाःपुत्रःपरबलार्दनः ।चकारलक्ष्मणःक्रुद्धोयुद्धंपरपुरञ्जयः ।। ,"<verse>
तदा सौमित्रिराक्रुद्धो लक्ष्मणः परसैन्यजित् ।
दुर्गाणां चैव जेता स युद्धाय समुपागमत् ॥
</verse>",False
" ""O blameless lady If you wish not to accompany me you may give me a token of identification to let Rama know about my coming here and seeing you"".  ", यदि नोत्सहसे यातुं मया सार्थमनिन्दिते।अभिज्ञानं प्रयच्छ त्वं जानीयाद्राघवो हि यत्।। ,"<verse>
यदि नोत्सहसे यातुं मया सार्धमनिन्दिते।
अभिज्ञानं प्रयच्छाद्य जानीयाद्येन राघवः॥
</verse>",False
" Hearing the words of Kaikeyi uttered in a gentle voice, wrathful Manthara skilled in speech, said ", मन्थरा तु वच श्श्रुत्वा कैकेय्या मधुराक्षरम्।उवाच क्रोधसंयुक्ता वाक्यं वाक्यविशारदा।। ,"<verse>
कैकेय्या मधुरं वाक्यं श्रुत्वा सा क्रोधमूर्च्छिता ।
मन्थरा वदतां श्रेष्ठा इदं वचनमब्रवीत् ॥
</verse>",False
" The tamer of enemies and delight of the Raghu race, Lakshmana stood wielding bow in hand ready to win the conjurer conferred with boon by the creator Brahma. ", स तंप्राप्यधनुष्पाणिर्मायायोगमरिन्दमः ।तस्थौब्रह्मविधानेनविजेतुंरघुनन्दनः ।। ,"<verse>
ब्रह्मदत्तवरं जेतुं मायाविनमरिन्दमः।
धनुष्पाणिः स्थितो वीरो लक्ष्मणो रघुनन्दनः॥
</verse>",False
 All the demons including the shedemons and their children and the elders went out joyfully to see the burning tail of Hanuman. , लाङ्गूलं सम्प्रदीप्तं तु द्रष्टुं तस्य हनूमतः।।सहस्त्रीबालवृद्धाश्च जग्मुः प्रीता निशाचराः। ,"<verse>
स्त्रीबालवृद्धसंयुक्ता राक्षसा हर्षनिर्भराः ।
हनूमतो ज्वलत्पुच्छं द्रष्टुं सर्वे विनिर्ययुः ॥
</verse>",False
"  In seeing the insult meted out to Rama and his journey to the forest, how will frightened  Sumitra  have confidence in me?  ", विप्रकारं च रामस्य सम्प्रयाणं वनस्य च।।सुमित्रा प्रेक्ष्य वै भीता कथं मे विश्वसिष्यति। ,"<verse>
रामस्यावमतिं वीक्ष्य वनप्रस्थानमेव च।
कथं भीता सुमित्रा सा मयि विश्वासमेष्यति॥
</verse>",False
" ""If we cross over that ocean infested with huge crocodiles and ascend the fortress of Lanka, know that the enemy is killed."" ", समुद्रंलङ्घयित्वातुमहानक्रसमाकुलम् ।लङ्कामारोहयिष्यामोहनिष्यामश्चतेरिपुम् ।। ,"<verse>
तीर्त्वा नक्रमहाग्राहं समुद्रं वरुणालयम् ।
लङ्कादुर्गं समारुह्य विद्धि शत्रुं निपातितम् ॥
</verse>",False
" Which valiant person among gods, gandharvas, sages and other great people, has disfigured you like this ? ", देवगन्धर्वभूतानामृषीणां च महात्मनाम्।कोऽयमेवं विरूपां त्वां महावीर्यश्चकार ह।। ,"<verse>
सुरगन्धर्वविप्रेषु महर्षिषु महात्मसु ।
त्वामेवं विकृताकारामकरोत् कश्च वीर्यवान् ॥
</verse>",False
" You are renowned in the three worlds for your valour, for your devotion to father, and in you lies enough evidence of your adherence to truth and righteousness. ", विश्रुतस्त्रिषु लोकेषु यशसा विक्रमेण च।पितृभक्तिश्च सत्यं च त्वयि धर्मश्च पुष्कलः।। ,"<verse>
त्रिलोके विश्रुतोऽसि त्वं शौर्येण पितृभक्तितः ।
सत्यधर्मे दृढा निष्ठा प्रत्यक्षा दृश्यते त्वयि ॥
</verse>",False
" After lapse of some time, the eldest wife Kesini gave birth to a son wellknown by name Asamanjasa. ", अथ काले गते तस्मिन् ज्येष्ठा पुत्रं व्यजायत।असमञ्ज इति ख्यातं केशिनी सगरात्मजम्।। ,"<verse>
अथ काले व्यतीते तु ज्येष्ठा पुत्रं व्यजायत।
असमञ्ज इति ख्यातं केशिनी सगरात्मजम्॥
</verse>",False
" I only know his name. We do not know how he looks, where he lives and what influence he has. ", नाममात्रं तु जानामि न रूपं तस्य रक्षसः।।निवासं वा प्रभावं वा वयं तस्य न विद्महे। ,"<verse>
तस्य नामैव जानामि न रूपं न निवासकम् ।
प्रभावं कीदृशं चास्य वयं जानीमहे न हि ॥
</verse>",False
 Hanuman seeing the terrific army of Bears marching like a dark cloud asked them to return and he also returned with them. , दृष्टापथिहनूमांश्चतदृक्षबलमुद्यतम् ।नीलमेघनिभंभीमंसन्निवार्यन्यवर्तत ।। ,"<verse>
घोरमृक्षबलं दृष्ट्वा मेघाभं प्रस्थितं कपिः ।
न्यवारयत्ततः सर्वान् तैः सहैव न्यवर्तत ॥
</verse>",False
" Offering to Sri Rama the Pushpak decorated with flowers to sit, Vibheeshana stood at a distance and spoke. ", उपस्थितंतुतंकृत्वापुष्पकंपुष्पभूषितम् ।अविदूरेस्थितोराममित्युवाचविभीषणः ।। ,"<verse>
उपवेष्टुं तु रामाय पुष्पकं पुष्पशोभितम् ।
निवेद्य संस्थितो दूरे विभीषणोऽब्रवीद्वचः ॥
</verse>",False
" ""How did that rakshasi of terrible appearance dare to love that virtuous Rama?"" ", कथंसर्वगुणैर्हीनागुणवन्तंमहौजसम् ।सुमुखंदुर्मुखीरामंकामयामासराक्षसी ।। ,"<verse>
कथं सा विकृताकारा राक्षसी भीमरूपिणी ।
चकमे धार्मिकं रामं धर्मज्ञं सत्यवादिनम् ॥
</verse>",False
"  Hearing that sound, the demoness thought for a while and senseless with anger  rushed in the direction where the sound had come from.  ", तं शब्दमभिनिध्याय राक्षसी क्रोधमूर्छिता।श्रुत्वा चाभ्यद्रवद्वेगाद्यतश्शब्दो विनिस्सृत:।। ,"<verse>
तं शब्दमभिनिध्याय राक्षसी क्रोधमूर्च्छिता ।
श्रुत्वा चाभ्यद्रवत्क्रुद्धा यतो धीरः स शब्दजः ॥
</verse>",False
 The virtuous counsellors of the Indra among kings highly  honoured  spent the night happily.     Thus ends the sixtyeighth sarga of Balakanda of the holy Ramayana the first epic composed by sage Valmiki. , मन्त्रिणस्तु नरेन्द्रस्य रात्रिं परमसत्कृता:।ऊषु स्तेमुदिता स्सर्वे गुणै स्सर्वैस्समन्विता:।।  ,"<verse>
नरेन्द्रमन्त्रिणस्तु ते गुणाधिकैः सहोषिताः।
सुसत्कृताः सुखं निशामतिष्ठनन् समाहिताः॥
</verse>",False
"  Look at the flowering trees sending showers of flowers like water dropping from the clouds, O Saumitri ", पश्य रूपाणि सौमित्रे वनानां पुष्पशालिनाम्।सृजतां पुष्पवर्षाणि तोयं तोयमुचामिव।। ,"<verse>
सौमित्रे पश्य वृक्षांश्च पुष्पितान् पुष्पवर्षिणः ।
यथा मुञ्चन्ति जीमूता वर्षन्तो वारि भूरिशः ॥
</verse>",False
" In olden days when Iswara was engaged in austerities, the devatas together with the ascetics, approached Lord Brahma for an army general.   ", तप्यमाने तपो देवे देवा: सर्षिगणा: पुरा।सेनापतिमभीप्सन्त: पितामहमुपागमन्।। ,"<verse>
तपस्यति हरौ पूर्वं देवाः सर्षिगणास्तथा ।
सेनापतिमुपादातुं ब्रह्माणमुपतस्थिरे ॥
</verse>",False
" Valiant Bharata, the best of men took leave of his father Dasaratha, a tireless brother Rama and mothers and departed with Satrughna. ", आपृच्छ्य पितरं शूरो रामं चाक्लिष्टकारिणम्।मातृश्चापि नरश्रेष्ठ श्शत्रुघ्नसहितो ययौ।।  ,"<verse>
आपृच्छ्य पितरं शूरं रामं चाक्लिष्टकर्मणम् ।
मातृश्चापि नरश्रेष्ठः प्रस्थितः सहशत्रुघ्नः ॥
</verse>",False
" O great king Go at once with your son and relations, salute him now and avert his anger. ", तस्य मूर्ध्ना प्रणम्य त्वं सपुत्रस्सहबन्धुभिः।गच्छ शीघ्रं महाराज रोषो ह्यस्य निवर्त्यता।। ,"<verse>
गच्छ शीघ्रं महाराज सपुत्रः सह बान्धवैः ।
नमस्कृत्यैनमद्यैव कोपं तस्य निवर्तय ॥
</verse>",False
" O King as long as the waters in the ocean exist in this world, shall the sons of Sagara, live in heavens like gods. ", सागरस्य जलं लोके यावत्स्थास्यति पार्थिव।सगरस्यात्मजास्तावत्स्वर्गे स्थास्यन्ति देववत्।। ,"<verse>
यावत्तोयं समुद्रेऽस्मिन् स्थास्यते नृपसत्तम ।
तावत्सगरपुत्रास्ते स्वर्गे स्थास्यन्ति देववत् ॥
</verse>",False
" Vibheeshana spoke these meaningful words to Rama, who was unconscious, restraining Saumithri from speaking. ", कथयन्तंतुसौमित्रिंसन्निवार्यविभीषणः ।पुष्कलार्थमिदंवाक्यंविसंज्ञंराममब्रवीत् ।। ,"<verse>
सौमित्रिं वारयित्वा तु विभीषण उवाच ह ।
विसंज्ञाय च रामाय इदं वचनमर्थवत् ॥
</verse>",False
" Mother, father and preceptor are present before us. By overstepping them, how can we, in various ways, worship God who is beyond reach not visible? ", अस्वाधीनं कथं दैवं प्रकारैरभिराध्यते।स्वाधीनं समतिक्रम्य मातरं पितरं गुरुम्।। ,"<verse>
माता पिता गुरुश्चैव प्रत्यक्षाः सन्ति नः पुरः ।
तानतीत्य कथं देवमदृष्टं बहुधा भजेत् ॥
</verse>",False
  There cannnot be greater distress for any woman than such unending grief and lamentation which I am now experiencing. , अतो दुःखतरं किं नु प्रमदानां भविष्यति।मम शोको विलापश्च यादृशोऽयमनन्तकः।। ,"<verse>
न दुःखं विद्यते तीव्रं स्त्रियाः क्वापि ततोऽधिकम् ।
अनन्तः शोकसन्तापो योऽद्य मयानुभूयते ॥
</verse>",False
" Having been commanded, Hanuman offered prayers to Vibheeshana and entered Lanka. ", इतिप्रतिसमादिष्टोहनूमान्मारुतात्मजः ।प्रविवेशपुरींलङ्कांपूज्यमानोनिशाचरैः ।। ,"<verse>
आदिष्टस्तु हनूमांश्च प्रणम्य च विभीषणम् ।
ततो लङ्कां महातेजा विवेश कपिसत्तमः ॥
</verse>",False
" O sinless one, the spring season is dear to my beloved Sita when the outskirts of the forest are filled with voices of the cockoo. ", अयं हि दयितस्तस्याः कालो रुचिरकाननः। कोकिलाकुलसीमान्तो दयिताया ममानघ।। ,"<verse>
कोकिलालापसंघुष्टे वनपर्यन्तभूषिते ।
वसन्तोऽयं प्रियाया मे सीताया ह्यनघ प्रियः ॥
</verse>",False
" Split diagonally, the ascetic woman with charming hips and pleasing countenance sank into the ground. ", यज्ञोपवीतमार्गेणभिन्नातेनतपस्विनी ।।सापृथिव्यांपृथुश्रोणीपपातप्रियदर्शना । ,"<verse>
तिर्यग्भिन्ना वरारोहा सुमुखी तापसी तथा ।
विवेश धरणीं सा तु न्यमज्जत महीतले ॥
</verse>",False
 Kausalya will think her only son has been killed in the battle. I think her heart would break. , मन्येतुहृदयंतस्याःकौसल्यायाःफलिष्यति ।एकपुत्रायदापुत्रंविनष्टंश्रोष्यतेयुधि ।। ,"<verse>
हतं मत्वा सुतं युद्धे कौसल्या त्वेकपुत्रिका ।
मन्ये विदीर्यते तस्या हृदयं शोकपीडितम् ॥
</verse>",False
" ""Send for Akampana quickly, who is of terrific valour, difficult to encounter and skilled in all sastras."" ", शीघ्रंनिर्यान्तुदुर्धर्षाराक्षसाभीमविक्रमाः ।अकम्पनंपुरस्कृत्यसर्वशस्त्रप्रकोविदम् ।। ,"<verse>
शीघ्रमानय दुर्धर्षमकम्पनमरिन्दमम् ।
घोरविक्रमसम्पन्नं सर्वशस्त्रविशारदम् ॥
</verse>",False
" The trumpeting of the elephants, the neighing of horses, the clatter of the wheels of the chariots and the shout of Rakshasas resounded in the air. ", गजानांबृंहितैःसार्धंहयानांहेषितैरपि ।रथानांनेमिघोषैश्चरक्षसाम्वदनस्वनः  ।। ,"<verse>
गजानां बृंहितैर्घोरैर्हयहेषारवैस्तथा ।
रथनेमिरवैर्घोरै रक्षोनादैर्नभोऽनदत् ॥
</verse>",False
  Effulgent Rama  bowed at the feet of his father who had fallen into a swoon. He bowed at the feet of the ignoble Kaikeyi and set out. , वन्दित्वा चरणौ रामो विसंज्ञस्य पितुस्तथा।कैकेय्याश्चाप्यनार्यायाः निष्पपात महाद्युतिः।। ,"<verse>
श्रीमान् रामः पितुः पादौ मूर्च्छितस्य ननाम च ।
कैकेय्याश्चाप्यनार्यायाः पादौ नत्वा जगाम सः ॥
</verse>",False
" O lovely lady, not all the sons of the king will inherit the kingdom. If all of them are installed as kings, there will be great disorder.  ", न हि राज्ञस्सुता स्सर्वे राज्ये तिष्ठन्ति भामिनि।स्थाप्यमानेषु सर्वेषु सुमहाननयो भवेत्।। ,"<verse>
न हि सर्वे सुता राज्ञां राज्ये तिष्ठन्ति भामिनि ।
स्थाप्यमानेषु सर्वेषु सुमहाननयो भवेत् ॥
</verse>",False
" ""I hope respectable Rama is not too absentminded for being immersed in sorrow on my account. Hope he will save me. ", मन्निमित्तेन मानार्हः कच्चिच्छोकेन राघवः।कच्चिन्नान्यमना रामः कच्चिन्मां तारयिष्यति।। ,"<verse>
कच्चिन्मच्छोकदीनोऽसौ न रामो विह्वलो भवेत् ।
कच्चिदार्यो महाबाहुर्मोचयिष्यति मां द्रुतम् ॥
</verse>",False
 O bull among men you are so loving to me. I am like an orphan. Be kind to me. She who has found her lord in you stays without a protector. , स कुरुष्व महोत्साहः कृपां मयि नरर्षभ।त्वया नाथवती नाथ ह्यनाथा इव दृश्यते।। ,"<verse>
स त्वं मयि नरव्याघ्र सस्नेहः कुरु मे दयाम् ।
त्वयि नाथेऽपि सा चाहं तिष्ठाम्यद्य ह्यनाथवत् ॥
</verse>",False
" ""The shafts bound with feathers of Kanka birds released by Rama and Lakshmana will be killing the demons all over this Lanka. They will not give a chance for any other weapon to fall. ", रक्षांसि परिनिघ्नन्तः पुर्यामस्यां समन्ततः।।असंपातं करिष्यन्ति पतन्तः कङ्कवाससः। ,"<verse>
रामलक्ष्मणमुक्तास्ते कङ्कपत्रसुशोभिताः ।
लङ्कायां राक्षसान् बाणा निघ्नन्ति न पतेत्परम् ॥
</verse>",False
" Broadeyed Sita, regaining her consciousness after a while, sat close to the head of Rama and lamented. ", सामुहूर्तात्समाश्वास्यप्रतिलभ्यचचेतनाम् ।तच्छिरस्समुपाघ्रायविललासायतेक्षणा ।। ,"<verse>
मुहूर्तात्तु विशालाक्षी सीता लब्ध्वा च चेतनाम् ।
उपविश्य शिरोभागे रामस्य विललाप सा ॥
</verse>",False
" When your husband approaches you he swears in meaningless, appeasing words. But today he is going to bestow benefit on Kausalya only. ", उपस्थितः प्रयुञ्जानस्त्वयि सान्त्वमनर्थकम्।अर्थेनैवाद्य ते भर्ता कौसल्यां योजयिष्यति।। ,"<verse>
सान्त्वयानोऽनृतेनैव तेन त्वमतिसन्धिता।
कौसल्यामेव ते भर्ता कल्याणेऽद्य करिष्यति॥
</verse>",False
"  O best among the heroic monkeys, a king who apportions his time properly towards pursuit of dharma, artha and kama is a hero and deserves to be a king. ", धर्ममर्थं च कामं च यस्तु काले निषेवते।।विभज्य सततं वीर स्स राजा हरिसत्तम। ,"<verse>
धर्ममर्थं च कामं च काले यस्तु निषेवते ।
विभज्य सततं वीर स राजा हरिसत्तम ॥
</verse>",False
 The city with suburban towns on all sides had several female dancers and actors.It was filled with gardens and mangogroves. And girdled by sal trees. , वधूनाटकसङ्घैश्च संयुक्तां सर्वत: पुरीम् ।उद्यानाम्रवणोपेतां महतीं सालमेखलाम् ।।  ,"<verse>
वधूनाटकसङ्घैश्च संयुक्तां सर्वतः पुरीम् ।
उद्यानाम्रवणोपेतां महतीं सालमेखलाम् ॥
</verse>",False
 All the women having cried so much must have quietened down out of sheer exhaustion. That is why perhaps the sounds from the royal palace have ceased.  , विनद्य सुमहानादं श्रमेणोपरताः स्त्रियः।निर्घोषोपरतं चातो मन्ये राजनिवेशनम्।। ,"<verse>
रुदित्वा ता भृशं नार्यः परिश्रान्ताः शमं गताः ।
तस्माद् राजकुले नूनं शब्दाः प्रशममागताः ॥
</verse>",False
" Why is Ramas mother, forever interested in the accumulation of money gifting away her wealth to men with great joy? ", उत्तमेनाभिसंयुक्ता हर्षेणार्थपरा सती।राममाता धनं किन्नु जनेभ्यस्सम्प्रयच्छति।। ,"<verse>
कथं रामस्य सा माता नित्यं वित्तचये रता ।
ददाति मानवेभ्योऽर्थं स्वकीयं महता मुदा ॥
</verse>",False
" Restraining his anger, the longarmed Rama leaned over  his wonderful bow and spoke to Lakshmana ", सन्निगृह्य महाबाहुः प्रवृत्तं कोपमात्मनः।अवष्टभ्य धनुश्चित्रं रामो लक्ष्मणमब्रवीत्।। ,"<verse>
निवार्य स तु तं कोपं चित्रं विष्टभ्य कार्मुकम् ।
उवाच लक्ष्मणं रामो महाबाहुर्महाबलः ॥
</verse>",False
" ""The king who does his duty in time in accordance with justice and thinking intelligently with his ministers, understands rightly."" ", यथागमं च योराजासमयंविचिकीर्षति ।बुध्यतेसचिवान्बध्यासुहृदश्चानुपश्यति ।। ,"<verse>
काले कार्यं प्रकुर्वाणो न्यायेन मन्त्रिभिः सह ।
राजा विमृश्य मेधावी स सम्यगवबुध्यते ॥
</verse>",False
" Longarmed Rama seated with Sita in the cottage, appeared like the Moon in conjunction with constellation Chitra. ", स रामः पर्णशालायामासीनस्सह सीतया।विरराज महाबाहुश्चित्रया चन्द्रमाः इव।। ,"<verse>
उटजे सीतया सार्धमासीनो हि महाभुजः ।
चित्रया संप्रयुक्तोऽसौ शुशुभे चन्द्रमा इव ॥
</verse>",False
 Effulgent Rama looked at Khara who stood with a mace in hand minus his chariot  and said to him first in a gentle voice and then harshly  , खरं तु विरथं रामो गदापाणिमवस्थितम्।मृदुपूर्वं महातेजाः परुषं वाक्यमब्रवीत्।। ,"<verse>
तं विरथं खरं वीक्ष्य गदापाणिं व्यवस्थितम् ।
सान्त्वपूर्वं ततो दीप्तो रामः परुषमब्रवीत् ॥
</verse>",False
" ""I came to know about him through one of my contacts. His strength, his appearance and glory are indescribable."" ", सत्यमागमयोगेनममैषविदितोहरिः ।नास्यशक्यंबलंरूपंप्रभावोवाऽपिभाषितम् ।। ,"<verse>
श्रुतो मया स केनापि परिचितेन बन्धुना ।
रूपं वीर्यं यशश्चास्य वर्णयितुं न शक्यते ॥
</verse>",False
" ""The crows, hawks and eagles are falling down like small animals. Also, the jackals are creating fear by making howls."" ", काकाश्श्येनास्तथानीचागृध्राःपरिपतन्तिच ।शिवाश्चाप्यशिवान्नादान्नदन्तिसुमहाभयान् ।। ,"<verse>
श्येनकाकसुपर्णाश्च पतन्ति क्षुद्रका इव ।
जनयन्ति भयं तीव्रं क्रोशन्तो जम्बुका अपि ॥
</verse>",False
" ""Indeed, Rama is capable of conquering even the Sungod, or the raingod or Yama the son of the Sun specially for your sake. ", अप्यर्कमपि पर्जन्यमपि वैवस्वतं यमम्।स हि सोढुं रणे शक्तस्तव हेतोर्विशेषतः।। ,"<verse>
अपि सूर्यं च शक्रं च यमं वैवस्वतं तथा।
त्वदर्थे जेतुमीशो हि रामोऽपि च विशेषतः॥
</verse>",False
 O mighty hero ever since I heard the prophesies from the brahmin palmists I am yearning to dwell in the forest.  , लक्षणिभ्यो द्विजातिभ्य श्शृत्वाऽहं वचनं पुरा। वनवासकृतोत्साहा नित्यमेव महाबल।। ,"<verse>
सामुद्रिकद्विजोक्तानि श्रुत्वा तानि महाबल ।
वने वासाय मे राम ततःप्रभृति चोत्सुका ॥
</verse>",False
" ""Mahodara, Mahaparsva, Akampana are Rakshasas who are like the guards of the world. They are the commanders of his Ravanas army."" ", महोदरमहापार्श्वौराक्षसश्चाप्यकम्पनः ।अनीकस्थास्तुतस्यैतेलोकपालसमायुधि ।। ,"<verse>
महोदरो महापार्श्वस्तथाकम्पन एव च ।
लोकपालसमा ह्येते सैन्यपा रावणस्य च ॥
</verse>",False
" Hota, Adhvaryu and Udgata arranged Mahishi, Parivritti, Vavaata and another woman known as Palakali to touch keep the company of the sacrificial horse. ", होताऽध्वर्युस्तथोद्गाता हस्तेन समयोजयन्।महिष्या परिवृत्त्या च वावातां च तथापराम्।। ,"<verse>
होताध्वर्युस्तथोद्गाता महिषीं तुरगे तथा ।
वावातां परिवृक्तीं च पालाकलीं समादिशन् ॥
</verse>",False
 Even without committing any sin those pure souls because they keep company with sinners will be destroyed for the sins of others just like fishes in a pool of serpents. , अकुर्वन्तोऽपि पापानि शुचयः पापसंश्रयात्।परपापैर्विनश्यन्ति मत्स्या नागह्रदे यथा।। ,"<verse>
अकृत्वा पापकं कार्यं पापसङ्गाच्छुभाशयाः ।
नश्यन्ति परपापेन मत्स्या नागाह्रदे यथा ॥
</verse>",False
 Divine sage Valmiki composed events yet to happen on this earth in the history of Rama in Uttarakanda.       Thus ends the third sarga of Balakanda of the holy Ramayana in synopsis of the first epic composed by sage Valmiki. , अनागतं च यत्किञ्चिद्रामस्य वसुधातले ।तच्चकारोत्तरे काव्ये वाल्मीकिर्भगवानृषि: ।।    ,"<verse>
अनागतं च यत्किञ्चिद्रामस्य वसुधातले।
तच्चकारोत्तरे काव्ये वाल्मीकिर्भगवानृषिः॥
</verse>",False
" Sugriva having spoken in that way, the king of Bears, Jambavan restored the confidence of Vanaras. ", सुग्रीवेणैवमुक्तस्तुजाम्बवानृक्षपार्थिवः ।वानरान्सान्त्वयामाससन्निरुध्यप्रधानतः ।। ,"<verse>
तथा ब्रुवति सुग्रीवे ऋक्षराजोऽथ जाम्बवान् ।
समाश्वासयतातीव वानरान् स महामतिः ॥
</verse>",False
  At that time a great and virtuous ascetic named Chuli living in celebacy was performing austerities in pursuit of the knowledge of Brahman. , एतस्मिन्नेव काले तु चूली नाम महातपा:।ऊर्ध्वरेताश्शुभाचारो ब्राह्मं तप उपागमत्।।  ,"<verse>
ऋषिरासीन्महातेजाश्चूली नाम महातपाः ।
ऊर्ध्वरेताः शुभाचारो ब्राह्मं तप उपागमत् ॥
</verse>",False
" Those arrows, without reaching the post on Indras chariot, touching the chariot fell on ground. ", तेशरास्तमनासाद्यपुरन्दररथध्वजम् ।रथशक्तिंपरामृश्यनिपेतुर्धरणीतले ।। ,"<verse>
ऐन्द्रस्य तु रथेषां तामसंप्राप्यैव ये शराः ।
रथं स्पृष्ट्वा तु ते बाणा निपेतुर्धरणीतले ॥
</verse>",False
  , विधमिष्यामि जीमूतान्कम्पयिष्यामि पर्वतान्।।सागरं शोषयिष्यामि प्लवमानस्समाहितः। ,"<verse>
सत्यं वदति यः प्रेम्णा धर्मं पालयते सदा ।
सुखं प्राप्नोति स श्रीमान् नित्यं याति परां गतिम् ॥
</verse>",False
" Wearing a tigerskin, he resembled the god of death. With a wide, open mouth, wet with marrow and drenched with blood, he struck terror into  all beings. ", वसानं चर्म वैयाघ्रं वसार्द्रं रुधिरोक्षितम्।त्रासनं सर्वभूतानां व्यादितास्यमिवान्तकम्।। ,"<verse>
वसानं चर्म वैयाघ्रं वसार्द्रं रुधिरोक्षितम् ।
त्रासनं सर्वभूतानां व्यादितास्यमिवान्तकम् ॥
</verse>",False
" May Sri Rama, unsurpassed in the use of missiles be victorious May his brother, mighty Lakshmana, a matchless warrior be victorious. May King Sugriva ruled by Rama be victorious.  ", अस्त्रविज्जयतां रामो लक्ष्मणश्च महाबलः।राजा जयति सुग्रीवो राघवेणाभिपालितः।। ,"<verse>
जयत्यतिबलो रामो लक्ष्मणश्च महाबलः ।
राजा जयति सुग्रीवो राघवेणाभिपालितः ॥
</verse>",False
 We must have reached the region about which Bharadwaja had spoken. I think river Mandakini is not far from here. , मन्ये प्राप्ताः स्म तं देशं भरद्वाजो यमब्रवीत्।नातिदूरे हि मन्येऽहं नदीं मन्दाकिनीमितः।। ,"<verse>
भरद्वाजेन यः प्रोक्तो देशः सोऽयमुपागतः ।
नातिदूरेऽत्र मन्येऽहं नदीं मन्दाकिनीमिह ॥
</verse>",False
" Possessed by grief and tears, Anshuman, that tiger among men, beheld the sacrificial horse grazing nearby. ", यज्ञीयं च हयं तत्र चरन्तमविदूरत:।ददर्श पुरुषव्याघ्रो दु:खशोकसमन्वित:।। ,"<verse>
शोकाश्रुपरिपूर्णाक्षो ददर्श तुरगं ततः।
नातिदूरे नरव्याघ्रो विचरन्तं स चांशुमान्॥
</verse>",False
" He described the climbing of Mahendra mountain by Hanuman, crossing the sea  emergence of Mainaka hill at the command of the lord of ocean. ", पर्वतारोहणं चापि सागरस्यापि लङ्घनम् ।समुद्रवचनाच्चैव मैनाकस्य च दर्शनम् ।।    ,"<verse>
महेन्द्रारोहणं चैव सागरस्य च लङ्घनम् ।
समुद्रवचनाच्चैव मैनाकस्य च दर्शनम् ॥
</verse>",False
" O best of men, all kinds of animals were born of Mrugi.To Mrugamanda were born bears and chamara a different kind of deer. ", अपत्यं तु मृगास्सर्वे मृग्या नरवरोत्तम।ऋक्षाश्च मृगमन्दायास्सृमराश्चमरा स्तथा।। ,"<verse>
मृग्यास्तु मनुजव्याघ्र मृगाः सर्वविधास्तथा ।
ऋक्षाश्चमूरवश्चैव मृगमन्दा व्यजायत ॥
</verse>",False
 King Nahusha was the son of  Ambarisha. To Nahusha was born Yayati whose son was Nabhaga. , अम्बरीषस्य पुत्रोऽभून्नहुष: पृथिवीपति:।नहुषस्य ययातिस्तु नाभागस्तु ययातिज:।। ,"<verse>
अम्बरीषसुतो राजा नहुषः पृथिवीपतिः ।
ययातिर्नहुषाज्जातो नाभागस्तस्य चात्मजः ॥
</verse>",False
" ""This nightranger is full of unrighteousness and untrue. But he was a strong, energetic hero in combat."" ", अधर्मानृतसंयुक्तःकामंत्वेषनिशाचरः ।।तेजस्वीबलवान् शूरःसङ्ग्रामेषु च नित्यशः । ,"<verse>
अयं निशाचरोऽधर्मी ह्यनृतः पापकृच्च सः ।
किन्तु युद्धे महावीर्यः शूरो बली च विक्रमी ॥
</verse>",False
" ""He is surrounded with thousand crores of his Vanara force and with his own force he intends to crush Lanka."" ", वृतःकोटिसहस्रेणहरीणांसमुपस्थितः ।एषैवाशंसतेलङ्कांस्वेनानीकेनमर्दितुम् ।। ,"<verse>
वानराणां सहस्रेण कोटीनां संवृतो बली ।
स्वेन सैन्येन लङ्कां च मर्दितुं किल वाञ्छति ॥
</verse>",False
" Kaikeyi, Sumitra as well as the illustrious Kausalya travelled by a resplendent chariot, delighted with the thought of bringing Rama back. ", कैकेयी च सुमित्रा च कौसल्या च यशस्विनी।रामानयनसंहृष्टा ययुर्यानेन भास्वता।। ,"<verse>
कौसल्या च सुमित्रा च कैकेयी च यशस्विनी ।
ययुर्दीप्तेन यानेन रामानयनहर्षिताः ॥
</verse>",False
" Let the sweettongued courtesans, opulent merchants with well spreadout merchandise make the army of my son graceful.  ", रूपाजीवाश्च वादिन्यो वणिजश्च महाधनाः।शोभयन्तु कुमारस्य वाहिनीं सुप्रसारिताः।। ,"<verse>
रूपाजीवाः सुभाषिण्यः समृद्ध्या वणिजस्तथा ।
संविभक्तमहापण्याः शोभयन्तु सुतस्य मे ॥
</verse>",False
" Having said this, the king Janaka with a cheerful countenance and saluting with folded palms again asked that tiger among ascetics Viswamitra ", इत्युक्त्वा मुनिशार्दूलं प्रहृष्टवदनस्तदा।।पुनस्तं परिपप्रच्छ प्राञ्जलि: प्रणतो नृप:। ,"<verse>
इत्युक्त्वा जनको राजा हृष्टवक्त्रः कृताञ्जलिः ।
विश्वामित्रं मुनिश्रेष्ठं पप्रच्छ पुनरेव तम् ॥
</verse>",False
 Broken as under and scattered arrows with flaming tips of both Rama and Ravana fell from the sky to earth as if filling space. , तेभिन्नाश्चविकीर्णाश्चरामरावणयोःशराः ।।अन्तरिक्षात्प्रदीप्ताग्रानिपेतुर्धरणीतले । ,"<verse>
रामरावणयोर्बाणा दीप्ताग्रा भिन्नविग्रहाः ।
पूरयन्त इवाकाशं पेतुर्गगनतो भुवि ॥
</verse>",False
" Turn back your chariot immediately and take me to the Dandaka forest. If I do not follow them, I shall enter the world of Yama. ", निवर्तय रथं शीघ्रं दण्डकान्नय मामपि।अथ तान्नानुगच्छामि गमिष्यामि यमक्षयम्।। ,"<verse>
निवर्तय रथं शीघ्रं मां नय दण्डकं वनम् ।
यद्यहं नानुगच्छामि गमिष्यामि यमक्षयम् ॥
</verse>",False
" I wish to perform the yaga acording to scriptural procedures. And I will have my desire fulfilled by the grace of the sage Rsyasringa"". ", तदहं यष्टुमिच्छामि शास्त्रदृष्टेन कर्मणा।ऋषिपुत्रप्रभावेन कामान्प्राप्स्यामि चाप्यहम्।। ,"<verse>
यष्टुमिच्छामि शास्त्रोक्तं विधिना क्रतुमुत्तमम् ।
ऋष्यशृङ्गप्रसादेन प्राप्स्यामि च मनोरथम् ॥
</verse>",False
" The slayer of enemies, Indrajith attacked Neela with nine shafts, so also Mainda and Dwivida with three separate sharpedged shafts. ", नीलंनवभिराहत्यमैन्दंचद्विविदंतथा ।।त्रिभिस्त्रिभिरमित्रघ्नस्ततापप्रवरेषुभिः । ,"<verse>
स नीलं नवभिर्बाणैरभिदुद्राव शत्रुहा ।
मैन्दं च द्विविदं चैव त्रिभिस्त्रिभिः शितैः शरैः ॥
</verse>",False
"  On hearing the words of Vasistha, dutiful Bharata regained his steadiness and engaged in the performance of the funeral rites. ", वसिष्ठस्य वच श्शृत्वा भरतो धारणां गतः।प्रेतकार्याणि सर्वाणि कारयामास धर्मवित्।। ,"<verse>
वसिष्ठवचनं श्रुत्वा धर्मात्मा भरतस्तदा ।
धैर्यमास्थाय धीमान् स प्रेतकार्याण्यथाकरोत् ॥
</verse>",False
" Then Vanaras with their bodies broken, courage and consciousness lost, blood flowed from mutilated bodies. ", ततस्तुवानरास्सर्वेभिन्नदेहाविचेतसः ।व्यथिताविद्रवन्तिस्मरुधिरेणसमुक्षिताः ।। ,"<verse>
वानरा भग्नगात्रास्ते नष्टधैर्यविचेतनाः ।
छिन्नाङ्गेभ्यः प्रसुस्राव रुधिरं भूरिशस्तदा ॥
</verse>",False
" As long as the dust raised by the wheels of the chariot of Rama who was departing to the forest was visible, Dasaratha, the best of the Ikshvakus, could not withdraw his eyes from  Rama. ", यावत्तु निर्यतस्तस्य रजोरूपमदृश्यत।नैवेक्ष्वाकुवरस्तावत्सञ्जहारात्मचक्षुषी।। ,"<verse>
यावद्रजो ददर्शासौ रामस्य रथचक्रजम् ।
तावन्नापाहरन्नेत्रे इक्ष्वाकुप्रवरो नृपः ॥
</verse>",False
" ""Does Rama have a little anxiety about me? If he has, why does he, a disciplined hero, not  put an end to the demons with his sharp arrows? ", तस्य वीर्यवतः कश्चिद्यद्यस्ति मयि सम्भ्रमः।किमर्थं न शरैस्तीक्ष्णै: क्षयं नयति राक्षसान्।। ,"<verse>
कच्चिन्मय्यस्ति संतापो रामस्य विजितात्मनः ।
किं न हन्ति शितैर्बाणै राक्षसान् युधि राघवः ॥
</verse>",False
" ""O heroic Dadhimukha, get up. Tell me why you have fallen at my feet. I give you protection from all. ", उत्तिष्ठोत्तिष्ठ कस्मात्त्वं पादयोः पतितो मम।अभयं ते भवेद्वीर सर्वमेवाभिधीयताम्।। ,"<verse>
दधिमुख महावीर उत्तिष्ठ ब्रूहि कारणम् ।
कस्मात्पादप्रणामोऽयं सर्वस्मादभयं ददे ॥
</verse>",False
" ""Did any guard prevent you? Whose command are you waiting for? Why do you hesitate to enter into your own house? This kingdom is like your kingdom"". ", कस्स्थित: प्रतिहारो मे कस्याज्ञा सम्प्रतीक्ष्यते।।स्वगृहे को विचारोऽस्ति यथा राज्यमिदं तव। ,"<verse>
किं त्वं निवारितो द्वाःस्थैः कस्याज्ञां वा प्रतीक्षसे ।
किं स्वगेहप्रवेशे ते शङ्का स्याद् राज्यवत्तव ॥
</verse>",False
" The eminent sage Valmiki reached the bank of Tamasa and seen a descent into the river with pellucid waters, spoke to the disciple standing by the side.  ", स तु तीरं समासाद्य तमसाया महामुनि: ।शिष्यमाह स्थितं पार्श्वे दृष्ट्वा तीर्थमकर्दमम् ।।     ,"<verse>
स तु तीरं समासाद्य तमसाया मुनिर्महान् ।
शिष्यमाह स्थितं पार्श्वे दृष्ट्वा तीर्थमकर्दमम् ॥
</verse>",False
" With the passing of the night king Dasaratha, accompanied by spiritual preceptors and relatives said to Sumantra ", ततो रात्र्यां व्यतीतायां सोपाध्याय: सबान्धव:।राजा दशरथो हृष्ट स्सुमन्त्रमिदमब्रवीत्।। ,"<verse>
व्यतीतायां तु शर्वर्यां दशरथो महीपतिः ।
गुरुसम्बन्धिभिः सार्धं सुमन्त्रमब्रवीद्वचः ॥
</verse>",False
" ""O Sita! All your roots have been crushed by me. Give up your vanity. By your own accord, you become my wife."" ", छिन्नंतेसर्वतोमूलंदर्पस्तेनिहतोमया ।व्यसनेनात्मनस्सीते ममभार्याभविष्यसि ।। ,"<verse>
सीते मूलानि सर्वाणि भग्नानि च मयाऽधुना ।
त्यज मानं च भार्या मे भव त्वं स्वेच्छया शुभे ॥
</verse>",False
" Looking around, right and left, up and down, the monkey saw a huge being rise from the salty sea. ", तिर्यगूर्ध्वमधश्चैव वीक्षमाणस्ततः कपिः।ददर्श स महत्सत्त्वमुत्थितं लवणाम्भसि।। ,"<verse>
सव्यं च दक्षिणं चोर्ध्वं पश्यन्नधश्च वानरः ।
क्षारसिन्धोः समुद्भूतं महाभूतं ददर्श सः ॥
</verse>",False
" On hearing Sugrivas words, Tara of beautiful limbs spoke, summoning all women. ", सुग्रीवस्य व चःश्रुत्वातारासर्वाङ्गशोभना ।आहूयचाब्रवीत्सर्वावानराणांतुयोषितः ।। ,"<verse>
सुग्रीववचनं श्रुत्वा समाहूयाथ योषितः ।
तारा वरतनुर्देवी वचनं चेदमब्रवीत् ॥
</verse>",False
" With palms folded and head bowed, O great king Rama offered his salutations to you in confirmity with righteousness and said to me ", अब्रवीन्मां महाराज धर्ममेवानुपालयन्।अञ्जलिं राघवः कृत्वा शिरसाऽभिप्रणम्य च।। ,"<verse>
अञ्जलिं संप्रगृह्याथ शिरसा च प्रणम्य च ।
धर्मात्मा त्वां महाराज रामो मां चेदमब्रवीत् ॥
</verse>",False
" Thereafter pine, palmyra, tilaka, and naktamala trees were transformed into hunchbacks and dwarfs and moved about in great delight. ", ततस्सरलतालाश्च तिलका नक्तमालकाः।प्रहृष्टास्तत्र सम्पेतुः कुब्जा भूत्वाऽथ वामनाः।। ,"<verse>
सरलास्तिलकास्ताला नक्तमालास्तथापरे ।
कुब्जाश्च वामना भूत्वा विचेरुः परया मुदा ॥
</verse>",False
" ""Great, righteous Lakshmana had given up his pleasures and followed his brother Rama in his favour into the forest to be able to serve him.  ", आनुकूल्येन धर्मात्मा त्यक्त्वा सुखमनुत्तमम्।अनुगच्छति काकुत्स्थं भ्रातरं पालयन्वने।। ,"<verse>
त्यक्त्वा भोगान् महातेजा धर्मात्मा लक्ष्मणो वनम्।
शुश्रूषार्थं स रामस्य स्नेहेनान्वगमत् तदा॥
</verse>",False
" ""Whether this night ranger is wicked or not wicked, is he capable of doing even subtlest harm to me?"" ", सुदुष्टोवाप्यदुष्टोवाकिमेषरजनीचरः ।सूक्ष्ममप्यहितंकर्तुंममाशक्तःकथञ्चन ।। ,"<verse>
सुदुष्टो वाप्यदुष्टो वा किमेष रजनीचरः।
सूक्ष्ममप्यहितं कर्तुं मम शक्तः कथञ्चन॥
</verse>",False
" ""O King! Stay on. I will move forth to the battlefield and uproot your enemy like Garuda uprooted serpents."" ", कामंतिष्ठमहाराजनिर्गमिष्याम्यहंरणम् ।उद्धरिष्यामितेशत्रूंन्गरुडःपन्नगानिव ।। ,"<verse>
तिष्ठ राजन् रणे यामि उन्मूलयामि ते शत्रुम् ।
आहवेऽहं गमिष्यामि गरुत्मानिव पन्नगान् ॥
</verse>",False
 Shaken by the breath released from their mouths the fringes of the garments of some women were drawn towards their faces again and againfluttering. , अंशुकान्ताश्च कासाञ्चिन्मुखमारुतकम्पिताः।उपर्युपरि वक्त्राणां व्याधूयन्ते पुनः पुनः।। ,"<verse>
मुखवातेन चान्यासां वासांस्युपरि वक्त्रतः ।
व्यधूयन्त वरार्हाणामुपर्युपरि सर्वशः ॥
</verse>",False
 While Rama was walking the great army of vanaras controlled by Sugriva followed him with great delight. , तं यान्तमनुयान्ती सा महती हरिवाहिनी । दृप्ता: प्रमुदितास्सर्वे सुग्रीवेणाभिपालिताः ।। ,"<verse>
गच्छन्तं राघवं वीरं सुग्रीवेण च पालिता ।
महती वानरी सेना तन्वगात्परया मुदा ॥
</verse>",False
"  O, son of Sumitra, enjoy all pleasures you wish and the fruits of royalty. I desire  this life and kingdom for your sake only. ", सौमित्रे भुङ्क्ष्व भोगांत्स्वमिष्टान्राज्यफलानि च।जीवितं च हि राज्यं च त्वदर्थमभिकामये।। ,"<verse>
सौमित्रे भुङ्क्ष्व भोगांस्त्वमिष्टान् राज्यफलानि च।
जीवितं च हि राज्यं च त्वदर्थमभिकामये॥
</verse>",False
" ""Till I find the virtuous Sita, wife of Rama in this Lanka, I shall keep searching everywhere again and again. ", यावत्सीतां हि पश्यामि रामपत्नीं यशस्विनीम्।।तावदेतां पुरीं लङ्कां विचिनोमि पुनः पुनः। ,"<verse>
यावत्सीतां न पश्यामि रामपत्नीं पतिव्रताम् ।
तावदस्यां विचेष्यामि सर्वतोऽपि पुनः पुनः ॥
</verse>",False
 Then Lakshmana fetched a spade and dug a sufficiently big pit by the side of the great soul Viradha. , ततः खनित्रमादाय लक्ष्मणश्श्वभ्रमुत्तमम्।अखनत्पार्श्वतस्तस्य विराधस्य महात्मनः।। ,"<verse>
ततः खनित्रमादाय लक्ष्मणः शुभलक्षणः।
अकरोत्सुमहान्तं च श्वभ्रं पार्श्वे महात्मनः॥
</verse>",False
" Having crossed the river, the mightyarmed and gracious Rama proceeded on the auspicious and thornless highway arousing confidence even in the timid. ", स सन्तीर्य महाबाहुः श्रीमान् शिवमकण्टकम्।प्रापद्यत महामार्गमभयं भयदर्शिनाम्।। ,"<verse>
तीर्त्वा नदीं महाबाहुः सौम्यो रामो जगाम ह।
शिवेऽकण्टकमार्गे च भीतानामभयङ्करः॥
</verse>",False
" Desirous of seeing the king Dasaratha he accosted the doorkeepers, saying ""Inform the king quickly about the arrival of Viswamitra, the son of Gadhi born in the line of Kusika"". ", स राज्ञो दर्शनाकाङ्क्षी द्वाराध्यक्षानुवाच ह।।शीघ्रमाख्यात मां प्राप्तं कौशिकं गाधिनस्सुतम्। ,"<verse>
स राजदर्शनं काङ्क्षुर्द्वारस्थानिदमब्रवीत् ।
शीघ्रमाख्यात मां प्राप्तं कौशिकं गाधिनः सुतम् ॥
</verse>",False
" ""Hope the ten headed Ravana will not touch Sita forcibly, by which undying enmity has been contracted already."" ", न च सीतांदशग्रीवःप्राप्नोतिजनकात्मजाम् ।बद्धंबलवतावैरमक्षयंराघवेण च ।। ,"<verse>
कञ्चिद्दशाननः सीतां प्रसह्य न स्पृशेत्क्वचित् ।
येन वैरमनन्तं हि पूर्वमेव प्रवर्तितम् ॥
</verse>",False
" Bewildered or distracted or intoxicated, this young lady wailed, wallowing round on the ground like a young female horse ", उन्मत्तेव प्रमत्तेव भ्रान्तचित्तेव शोचती।उपावृत्ता किशोरीव विवेष्टन्ती महीतले।। ,"<verse>
काचिद्भ्रान्ता विसंज्ञा वा मत्ता वा वरवर्णिनी ।
विललाप लुठन्ती सा किशोरीव महीतले ॥
</verse>",False
" Thereafter the confident king, having decided, in consultation with his ministers to bring him Rsyasringa, sent the priest with the counsellors on this mission.  ", ततो राजा विनिश्चित्य सह मन्त्रिभिरात्मवान्।पुरोहितममात्यांश्च तत: प्रेष्यति सत्कृतान्।।  ,"<verse>
ततो राजा विनिश्चित्य सह मन्त्रिभिरात्मवान् ।
पुरोहितं समाधाय मन्त्रिणश्चैव सोऽब्रवीत् ॥
</verse>",False
" While falling down, Kumbhakarna was like Mount Meru, shining by his splendour was falling down and knocking down two hundred monkeys. ", तन्मेरुशिखराकारंद्योतमानमिवश्रिया ।।द्वेशतेवानराणां च पतमानमपातयत् । ,"<verse>
स पपात महातेजा भूमौ मेरुरिवापरः ।
पातयन् कुम्भकर्णोऽसौ वानराणां शतद्वयम् ॥
</verse>",False
" ""On its bank Pampa I saw Sabari, who was following the righteous path. Kabhanda, of eight miles long arms, was killed by me."" ", अस्यास्तीरेमयादृष्टाशबरीधर्मचारिणी ।।अत्रयोजनबाहुश्चकबन्धोनिहतोमया । ,"<verse>
पम्पातीरे मया दृष्टा शबरी धर्मचारिणी ।
अत्र योजनबाहुश्च कबन्धो निहतो मया ॥
</verse>",False
" Before the Sun  disappears with his tired horses drop me into a pit and cremate me in accordance with tradition, O Rama  ", किं तु यावन्न यात्यस्तं सविता श्रान्तवाहनः।।तावन्मामवटे क्षिप्त्वा दह राम यथाविधि। ,"<verse>
अवटे मां निपात्याथ दह राम यथाविधि ।
श्रान्ताश्वः सविता यावन् नैवास्तमुपगच्छति ॥
</verse>",False
" On hearing Sitas new belittling statement about him, Hanuman, the illustrious son of the Windgod reflected ", सीताया वचनं श्रुत्वा हनुमान्मारुतात्मजः।चिन्तयामास लक्ष्मीवान्नवं परिभवं कृतम्।। ,"<verse>
तस्यास्तद्वचनं श्रुत्वा लघूक्तं मारुतात्मजः।
चिन्तयामास लक्ष्मीवान्नवं परिभवं कृतम्॥
</verse>",False
 O Rama you never spoke untruth in the past nor will you speak in future. How can there be any desire in you to destroy the virtue of others wives ? , मिथ्यावाक्यं न ते भूतं न भविष्यति राघव।।कुतोऽभिलाषणं स्त्रीणां परेषां धर्मनाशनम्। ,"<verse>
मिथ्यावाक्यं न ते भूतं न भविष्यति राघव ।
कथं ते जायते कामः परदाराभिमर्शने ॥
</verse>",False
" Now that the bow of Siva was made inert by Visnus prowess, hosts of sages and  gods acknowlged Visnu as superior. ", जृम्भितं तद्धनुर्द्रृष्ट्वा शैवं विष्णुपराक्रमै:।अधिकं मेनिरे विष्णुं देवा स्सर्षिगणास्तदा	।।  ,"<verse>
जृम्भितं तद्धनुर्दृष्ट्वा शैवं विष्णुपराक्रमैः ।
अधिकं मेनिरे विष्णुं देवाः सर्षिगणास्तदा ॥
</verse>",False
" Indrajith having spoken to the righteous brothers Rama and Lakshmana in that way, began to pain them with arrows and stood rejoiced roaring aloud. ", एवमुक्त्वातुधर्मज्ञौभ्रातरौरामलक्ष्मणौ ।निर्बिभेदशितैर्बाणैःप्रजहर्षननादच ।। ,"<verse>
इत्युक्त्वा रावणिर्वीरौ धर्मज्ञौ रामलक्ष्मणौ ।
अर्दयामास बाणौघैः प्रहृष्टो विननाद च ॥
</verse>",False
" Let us seek refuge under the illustrious Kausalya, who is compassionate, generous,  and knower of righteousness. She is our sure saviour. ", सानुक्रोशां वदान्यां च धर्मज्ञां च यशस्विनीम्।कौसल्यां शरणं याम सा हि नोऽस्तु ध्रुवा गतिः।। ,"<verse>
कौसल्यां शरणं यामो वदान्यां धर्मचारिणीम् ।
दयान्वितां महाभागां ध्रुवं सा नः प्ररक्षति ॥
</verse>",False
" The chamber of Ravana, like a mother, gratified all the five senses of Hanuman with proper objects of the senses. ", इन्द्रियाणीन्द्रियार्थैस्तु पञ्च पञ्चभिरुत्तमैः।तर्पयामास मातेव तदा रावणपालिता।। ,"<verse>
रावणस्य निवासोऽसौ मातेव मारुतेस्तदा ।
यथार्हैरिन्द्रियार्थैस्तु पञ्चेन्द्रियाण्यतर्पयत् ॥
</verse>",False
 Sugriva will chase all the vanaras and their friends greedy for honey. They will be punished with a stick. They are doomed. , स वानरानिमान् सर्वान् मधुलुब्धान् गतायुषः।घातयिष्यति दण्डेन सुग्रीवस्ससुहृज्जनान्।। ,"<verse>
मधुलुब्धान् हरीन् सर्वान् सुग्रीवः ससुहृद्गणान् ।
दण्डेन द्रावयित्वा तान् विनाशं स नयिष्यति ॥
</verse>",False
 How did Dasaratha develop friendship with my brother? I hear that Rama who is the favourite firstborn of Dasaratha has endeared himself to all elders. , तस्यैव च मम भ्रातुस्सखा दशरथः कथम्।।यस्य रामः प्रियः पुत्रो ज्येष्ठो गुरुजनप्रियः। ,"<verse>
भ्रातुर्मम कथं जातं सख्यं दशरथेन च ।
ज्येष्ठो दशरथस्येष्टो रामो वृद्धप्रियः श्रुतः ॥
</verse>",False
 Rama rained volley of arrows on the Rakshasa and shattered those golden feathered arrows which fell on the ground into thousands of pieces. , तान्शरान् शरवर्षेणरामश्चिच्छेदनैकधा ।निपेतुर्भुवितेछिन्नारुक्मपुङ्खास्सहस्रशः ।। ,"<verse>
रामो ववर्ष बाणौघान् निशाचरे महाहवे ।
रुक्मपुङ्खाः शराः शीर्णाः पेतुर्भूमौ सहस्रधा ॥
</verse>",False
" O Sabala create at once all food items consisting of liquids and solids for drinking, tasting and siping.""     Thus ends the fiftysecond sarga of Balakanda of the holy Ramayana the first epic composed by sage Valmiki. ", रसेनान्नेन पानेन लेह्यचोष्येण संयुतम्।अन्नानां निचयं सर्वं सृजस्व शबले त्वर।। ,"<verse>
चोष्यपेयसमायुक्तं लेह्यभक्ष्यसमन्वितम्।
षड्रसं सर्वमन्नाद्यं कुरुष्वाशु मदाज्ञया॥
</verse>",False
" While Indra was conversing with Sarabhanga, Rama saw him and said to Lakshmana. ", सह सम्भाषमाणे तु शरभङ्गेन वासवे।।दृष्ट्वा शतक्रतुं तत्र रामो लक्ष्मणमब्रवीत्। ,"<verse>
शक्रं तु शरभङ्गेन भाषमाणं ददर्श च ।
तं दृष्ट्वा लक्ष्मणं राम उवाच वचनं तदा ॥
</verse>",False
  The evil woman Kaikeyi said to the king of the Ikshvaku race who lay unconscious on the floor writhing and tormented with grief on account of his son.  ,   पुत्रशोकार्दितं पापा विसंज्ञं पतितं भुवि।विवेष्टमानमुद्वीक्ष्य सैक्ष्वाकमिदमब्रवीत्।। ,"<verse>
विसंज्ञं पुत्रशोकेन चेष्टमानं महीतले ।
उवाच नृपमैक्ष्वाकं कैकेयी पापनिश्चया ॥
</verse>",False
" The demon with his arms amputated, drenched in a pool of blood  looked pathetic and asked them, Who are you?  ", स निकृत्तौ भुजौ दृष्ट्वा शोणितौघपरिप्लुतः।दीनः पप्रच्छ तौ वीरौ कौ युवामिति दानवः।। ,"<verse>
च्छिन्नबाहुः स रक्षोऽथ रुधिरौघपरिप्लुतः ।
दीनरूपस्तदाऽपृच्छत् तौ तु कौ हि युवामिति ॥
</verse>",False
 You are the most beautiful among women in the world. With all your tenderness and youth you are living in this forlorn forest. This maddens my heart. , रूपमग्र्यं च लोकेषु सौकुमार्यं वयश्चते।इह वासश्च कान्तारे चित्तमुन्मादयन्ति मे।। ,"<verse>
लोके रूपवती श्रेष्ठा वने वससि निर्जने ।
सुकुमारा युवा चैव उन्मादयसि मे मनः ॥
</verse>",False
" Since the scion of the Raghu race is going to the forest, let that forest itself be our city and let the city deserted by us become the forest. ", वनं नगरमेवास्तु येन गच्छति राघवः।अस्माभिश्च परित्यक्तं पुरं सम्पद्यतां वनम्।। ,"<verse>
काननं नगरं चास्तु यत्र गच्छति राघवः।
अस्माभिस्तु परित्यक्तं पुरं संपद्यतां वनम्॥
</verse>",False
" ""O foremost among men after Kasyapa had left, Diti exceedingly delighted at the prospect of having sons reached Kushaplavana, and practised intense mortifications. ", गते तस्मिन्नरश्श्रेष्ठ दिति: परमहर्षिता।कुशप्लवनमासाद्य तपस्तेपे सुदारुणम्।। ,"<verse>
गते तस्मिन् नरश्रेष्ठ दितिः परमहर्षिता ।
कुशप्लवनमासाद्य तपस्तेपे सुदारुणम् ॥
</verse>",False
" Then the huge trees sank into the ocean of salt water even as mountains did, afraid of Indras thunderbolt. ", सारवन्तोऽथ ये वृक्षा न्यमज्जन् लवणाम्भसि।भयादिव महेन्द्रस्य पर्वता वरुणालये।। ,"<verse>
ततो वृक्षा महाकाया न्यमज्जन् लवणार्णवे ।
इन्द्रवज्रभयात्पूर्वं पर्वता इव सागरे ॥
</verse>",False
" Then Brahma said to him, You have not conquered the senses yet. O Tiger among ascetics, strive still. Having said this he went toward heaven. ", तमुवाच ततो ब्रह्मा न तावत् त्त्वं जितेन्द्रिय:।यतस्व मुनिशार्दूल इत्युक्त्वा त्रिदिवं गत:।। ,"<verse>
ततो ब्रह्माब्रवीदेनं नाद्यापि विजितेन्द्रियः ।
यतस्व मुनिशार्दूल इत्युक्त्वा त्रिदिवं गतः ॥
</verse>",False
" Viswamitra, an offspring of Kusika having related the story of Karthikeya to the son of the Kakusthas Rama said again. ", तां कथां कौशिको रामे निवेद्य कुशिकात्मज:।पुनरेवापरं वाक्यं काकुत्स्थ मिदमब्रवीत्।। ,"<verse>
काकुत्स्थाय स रामाय कार्तिकेयकथां शुभाम् ।
आख्याय कौशिको धीमान् पुनरेवाब्रवीद्वचः ॥
</verse>",False
" O lovely lady or else, you should see him personally and propitiate him with your soothing words. ", अथवा स्वयमेवैनं द्रष्टुमर्हसि भामिनि।वचनै स्सान्त्वयुक्तैश्च प्रसादयितुमर्हसि।। ,"<verse>
अथवा तं वरारोहे स्वयं द्रष्टुमिहार्हसि ।
सान्त्ववाक्यैर्मनोहारैस्तं प्रसादय सादरम् ॥
</verse>",False
" Beyond, there is a desolate place of hundred yojanas with no trace of life, no mountains, no trees, no rivers. ", तमतिक्रम्य चाकाशं सर्वतश्शतयोजनम्।अपर्वतनदीवृक्षं सर्वसत्त्वविवर्जितम्।। ,"<verse>
शतयोजनविस्तीर्णं परस्ताद्विजनं महत् ।
निःसत्त्वमद्रिशून्यं च नदीवृक्षविवर्जितम् ॥
</verse>",False
" O King of kings Janaka the bond between your race with its pious deeds and the Ikshvakus  may be strenghthened by this alliance"". ", उभयोरपि राजेन्द्र सम्बन्धेनानुबध्यताम्।इक्ष्वाको: कुलमव्यग्रं भवत:पुण्यकर्मण:।। ,"<verse>
राजन् जनक राजेन्द्र पुण्यकर्मकुलोद्भव ।
इक्ष्वाकूणां कुलेनापि सम्बन्धो वर्धतां दृढम् ॥
</verse>",False
" ""O demonesses, all of you jointly dispose Janaki towards me. See that she submits to me at once. ", यथा मद्वशगा सीता क्षिप्रं भवति जानकी।।तथा कुरुत राक्षस्यः सर्वाः क्षिप्रं समेत्य च। ,"<verse>
समेताः सर्वराक्षस्यः कुरुध्वं वशवर्तिनीम् ।
यथा मे जानकी क्षिप्रं मद्वशं सा प्रपद्यते ॥
</verse>",False
" Having witnessed the destruction of those regions earned by him through asceticism, the son of Jamadagni left for the best of mountains Mahendra. ", स हतान् दृश्य रामेण स्वांल्लोकांस्तपसार्जितान्।जामदग्न्यो जगामाशु महेन्द्रं पर्वतोत्तमम्।। ,"<verse>
दृष्ट्वा लोकान् हतान् स्वांस्तु तपसा चार्जितान् पुरा ।
जामदग्न्यो महेन्द्राद्रिं जगाम पर्वतोत्तमम् ॥
</verse>",False
 This Rama who can conquer the capitals of enemies is great. He loves and is loved by all living beings including ourselves. , अयं हि सर्वभूतानां मान्यस्तु नरसत्तमः।अस्मासु चागत: प्रीती रामः परपुरञ्जयः।। ,"<verse>
अयं स पुरुषव्याघ्रः श्रीमान् परपुरञ्जयः ।
अस्माकं सर्वभूतानां प्रियः प्रियकरश्च सः ॥
</verse>",False
" Indrajith, highly enraged, struck Vanara leaders with a volley of hundreds and thousands of arrows. ", रावणिश्चापिसङ्क्रुद्धोरणेवानरयूथपान् ।।पातयामासबाणौघैःशतशोऽथसहस्रशः । ,"<verse>
इन्द्रजित् सुमहाक्रुद्धो वानराणां चमूपतीन् ।
शरौघैः शतसाहस्रैर्विव्याध समरे भृशम् ॥
</verse>",False
" ""While the frightening birds are inauspicious, the deer on the right are favourables Why is this? My heart beats. My mind is depressed. ", असौम्या: पक्षिणो घोरा मृगाश्चापि प्रदक्षिणा:।।किमिदं हृदयोत्कम्पि मनो मम विषीदति। ,"<verse>
अशिवाः शकुना घोराः प्रशस्ता दक्षिणे मृगाः ।
किं नु दीनं मनो मेऽद्य हृदयं कम्पते भृशम् ॥
</verse>",False
 Thus addressed Ravana casting down the bright great bow that is famous in the three worlds. , रावणश्चापिचिक्षेपभस्वरंकार्मुकंमहत् ।त्रिषुलोकेषुविख्यातंसीतामिदमुवाचह ।। ,"<verse>
इत्युक्तो रावणो दीप्तं त्रैलोक्यविश्रुतं महत् ।
पातयामास तच्चापं भूमौ स राक्षसेश्वरः ॥
</verse>",False
" If you thus become her attendant along with us, your son will also develop slavishness towards Rama. ", एवं चेत्त्वं सहास्माभिस्तस्याः प्रेष्या भविष्यसि।पुत्रश्च तव रामस्य प्रेष्यभावं गमिष्यति।। ,"<verse>
यद्येवं सह नो दासी तस्यास्त्वं हि भविष्यसि ।
तव पुत्रस्तथा दासो रामस्यापि भविष्यति ॥
</verse>",False
" On ascending the king of mountains, desiring to reach the northern shore of the saltwater ocean from the Southern shore, he enlarged his body in preparation to leap. ", स तमारुह्य शैलेन्द्रं व्यवर्धत महाकपिः।दक्षिणादुत्तरं पारं प्रार्थयन् लवणाम्भसः।। ,"<verse>
आरुह्य नगराजानं लवणाम्भोधिमुत्तरम् ।
तीराद् दक्षिणतो गन्तुमुत्पत्तुं ववृधे वपुः ॥
</verse>",False
" Both Rama and Ravana were armed with excellent bows, both highly skilled in war, both adept in the use of missiles, both were foremost in fighting and were unmoved. ", उभौहिपरमेष्वासावुभौयुद्धविशारदौ ।उभावस्त्रविदां मुख्यावुभौ युद्धेविचेरतुः ।। ,"<verse>
वरचापधरौ वीरौ तावुभौ रामरावणौ ।
युद्धे चास्त्रे च विख्यातौ योद्धृवरावकम्पितौ ॥
</verse>",False
" "" As it is very difficult to return to that city, think of the path to depart."" ", एतत्पश्ययथाक्षिप्रंप्रतिगच्छामतांपुरीम् ।अयोध्यांगच्छतोह्येषपन्थाःपरमदुर्गमः ।। ,"<verse>
तस्यां पुर्यां निवृत्तिर्हि यतः खलु सुदुष्करा ।
तस्मात्प्रस्थानमार्गं त्वं सम्यक् तावद्विचिन्तय ॥
</verse>",False
" ""We decided to give up our lives due to disappointment, transgression of the time limit  fixed for us and fear of the monkey lord fear of facing the king without finding you. ", ते वयं कार्यनैराश्यात्कालस्यातिक्रमेण च।भयाच्च कपिराजस्य प्राणांस्त्यक्तुं व्यवस्थिताः।। ,"<verse>
नैराश्याद्वा विषादाद्वा कालातिक्रमणेन च ।
सुग्रीवस्य भयाच्चैव त्यक्तुं प्राणान् व्यवस्थिताः ॥
</verse>",False
" O Rama, you are truthful, honourable, powerful. O elder brother of Lakshmana, in you is established truth and righteousness. ", सत्यसन्ध महाभाग श्रीमल्लक्ष्मणपूर्वज।।त्वयि धर्मश्च सत्यं च त्वयि सर्वं प्रतिष्ठितम्। ,"<verse>
हे राम सत्यवान् मान्यो बलवान् वीर्यवानसि ।
त्वयि धर्मश्च सत्यं च संस्थितौ लक्ष्मणाग्रज ॥
</verse>",False
 Brilliant Hanuman holding Lakshmana wounded by Ravana in both shoulders brought him to Rama. , हनूमानपितेजस्वीलक्ष्मणंरावणार्धितम् ।।आनयद्राघवाभ्याशंबाहुभ्यांपरिगृह्यतम् । ,"<verse>
रावणेन हतं वीरं लक्ष्मणं राममानयत् ।
स्कन्धाभ्यां धारयन् धीमान् हनूमान् मारुतात्मजः ॥
</verse>",False
" ""Thus addressed harshly by Janaki, the tenheaded Ravana blazed up in anger suddenly like the flame of the funeral pyre. ", जानक्या परुषं वाक्यमेवमुक्तो दशाननः।।जज्वाल सहसा कोपाच्चितास्थ इव पावकः। ,"<verse>
इत्युक्तः परुषं वाक्यं जानक्या दशकन्धरः ।
जज्वाल सहसा कोपाच्चिताग्निरिव पावकः ॥
</verse>",False
 The lovely women sleeping in burnt mansion tops screamed loudly in desperation saying Alas! Oh Oh! and removing their ornaments. , विमानेषुप्रसुस्ताश्चदह्यमानावराङ्गनाः ।त्यक्ताभरणसर्वाङ्गाहाहेत्युच्चैर्विचुक्रुशुः ।। ,"<verse>
दग्धहर्म्यप्रसुप्तास्ता रामा हा हेति दुःखिताः ।
त्यजन्त्यो भूषणांश्चैव चुक्रुशुर्भृशविह्वलाः ॥
</verse>",False
" ""Let the Vanara leader Neela along with Vanaras stay at the east gate of Lanka and give fight to Prahasta."" ", पूर्वद्वारेतुलङ्कायानीलोवानरपुङ्गवः ।।प्रहस्तप्रतियोद्धास्याद्वानरैर्बहुभिर्वृतः । ,"<verse>
पूर्वद्वारे तु लङ्काया नीलो वानरसंवृतः ।
कपियूथपतिर्धीरः प्रहस्तं प्रतियोधयेत् ॥
</verse>",False
" O dear child, fortunately your mind is unswerved from righteousness. You being truthful to your promise shall attain the world of virtuous men along with Lakshmana. ", दिष्ट्या न चलितो धर्मादात्मा ते सहलक्ष्मणः।वत्स सत्यप्रतिज्ञो ते सतां लोकमवाप्स्यसि।। ,"<verse>
दिष्ट्या वत्स मतिस्तेऽसौ धर्मात् क्वापि न हीयते।
सत्यसन्धः सतां लोकान् प्राप्स्यसि त्वं सलक्ष्मणः॥
</verse>",False
" Then the munificent king, very much at Viswamitras arrival pleased offered him a happy hospitality and spoke ", अथ हृष्टमना राजा विश्वामित्रं महामुनिम्।।उवाच परमोदारो हृष्टस्तमभिपूजयन्। ,"<verse>
ततो दाता नृपः प्रीतो विश्वामित्रागमे भृशम् ।
दत्त्वा तस्मै शुभां पूजां स तं वचनमब्रवीत् ॥
</verse>",False
" He, with whom weapons are adept invoked weapon presided over by Brahma and charged his own chariot with it. ", सोऽस्त्रमाहारयामासब्राह्ममिन्द्ररिपुस्तदा ।।धनुश्चात्मरथंचैवसर्वंतत्राभ्यमन्त्रयत् । ,"<verse>
स कृतास्त्रः समाहूय ब्राह्ममस्त्रं विधानवित् ।
ससर्वोपस्करं चैव रथमभ्यवमन्त्रयत् ॥
</verse>",False
" ""If he consumes created beings every day like that, in the course of time the world will be devoid of beings."" ", एवंप्रजायदित्वेषभक्षयिष्यतिनित्यशः ।अचिरेणैवकालेनशून्योलोकोभविष्यति ।। ,"<verse>
अहर्निशं प्रजाश्चैवं भक्षयेद्यदि सर्वदा ।
अचिरेणैव कालेन शून्यो लोको भविष्यति ॥
</verse>",False
" Enraged Ravana, knitting his eyebrows in anger, eyes turned red as if he was going to burn the world, became very angry.  This is the end of the hundred and third sarga of Yuddha Kanda of the first epic the holy Ramayana composed by sage Valmiki. ", सःकृत्वाभ्रुकुटिंक्रुद्धःकिञ्चित्सम्रक्तलोचनः ।।जगामसुमहाक्रोधंनिर्दहन्निवचक्षुषा । ,"<verse>
सङ्कुच्य भ्रुकुटिं क्रोधात्संरक्तनयनो भृशम् ।
दहन्निव च लोकांस्त्रीन्स चुक्रोध दशाननः ॥
</verse>",False
" ""I will make all the oceans, mountains, forests or even the entire earth rid of Vanaras if you order me."" ", सर्वांसागरपर्यन्तांसशैलवनकाननाम् ।करोम्यवानरांभूमिमाज्ञापयतुमांभवान् ।। ,"<verse>
समुद्रांश्च नगांश्चैव वनानि पृथिवीमपि ।
निर्वानरं करिष्यामि त्वया चाज्ञापिते मयि ॥
</verse>",False
"  Then the charioteer worshipping the auspicious Sandhya twilight, and seeing the night approach made  bed for Rama and Lakshmana.  ", उपास्य तु शिवां सन्ध्यां दृष्ट्वा रात्रिमुपस्थिताम्।रामस्य शयनं चक्रे सूतः सौमित्रिणा सह।। ,"<verse>
उपास्य तु शुभां सन्ध्यां दृष्ट्वा रात्रिमुपागताम् ।
रामस्य शयनं चक्रे सूतः सौमित्रिणा सह ॥
</verse>",False
" ""He who destroyed fourteen thousand demons singlehanded has not come to protect me. I do not know why. ", राक्षसानां सहस्राणि जनस्थाने चतुर्दश।येनैकेन निरस्तानि स मां किं नाभिपद्यते।। ,"<verse>
चतुर्दश सहस्राणि येनैकेन हतानि वै।
स मां न त्रातुमायाति किन्निमित्तं न वेद्म्यहम्॥
</verse>",False
" Having heard the charioteers words and having obtained the consent of Vasishta, he    along with his queens and courtiers departed to the place where the brahmin Rsyasringa resided.  ", अनुमान्य वसिष्ठं च सूतवाक्यं निशम्य च।सान्त:पुरस्सहामात्य: प्रययौ यत्र स द्विज:।।  ,"<verse>
श्रुत्वा सूतवचो राजा वसिष्ठेनानुमोदितः ।
सभार्यो मन्त्रिभिः सार्धं प्रययौ यत्र स द्विजः ॥
</verse>",False
" Then Ravana who had come under the influence of anger, knitting the brows of his face rolling his eyes said to Malyavan. ", नबद् ध्वाभ्रुकुटींवक्त्रेक्रोधस्यवशमागतः ।अमर्षात्परिवृत्ताक्षोमाल्यवन्तमथाब्रवीत् ।। ,"<verse>
ततः क्रोधवशं प्राप्तो रावणो भ्रुकुटिं वहन् ।
नेत्रे संवर्तयन् क्रोधान्माल्यवन्तमुवाच ह ॥
</verse>",False
" On his arrival, Rama, the subduer of enemies, was honoured by the sages at the hermitage where he stayed for a short time. ", स तमाश्रममासाद्य मुनिभिः प्रतिपूजितः।।तत्रापि न्यवसद्रामः कञ्चित्कालमरिन्दमः। ,"<verse>
तत्रागतो मुदा रामो मुनिभिः पूजितोऽरिहा ।
यस्मिंश्चाश्रमभागे वै किञ्चित्कालमुवास सः ॥
</verse>",False
 May the one who counselled the exile of my esteemed brother die without winning a worthy wife and without begetting offspring and without performing religious deeds , अप्राप्य सदृशान् दाराननपत्यः प्रमीयताम्।अनवाप्य क्रियां धर्म्यां यस्याऽर्योऽनुमते गतः।। ,"<verse>
भार्यां योग्यामनासाद्य प्रजाधर्मविवर्जितः ।
मदार्यभ्रातृनिर्वासो येनोक्तः स म्रियेत सः ॥
</verse>",False
" The place was full of beautful women, carefully protected by disciplined guards as well as demons. ", विनीतैरन्तपालैश्च रक्षोभिश्च सुरक्षितम्।मुख्याभिश्च वरस्त्रीभिः परिपूर्णं समन्ततः।। ,"<verse>
वरनारीसमाकीर्णं राक्षसैः पालिकैरपि ।
सुयत्तैर्नियतैर्गुप्तं तत्स्थानमभवत्तदा ॥
</verse>",False
 Is there anything still left which can further torment the demons here? , किन्नु खल्ववशिष्टं मे कर्तव्यमिह साम्प्रतम्।।यदेषां रक्षसां भूयः सन्तापजननं भवेत्। ,"<verse>
किमन्यदवशिष्टं स्यात्पीडनायेह रक्षसाम् ।
दुःखं येन भवेद्भूयो दह्येरन्दानवा भृशम् ॥
</verse>",False
 I shall also stick to the command of our noble father who was a man of sacred deeds.  , यत्राहमपि तेनैव नियुक्तः पुण्यकर्मणा।तत्रैवाहं करिष्यामि पितुरार्यस्य शासनम्।। ,"<verse>
पिता यः पुण्यकर्मा नः महात्मा तस्य शासनम् ।
तदहं पालयिष्यामि सत्यमेव दृढव्रतः ॥
</verse>",False
" O righteous king I am issueless. Let Rsyasringa, husband of Santa be ordered to perform the a sacrificial ceremony so that I shall be blessed with I son for the perpetuaion of my race. ", अनपत्योऽस्मि धर्मात्मन् शान्ताभर्ता मम क्रतुम्।आहरेत त्वयाज्ञप्तस्सन्तानार्थं कुलस्य च।।  ,"<verse>
अनपत्योऽस्मि धर्मात्मन् शान्ताभर्ता मम क्रतुम् ।
आहरत्विति राजेन्द्र पुत्रार्थं कुलवृद्धये ॥
</verse>",False
" Resorting to the third strategy out of the four ways of achieving an objective Hanuman created differences among the monkeys with skilful arguments. Sama, Dana, Bheda and Danda are the four means. Hanuman adopted Bheda as a means of winning over an enemy. ", स चतुर्णामुपायानां तृतीयमुपवर्णयन्।भेदयामास तान्सर्वान् वानरान्वाक्यसम्पदा।। ,"<verse>
चतुर्णामप्युपायानां तृतीयमुपसंश्रितः ।
भेदयामास तान् सर्वान् वानरान् वाक्यसम्पदा ॥
</verse>",False
"  Youth is always unstable, especially in human beings. If you marry me, you will be ever youthful like devatas.  ", चलं हि यौवनं नित्यं मानुषेषु विशेषत:।अक्षय्यं यौवनं प्राप्ताः अमर्यश्च भविष्यथ।। ,"<verse>
सर्वदा यौवनं लोलं विशेषान्मानुषे जने ।
मां चेत् त्वं परिणेतासि देववत् त्वं युवा भवेः ॥
</verse>",False
 While the celebration resounded witht he windinstruments the mighty brothers went round the fire three times with their consorts and tied their nuptial knot. , ईदृशे वर्तमाने तु तूर्योद्घुष्टनिनादिते।त्रिरग्निं ते परिक्रम्य ऊहुर्भार्यां महौजस:।। ,"<verse>
तूर्यनिर्घोषसंबाधे सभार्यास्ते महाबलाः ।
त्रिः पावकं परिक्रान्ताश्चक्रुश्च ग्रन्थिबन्धनम् ॥
</verse>",False
" ""Since this righteous thought for begetting children has entered your mind, you shall surely get four sons of immense prowess"".   ", सर्वथा प्राप्स्यसे पुत्रांश्चत्वारोऽमितविक्रमान्।यस्य ते धार्मिकी बुद्धिरियं पुत्रार्थमागता ।। ,"<verse>
यस्मात्सन्तानहेतोस्ते मतिर्धर्म्या समुत्थिता ।
प्राप्स्यसे त्वं सुतान्नूनं चतुरोऽमितविक्रमान् ॥
</verse>",False
 You would have been on unlimited source of joy to my fatherinlaw and motherinlaw had you permanently renounced the kingdom for the life of an ascetic. , अक्षया तु भवेत्प्रीतिश्श्वश्रूश्वशुरयोर्मम।।यदि राज्यं परित्यज्य भवेस्त्वं निरतो मुनिः। ,"<verse>
त्यक्त्वा राज्यं सदा धीर चीरवासा वने वसन् ।
श्वश्रूश्वशुरयोः प्रीतिं जनयेस्त्वमनुत्तमाम् ॥
</verse>",False
" That demoness , Surpanakha saw  her very strong,valiant brother Ravana who made all beings cry and created fear in all worlds ", रावणं सर्वभूतानां सर्वलोकभयावहम्।राक्षसी भ्रातरं शूरं सा ददर्श महाबलम्।। ,"<verse>
सा राक्षसी ददर्शाथ शूर्पणखा महाबलम् ।
भ्रातरं रावणं वीरं सर्वलोकभयङ्करम् ॥
</verse>",False
 Slay an antelope and bring it here quickly. O Lakshmana The rites as prescribed by the scriptures will have to be carried out. You may recollect that tradition. , मृगं हत्वाऽऽनय क्षिप्रं लक्ष्मणेह शुभेक्षण।कर्तव्य श्शास्त्रदृष्टो हि विधिर्धर्ममनुस्मर।। ,"<verse>
मृगं हत्वानय क्षिप्रं लक्ष्मणेह शुभेक्षण।
कर्तव्यः शास्त्रदृष्टो हि विधिर्धर्ममनुस्मर॥
</verse>",False
" ""I will tell you what the scriptures have said about the demerit in accepting an enemys strength that you have spoken. You may listen."" ", यस्तुदोषस्त्वयाप्रोक्तोह्यादानेऽरिबलस्यच ।तत्रतेकीर्तयिष्यामियथाशास्त्रमिदंशृणु ।। ,"<verse>
यत्तु दोषं समादाने शत्रोस्त्वं परिकीर्तसि।
शास्त्रदृष्टं प्रवक्ष्यामि शृणु तत्त्वेन वानर॥
</verse>",False
" ""You are endowed with subtle intellect and now think of the means to cross over this dreadful looking ocean the lord of rivers."" ", लङ्घनार्थंचघोरस्यसमुद्रस्यनदींपतेः ।सहास्माभिरिहोपेतस्सूक्ष्मबुद्धिर्विचारय ।। ,"<verse>
त्वं हि सूक्ष्ममतिर्धीमानुपायं चिन्तयाधुना।
घोररूपं सरित्कान्तं तर्तुमेतं महोदधिम्॥
</verse>",False
" ""Besides, if I go back without finding Sita all the vanaras including Angada will die. ", यदीतः प्रतिगच्छामि सीतामनधिगम्य ताम्।।अङ्गदस्सह तैस्सर्वैर्वानरैर्न भविष्यति। ,"<verse>
अदृष्ट्वा मैथिलीं सीतां यदि गच्छामि राघवम् ।
अङ्गदप्रमुखा वीरा विनशिष्यन्ति वानराः ॥
</verse>",False
" ""I am blameless. I have practised rigorous penance. These wicked ones who have abused a sage like me will be reduced to ashes. ", ये दूषयन्त्यदुष्टं मां तप उग्रं समास्थितम्।भस्मीभूता दुरात्मानो भविष्यन्ति न संशय:।।  ,"<verse>
अनघोऽहं तपो घोरं तप्तवांश्च सुदारुणम् ।
निन्दन्ति मां मुनिं क्रूरा भस्मीभूता भवन्तु ते ॥
</verse>",False
" Indeed, no friend or dear could see or speak or make a request or pacify Rama. at that time. ", नहिरामंतदाकश्चित्कालान्तकयमोपमम् ।अनुनेतुमथोवक्तुंद्रष्टुंवाप्यशकत्सुहृत् ।। ,"<verse>
नैनं कश्चित् सखा वाऽपि प्रियो वा राघवं तदा ।
द्रष्टुं संभाषितुं वाऽपि प्रसादयितुमेव वा ॥
</verse>",False
" Your wives, who have got a husband like you, must have been born to a befitting race. They will taste the pangs of sorrow today, for no reasons whatsoever. ", अद्य शोकरसज्ञास्ता भविष्यन्ति निरर्थकाः।अनुरूपकुलाः पत्न्यो यासां त्वं पतिरीदृशः।। ,"<verse>
त्वादृशं प्राप्य भर्तारं जाता याः सदृशे कुले ।
प्राप्स्यन्त्यद्य महच्छोकं चाकारणादनागसः ॥
</verse>",False
" At that time, righteous Lakshmana who was attentively deliberating on many plans to kill Kumbhakarna, said to Rama. ", तस्मिन् काले स धर्मात्मालक्ष्मणोराममब्रवीत् ।।कुम्भकर्णवधेयुक्तोयोगान् परिमृशन्बहून् । ,"<verse>
कुम्भकर्णवधोपायान् विचिन्त्य बहुधा तदा ।
धर्मात्मा लक्ष्मणः श्रीमान् रामं वचनमब्रवीत् ॥
</verse>",False
" There on that chariot, is a banner shining brilliantly with the emblem of a lofty majestic Kovidara tree with a large trunk. ", एष वै सुमहाञ्छ्रीमान्विटपी सम्प्रकाशते।विराजत्युद्गतस्कन्धं कोविदारध्वजो रथे।। ,"<verse>
तत्र तस्मिन् रथे दीप्तो महास्कन्धो विराजते ।
श्रीमान् स कोविदारोऽयं ध्वजः समुच्छ्रितो महान् ॥
</verse>",False
 Sushena along with Jambavan and a large army of Vanaras were posted in the centre not far from Rama at the west by Ramas order. , पश्चिमेनतुरामस्यसुषेणःसहजाम्बवान् ।।आदूरान्मध्यमेगुल्मेतस्थौबहुबलानुगः । ,"<verse>
सुषेणो जाम्बवांश्चैव वानरानीकसंवृतौ ।
प्रतीच्यां नातिदूरे तौ मध्ये रामाज्ञया स्थितौ ॥
</verse>",False
" Your hips, glitter with the jingling girdle. Strong are the  calfs of your legs and long are your feet. ", जघनं तव निर्घुष्टं रशनादामशोभितम्।।जङ्घे भृशमुपन्यस्ते पादौ चाप्यायतावुभौ। ,"<verse>
रणत्काञ्च्या नितम्बस्ते शोभतेऽतीव सुन्दरम् ।
दृढे जङ्घे सुपुष्टे च दीर्घौ च चरणौ तव ॥
</verse>",False
" Rama having spoken that way, Saumithri crowned Vibheeshana as crowned king on the command of Rama amid Vanara army chiefs. ", एवमुक्तस्तुसौमित्रिरभ्यषिञ्चद्विभीषणम् ।मध्येवानरमुख्यानांराजानंरामशासनात् ।। ,"<verse>
इत्युक्ते राघवेणाथ सौमित्रिः शासनात्प्रभोः ।
वानरानीकपानां तु चक्रे राज्ये विभीषणम् ॥
</verse>",False
" ""Oh poor Sita, distanced from relations, while protecting her chastity helplessly she might have been devoured by cruel Ravana. ", अहो क्षुद्रेण वाऽनेन रक्षन्ती शीलमात्मनः।।अबन्धुर्भक्षिता सीता रावणेन तपस्विनी। ,"<verse>
बन्धुभिर्विप्रयुक्ता सा रक्षन्ती वृत्तमात्मनः ।
क्रूरेण रावणेनासौ भक्षिता स्याद्वराकिनी ॥
</verse>",False
 O victorious lord he who does not repay the help got through your grace and your brothers is despicable among men.  , तव देव प्रसादाच्च भ्रातुश्च जयतां वर।कृतं न प्रतिकुर्याद्यः पुरुषाणां स दूषकः।। ,"<verse>
त्वत्प्रसादाच्च भ्रातुस्ते उपकारं जयेश यः ।
न प्रतिकुरुते मोहात्स भवेत्पुरुषाधमः ॥
</verse>",False
" As magnanimous Bharata was wailing, Kausalya recognised his voice and said to Sumitra ", तथैव क्रोशतस्तस्य भरतस्य महात्मनः।कौसल्या शब्दमाज्ञाय सुमित्रामिदमब्रवीत्।। ,"<verse>
तथा लालप्यमानस्य भरतस्य महात्मनः ।
कौसल्या शब्दमज्ञाय सुमित्रामिदमब्रवीत् ॥
</verse>",False
 Rama went round who was full of grace and full of knowledge on dharma went round with Sita and came back to Suthikshnas hermitage. , परिवृत्य च धर्मज्ञो राघवस्सह सीतया।।सुतीक्ष्णस्याश्रमं श्रीमान्पुनरेवाजगाम ह। ,"<verse>
परिक्रम्य च धर्मज्ञः स सीतया रघूद्वहः ।
सुतीक्ष्णस्याश्रमं श्रीमान् पुनरेवाभ्युपागमत् ॥
</verse>",False
 Conferring the benefit of the other world and worldly pleasures on men my sister  Kausiki who is divine and beautiful having sacred waters took resort in Himavat mountain and started flowing from there.  , दिव्या पुण्योदका रम्या हिमवन्तमुपाश्रिता।लोकस्य हितकामार्थं प्रवृत्ता भगिनी मम।। ,"<verse>
दिव्या पुण्योदका रम्या प्रवृत्ता भगिनी मम ।
कौशिकी परमोदारा हिमवन्तमुपाश्रिता ॥
</verse>",False
"  Then righteous Rama with Sita, the princess of Videha, and Lakshmana offered respects with folded palmsstanding. ", अभिवाद्य तु धर्मात्मा तस्थौ रामः कृताञ्जलिः। सीतया सह वैदेह्या तदा रामः सलक्ष्मणः।।  ,"<verse>
ततो रामस्तु धर्मात्मा वैदेह्या लक्ष्मणेन च।
कृताञ्जलिपुटो भूत्वा तिष्ठन् प्रणतिमाचरत्॥
</verse>",False
" I shall regard, O charming Rama, the harmful dust raised by the stormy wind and settled on me as the most excellent sandal powder.  ", महावातसमुद्धूतं यन्मामपकरिष्यति।रजो रमण तन्मन्ये परार्थ्यमिव चन्दनम्।। ,"<verse>
वातोद्धूतमहं रेणुं शरीरे मम राघव ।
चन्दनं परमानर्घ्यं मन्ये त्वत्सहिता वने ॥
</verse>",False
" He saw them gathering in groups, saying, Henceforth we will not be able to see Rama and without him, we are lost indeed. ", शुश्राव च वचस्तेषां बृन्दं बृन्दं च तिष्ठताम्। हतास्म खलु ये नेह पश्याम इति राघवम्।। ,"<verse>
ददर्श समवेतांस्तान् वदतश्च परस्परम् ।
न द्रक्ष्यामः परं रामं विनष्टाः स्म विना हि तम् ॥
</verse>",False
" Charming Sita whose face resembles the full Moon, with her mind fixed on Rama, is enjoying even the desolate forest like a child.  ", बालेव रमते सीताऽबालचन्द्रनिभानना।रामा रामे ह्यधीनात्मा विजनेऽपि वने सती।। ,"<verse>
पूर्णचन्द्रानना सीता रामार्पितमनाः शुभा ।
बालेव रमते सा तु विजनेऽपि वने सुखम् ॥
</verse>",False
" ""If one who has been happy seeks happiness on renouncing wealth then proceeds to perform sinful actions it is a mistake."" ", सोऽयमर्थंपरित्यज्यसुखकामःसुखैधितः ।पापमारभतेकर्तुंतदादोषःप्रवर्तते ।। ,"<verse>
सुखी भूत्वा सुखं प्रेप्सुस्त्यक्त्वा वित्तं करोति चेत् ।
पापानि च ततो मोहात्प्रमादः स उदाहृतः ॥
</verse>",False
" Slain by me in the battle today, you and your army will follow the righteous men eaten by you in Dandaka forest.  ", ये त्वया दण्डकारण्ये भक्षिता धर्मचारिणः।तानद्य निहतस्सङ्ख्ये ससैन्योऽनुगमिष्यसि।। ,"<verse>
ये त्वया दण्डकारण्ये भक्षिता धर्मचारिणः ।
मयाद्य निहतो युद्धे तान् ससैन्योऽनुयास्यसि ॥
</verse>",False
" I am the faithful wife of the longarmed, broadchested  Rama,  a lion among men. His gait is the gait of an advancing, invincible lion. ", महाबाहुं महोरस्कं सिंहविक्रान्तगामिनम्।नृसिंहं सिंहसङ्काशमहं राममनुव्रता।। ,"<verse>
सती भार्या महाबाहोर्नृसिंहस्य महोरसः ।
दुर्धर्षसिंहविक्रान्तगामिनो रामधीमतः ॥
</verse>",False
" Completed by the magnanimous king Dasaratha. The aswamedha and putreshti sacrifices, the devatas received their share of havis and returned to their respective  abodes. ", निर्वृत्ते तु क्रतौ तस्मिन्हयमेधे महात्मन:।प्रतिगृह्य सुरा भागान्प्रतिजग्मुर्यथागतम्।। ,"<verse>
राज्ञा दशरथेनाथ सपुत्रेष्टौ हये मखे ।
हविर्भागं समादाय सुरा जग्मुः स्वमालयम् ॥
</verse>",False
" You are devoid of good conduct, O Kaikeyi Divine Sita need not go to the forest. Remaining here she should occupy the royal throne of Rama. ", न गन्तव्यं वनं देव्या सीतया शीलवर्जिते।अनुष्ठास्यति रामस्य सीता प्रकृतमासनम्।। ,"<verse>
न गन्तव्यं वनं देव्या सीतया शीलवर्जिते ।
अनुष्ठास्यति रामस्य सीता प्रकृतमासनम् ॥
</verse>",False
" O illustrious Rama, herds of animals visit this place fearlessly, enticing the inmates and then go back without harming any one. ", इममाश्रममागम्य मृगसङ्घा महायशः।अहत्वा प्रतिगच्छन्ति लोभयित्वाऽकुतोभयाः।। ,"<verse>
मृगसङ्घाः समायान्ति निर्भया रघुनन्दन।
प्रलोभ्याश्रमसंस्थान् वै यान्त्यहिंस्राः पुनः सुखम्॥
</verse>",False
 The great sages comparable to the firegod and followers of righteousness honoured Rama  according to tradition by offering water. , ततो रामस्य सत्कृत्य विधिना पावकोपमाः।आजह्रुस्ते महाभागाः सलिलं धर्मचारिणः।। ,"<verse>
अग्निकल्पा महात्मानो मुनयो धर्मचारिणः।
तोयेन विधिवद् रामं पूजयामासुरादरात्॥
</verse>",False
" ""My father is a king of Danavas, my husband is a Lord of Rakshasas, and my son has won over Indra, the Lord of gods, thus I was excessively proud."" ", पतादानवराजोमेभर्तामेराक्षसेश्वरः ।।पुत्रोमेशक्रनिर्जेताइत्यहंगर्विताभृशम् । ,"<verse>
पिता दानवराजो मे भर्ता मे राक्षसेश्वरः ।
पुत्रो मे शक्रनिर्जेता इत्यहं दर्पिता भृशम् ॥
</verse>",False
 O scion of the Kakutstha race  proceeding further you will find another forest of the North Kuru state with trees in bloom resembling the pleasuregardens of Nandana. , तदतिक्रम्य काकुत्स्थ वनं पुष्पितपादपम्।।नन्दनप्रतिमं चान्यत्कुरवो ह्युत्तरा इव। ,"<verse>
ततः परं समासाद्य काकुत्स्थोत्तरकौरवम् ।
फुल्लद्रुमसमाकीर्णं द्रक्ष्यसे नन्दनोपमम् ॥
</verse>",False
 O Sugriva you know dharma.You are grateful and will not turn back from the battle. So your words are true and befitting. , धर्मज्ञस्य कृतज्ञस्य सङ्ग्रामेष्वनिवर्तिनः।उपपन्नं च युक्तं च सुग्रीव तव भाषितम्।। ,"<verse>
धर्मज्ञस्त्वं कृतज्ञोऽसि रणे चाप्यपलायितः ।
सत्यं युक्तं च ते वाक्यं तस्मात् सुग्रीव शोभनम् ॥
</verse>",False
 You said you will wipe the tears of the dead demons. Now those words have proved false. , यत्त्वयोक्तं विनष्टानामहमश्रुप्रमार्जनम्।राक्षसानां करोमीति मिथ्या तदपि ते वचः।। ,"<verse>
हतानां रक्षसां बाष्पं प्रमार्क्ष्यामीति यत्त्वया ।
उक्तं तदनृतं वाक्यं संवृत्तमद्य दृश्यते ॥
</verse>",False
" After my departure, you must see that the king is not  overpowered by grief for his son and struggles as little as possible.  ", यथा मयि तु निष्क्रान्ते पुत्रशोकेन पार्थिवः।श्रमं नावाप्नुयात्किञ्चिदप्रमत्ता तथा कुरु।। ,"<verse>
मयि याते यथा राजा पुत्रशोकेन पीडितः ।
न सीदेच्च तथा कार्यं त्वया यत्नेन सर्वदा ॥
</verse>",False
 Just like a cow followed by its calf would attend upon a mighty bull struck by a lion I will wait with my son upon you who have lost consciousness died. , अहं पुत्रसहाया त्वामुपासे गतचेतसम्।सिंहेन निहतं सद्यो गौस्सवत्सेव गोवृष।। ,"<verse>
वत्सानुगा यथा धेनुः सिंहेन निहतं वृषम् ।
पुत्रेण सहिता चाहं त्वामुपासे विचेतनम् ॥
</verse>",False
" With these very pots of holy water brought for the purpose of consecration, O Lakshmana I shall take bath at the time of taking vow for practising penance. ", एभिरेव घटै स्सर्वैरभिषेचनसम्भृतैः।मम लक्ष्मण तापस्ये व्रतस्नानं भविष्यति।। ,"<verse>
अभिषेकार्थमुद्दिष्टैरेभिरेव घटैरहम् ।
स्नास्ये तापसदीक्षायां लक्ष्मणेहैव तानि मे ॥
</verse>",False
" Seeing Hanuman released out of her mouth like the Moon released from the mouth of Rahu, Surasa assumed her true form and said ", तं दृष्ट्वा वदनान्मुक्तं चन्द्रं राहुमुखादिव।अब्रवीत्सुरसा देवी स्वेन रूपेण वानरम्।। ,"<verse>
तं दृष्ट्वा निष्पतन्तं तु राहुवक्त्रादिवोडुपम्।
अब्रवीत्सुरसा देवी स्वेन रूपेण वानरम्॥
</verse>",False
" Sobbing, they gathered around Bharata who had fallen on the ground, while Kausalya approached him in a depressed state and took him into her arms. ", ताश्च तं पतितं भूमौ रुदन्त्यः पर्यवारयन्।कौसल्या त्वनुसृत्यैनं दुर्मनाः परिषस्वजे।। ,"<verse>
रुदन्तः पतितं भूमौ भरतं पर्यवारयन् ।
दीना तमभिसङ्गम्य कौसल्याङ्के न्यवेशयत् ॥
</verse>",False
" ""I foresee the terrific destruction of eminent heroes among Bears, monkeys and Rakshasas. I see the danger approaching."" ", लोकक्षयकरंभीमंभयंपश्याम्युपस्थितम् ।निबर्हणंप्रवीराणामृक्षवानररक्षसाम् ।। ,"<verse>
ऋक्षवानरमुख्यानां रक्षसां च महौजसाम् ।
विनाशं सुमहद्घोरं पश्यामि समुपस्थितम् ॥
</verse>",False
" Like a bull caught by lions, your brother is seeking help caught by demons. You should run at once to your brother. ", तं क्षिप्रमभिधाव त्वं भ्रातरं शरणैषिणम्।।रक्षसां वशमापन्नं सिंहानामिव गोवृषम्। ,"<verse>
सिंहैर्ग्रस्तो वृषो भीतस्तथा रक्षोभिरर्दितः ।
त्राणं याचति ते भ्राता शीघ्रं धाव तदन्तिकम् ॥
</verse>",False
" How can Rama who is capable of saving even gods speak such unworthy, demeaning words, Save me, O Sita ", विगर्हितं च नीचं च कथमार्योऽभिधास्यति।त्राहीति वचनं सीते यस्त्रायेत्रिदशानपि।। ,"<verse>
सुरत्राणसमर्थोऽपि रामो वाक्यमिदं कथम् ।
सीते मां त्राहि हीनार्थं ब्रूयादेतदशोभनम् ॥
</verse>",False
" O descendant of Raghu when the earth was being churned, an irrepressible sound of serpents, demons and rakshasas of all creatures emerged. ", नागानां मथ्यमानानामसुराणां च राघव ।राक्षसानां च दुर्धर्षस्सत्त्वानां निनदोऽभवत्।। ,"<verse>
मथ्यमाने तदा भूमौ नागानां रघुनन्दन ।
सर्वभूतेषु दुर्वारो दैत्यरक्षोरवोऽभवत् ॥
</verse>",False
" ""One who is despondent, dejected and overwhelmed with grief, will be dispirited in all matters. Not only that with worry he will meet with disaster."" ", निरुत्साहस्यदीनस्यशोकपर्याकुलात्मनः ।सर्वार्थाव्यवसीदन्तिव्यसनंचाधिगच्छति ।। ,"<verse>
विषादी दीनचेता यः शोकेनाभिपरिप्लुतः ।
सर्वकार्येषु सीदेत चिन्तया याति चापदम् ॥
</verse>",False
" The dreadful words of Brahma spoken to me"" know that danger from humans is coming to be true. ", इदंतद्ब्रह्मणोघोरंवाक्यंमामभ्युपस्थितम् ।मानुषेभ्योविजानीहिभयंत्वमितितत्तथा ।। ,"<verse>
ब्रह्मणा मे वचो घोरं यत्प्रोक्तं मानुषं भयम् ।
तत्सर्वं सत्यमायाति विद्धि त्वं समुपस्थितम् ॥
</verse>",False
" This mighty, dreadful bow was obtained through Jamadagni. You may display your prowess by fixing on it an arrow.  ", तदिदं घोरसङ्काशं जामदग्न्यं महद्धनु:।पूरयस्व शरेणैव स्वबलं दर्शयस्व च।। ,"<verse>
जामदग्न्यादिदं लब्धं धनुर्घोरं महाबलम् ।
अस्मिन् संधाय बाणं त्वं दर्शय स्वं पराक्रमम् ॥
</verse>",False
" With eyes red as blood through drunkenness,prosperous Sugriva was shaken like the Kalpa tree.He stood there and offered salutationsto Lakshmana with folded hands. ", संरक्तनयनः श्रीमान्विचचाल कृताञ्जलिः।बभूवावस्थितस्तत्र कल्पवृक्षो महानिव।। ,"<verse>
मदाद्रक्ताक्षसुग्रीवो लोलः कल्पतरुर्यथा ।
ननाम लक्ष्मणं श्रीमान् तत्र तस्थौ कृताञ्जलिः ॥
</verse>",False
" Hanuman the great vanara, splendid with a huge body coursing through the air seemed like a winged mountain flying the sky without any support. ", शुशुभे स महातेजा महाकायो महाकपिः।वायुमार्गे निरालम्बे पक्षवानिव पर्वतः।। ,"<verse>
महाकायो हनूमांस्तु व्योम्नि गच्छन् महाकपिः ।
निरालम्बः सपक्षोऽद्रिः खे पतन्निव दृश्यते ॥
</verse>",False
" As the flesh of Kabandhas body decomposed, if burnt slowly in the fire although it was like a huge mass of fat. ", तच्छरीरं कबन्धस्य घृतपिण्डोपमं महत्।मेदसा पच्यमानस्य मन्दं दहति पावकः।। ,"<verse>
घृतपिण्डोपमं चापि कबन्धस्य वपुर्महत् ।
शनैर्ददाह दीप्ताग्निर्विशीर्णे मेदसां चये ॥
</verse>",False
" ""By an unequal deed done by you in the efficiency in the use of weapons has been exhibited. The monkey heroes of terrific valour have been made to fall."" ", कृतमप्रतिमंकर्मदर्शितंचास्त्रकौशलम् ।पातिताहरिवीराश्चत्वयावैभीमविक्रमाः ।। ,"<verse>
दर्शितं ह्यस्त्रनैपुण्यं कर्मणा विषमेण ते ।
पातिता हरिवीराश्च घोरवीर्यास्त्वया रणे ॥
</verse>",False
"  Rama, the best among men, crossed the first three courtyards which were protected by bowmen on horses and crossed the remaining two on foot. ", स कक्ष्या धन्विभिर्गुप्तास्तिस्रोऽतिक्रम्य वाजिभिः।।पदातिरपरे कक्ष्ये द्वे जगाम नरोत्तमः।  ,"<verse>
साश्वधन्विभिराक्रान्तास्तिस्रः कक्ष्या व्यतीत्य च ।
पद्भ्यामेव परे द्वे तु जगाम स नरर्षभः ॥
</verse>",False
" In the battle, Saumithri was hurt in the chest by Atikayas arrow and blood flowed like the ichor from elephant in rut. ", अतिकायेनसौमित्रिस्ताडितोयुधिवक्षसि ।।सुस्रावरुधिरंतीव्रंमदंमत्तइवद्विपः । ,"<verse>
सौमित्रिरतिकायेन बाणेनोरसि ताडितः ।
रक्तं सुस्राव वेगेन मत्तद्विपमदो यथा ॥
</verse>",False
" Though the Vanaras searched all over the battlefield and in all directions of the sky, they could not see Indrajith of mystical powers. ", अन्तरिक्षंनिरीक्षन्तोदिशस्सर्वाश्चवानराः ।नचैनंमाययाछन्नंददृशूरावणिःरणे ।। ,"<verse>
विचिन्वन्तो रणे खं च दिक्षु सर्वासु वानराः ।
इन्द्रजितं महामायं नैव ते ददृशुः क्वचित् ॥
</verse>",False
" O best of brahmins three of us have been wandering with courage in the deep forest, dislodged from  the kingdom on account of  Kaikeyi. ", ते वयं प्रच्युता राज्यात्कैकेय्यास्तु कृते त्रयः।।विचरामो द्विजश्रेष्ठ वनं गम्भीरमोजसा। ,"<verse>
कैकेय्याः कारणाद् राज्याद्
भ्रष्टा विप्रर्षिसत्तम ।
सधैर्या गहनेऽरण्ये
चरामो हि त्रयो वयम् ॥
</verse>",False
" That is why, O sinless one I cannot go back to Ayodhya without you. Allow me to accompany you into your exile. ", तन्न शक्ष्याम्यहं गन्तुमयोध्यां त्वदृतेऽनघ।वनवासानुयानाय मामनुज्ञातुमर्हसि।। ,"<verse>
तस्मात् त्वया विनाऽयोध्यां न यास्याम्यनघ क्वचित्।
मां त्वमप्यनुजानीहि सार्धं गन्तुं वनं त्वया॥
</verse>",False
" ""Even well planned diplomatic missions fail like darkness dispelled at Sunrise if the messenger is confused and if the place and time are not propitious for them.    ", भूताश्चार्था विनश्यन्ति देशकालविरोधिताः।।विक्लबं दूतमासाद्य तमः सूर्योदये यथा। ,"<verse>
भूताश्चार्था विपद्यन्ते देशकालविरोधिताः ।
विक्लवं दूतमासाद्य तमः सूर्योदये यथा ॥
</verse>",False
"  After the departure of the gods, mighty ascetic Viswamitra raised his arms up, stood without support, subsisting on air, continuing with his austerities.   ", विप्रस्थितेषु देवेषु विश्वामित्रो महामुनि:।ऊर्ध्वबाहुर्निरालम्बो वायुभक्षस्तपश्चरन्।। ,"<verse>
गतेषु त्रिदिवौकःसु विश्वामित्रो महातपाः ।
ऊर्ध्वबाहुर्निरालम्बो वायुभक्षस्तपोधनः ॥
</verse>",False
" ""O Devendra, I will do the duty of charioteer duly to the Lord of gods with green horses proceeding quickly"", said the charioteer."" ", शीघ्रंयास्यामिदेवेन्द्रसारथ्यं च करोम्यहम् ।।ततोहयैश्चसम्योज्यहरितैःस्यन्दनोत्तमम् । ,"<verse>
शीघ्रगानां हरीणां ते देवेन्द्र विधिना विभो ।
सारथ्यं संविधास्यामि इत्युवाच स सारथिः ॥
</verse>",False
" O wretch I protected you in my folly for a long time through ignorance, like a rope preserved which turned out to be a noose to hang me with. ", चिरं खलु मया पापे त्वं पापेनाभिरक्षिता। अज्ञानादुपसम्पन्ना रज्जुरुद्बन्धिनी यथा।। ,"<verse>
अज्ञानान्मुग्धभावेन त्वं मया रक्षिता चिरम् ।
रज्जुरुद्बन्धनायैव पापे मृत्युप्रदा मम ॥
</verse>",False
" ""I cannot be your lawful wife obtainable by your personal efforts. I am a chaste woman married to another man. Being a king examine the dharma honestly and adopt a pious way of life. ", नाहमौपयिकी भार्या परभार्या सती तव।।साधु धर्ममवेक्षस्व साधु साधुव्रतं चर। ,"<verse>
नाहमौपयिकी भार्या परभार्या सती तव ।
साधु धर्ममवेक्षस्व साधु साधुव्रतं चर ॥
</verse>",False
" O handsome one, you should treat us the way the virtuous treat their wives, sons and disciples in this world. "," वयमस्य यथा लोके सङ्ख्याता: सौम्य साधुभिः।

भार्याः पुत्राश्च शिष्याश्च त्वमनुज्ञातुमर्हसि।।
  ","<verse>
यथा हि साधवो लोके दारे पुत्रे च शिष्यके ।
अस्मासु त्वं तथा सौम्य वर्तस्व चारुदर्शन ॥
</verse>",False
" By the deafening sound caused by the patting, the birds fell down and the guards of the palace lost consciousness. ", तस्यास्फोटितशब्देन महता श्रोत्रघातिना।पेतुर्विहङ्गमास्तत्र चैत्यपालाश्च मोहिताः।। ,"<verse>
आस्फोटनमहानादैर्निपेतुः पक्षिणो भुवि ।
प्रासादरक्षिणः सर्वे मोहिताश्च विचेतनाः ॥
</verse>",False
" Wind god Vayu having come to the best of men, Lakshmana, spoke to him that in battle it is not possible to injure him or kill him. ", न शशाकरुजंकर्तुंयुधितस्यनरोत्तमः ।अथैनमभ्युपागम्यवायुर्वाक्यमुवाच ह ।। ,"<verse>
लक्ष्मणं पुरुषव्याघ्रमुपागम्याब्रवीन्मरुत् ।
न हन्तुं शक्यते चाजौ नापि हिंसितुमाहवे ॥
</verse>",False
" Enraged and angry Kumbhakarna said, ""I will proceed now. Let my army remain here. I will consume them on keys today."" ", गमिष्याम्यहमेकाकीतिष्ठत्विहबलंमम ।।अद्यतान् क्षुभितान् क्रुद्धोभक्षयिष्यामिवानरान् । ,"<verse>
कुम्भकर्णो महाकोपी वाक्यमेतदुवाच ह।
तिष्ठत्विहैव मे सैन्यं यास्याम्यद्य कपीनदन्॥
</verse>",False
 The mountain appeared as if trembling with the dark clouds of autumn. The shrill sounds pasing through the hollow bamboos filled with air appeared as if it was producing sweet musical notes. , वेपमानमिव श्यामैः कम्पमानैश्शरद्वनैः।वेणुभिर्मारुतोद्धूतैः कूजन्तमिव कीचकैः।। ,"<verse>
घनैः श्यामैः शरत्काले कम्पन्नग इवाबभौ ।
रन्ध्रवेणुस्थितो वायुस्तारं चक्रे सुगीतवत् ॥
</verse>",False
 The wives of the king while proceeding slowly towards the river Mandakini beheld the bathing place frequented by Rama and Lakshmana. , राजपत्न्यश्च गच्छन्त्यो मन्दं मन्दाकिनीं प्रति।ददृशु स्तत्र तत् तीर्थं रामलक्ष्मणसेवितम्।। ,"<verse>
मन्दाकिनीं शनैर्यान्त्यो ददृशुस्ता नृपस्त्रियः ।
तत्पुण्यं पावनं तीर्थं रामलक्ष्मणसेवितम् ॥
</verse>",False
 Those fierce Rakshasas who stood in front of Rama were destroyed like fireflies fallen in fire. , येत्वन्येराक्षसाभीमारामस्याभिमुखेस्थिताः ।।तेऽपिनष्टाःसमासाद्यपतङ्गाइवपावकम् । ,"<verse>
रामस्याग्रे स्थिता घोरा राक्षसा भीमविक्रमाः ।
विनेशुस्ते क्षणादेव पतङ्गा इव पावके ॥
</verse>",False
" Ravana, endowed with extraordinary energy attacked that peak hurled by Neela with seven sharp arrows and it fell broken into pieces. ", रावणोऽपिमहातेजास्तंच्छृङ्गंसप्तभिःशरैः ।आजघानसुतीक्ष्णाग्रैस्तद्विकीर्णंपपातह ।। ,"<verse>
नीलोत्सृष्टं महाशैलं महातेजाः स रावणः ।
बिभेद सप्तभिर्बाणैः शितैस्तच्छतधाऽपतत् ॥
</verse>",False
 Most brilliant king Dilipa ruled the kingdom for thirty thousand years performing many sacrifices.  , दिलीपस्तु महातेजा यज्ञैर्बहुभिरिष्टवान्।त्रिंशद्वर्षसहस्राणि राजा राज्यमकारयत्।। ,"<verse>
त्रिंशद्वर्षसहस्राणि शशास पृथिवीं नृपः ।
दिलीपस्तु महातेजा ईजे च बहुभिर्मखैः ॥
</verse>",False
" ""The vanaras will put an end to their lives by poisoning or by hanging or by selfimmolation or by killing themselves with weapons or by fasting unto death. ", विषमुद्बन्धनं वापि प्रवेशं ज्वलनस्य वा।।उपवासमथो शस्त्रं प्रचरिष्यन्ति वानराः। ,"<verse>
विषेण वाऽथ बन्धेन हुताशनप्रवेशनात् ।
उपवासेन शस्त्रेण प्राणांस्त्यक्ष्यन्ति वानराः ॥
</verse>",False
" At this time, righteous Bharata, the best among men, with his devotion to you must be sadly performing penance at his residence. ", अस्मिंस्तु पुरुषव्याघ्रः काले दुःखसमन्वितः।तपश्चरति धर्मात्मा त्वद्भक्त्या भरतः पुरे।। ,"<verse>
अस्मिन् काले हि धर्मात्मा भरतः पुरुषोत्तमः ।
त्वद्भक्त्या दुःखितो भूत्वा तपश्चरति वै गृहे ॥
</verse>",False
  I cannot live without my only son who is adept in all scriptures and endowed with all virtues. , न हि तावद्गुणैर्जुष्टं सर्वशास्त्रविशारदम्।एकपुत्रा विना पुत्रमहं जीवितुमुत्सहे।। ,"<verse>
सर्वशास्त्रप्रवीणेन सर्वगुणान्वितेन च ।
एकमात्रेण पुत्रेण विना जीवामि नैव हि ॥
</verse>",False
" Kumbhakarna Having drunk two thousand pots of wine, slightly excited and inebriated and replenished with strength and energy was ready to depart. ", पीत्वाघटसहस्रेद्वेगमनायोपचक्रमे ।ईषत्समुत्कटोमत्तस्तेजोबलसमन्वितः ।। ,"<verse>
घटानां तु सहस्रे द्वे मद्यं पीत्वा मदोत्कटः ।
ईषत्संजाततेजौजाः कुम्भकर्णः प्रयातवान् ॥
</verse>",False
 O hero this warrior Sugriva has not forgotten the help rendered by Rama in combat which was difficult to win. , उपकारं कृतं वीरो नाप्ययं विस्मृतः कपिः।रामेण वीर सुग्रीवो यदन्यैर्दुष्करं रणे।। ,"<verse>
दुर्जये समरे वीर रामेणोपकृतं शुभम् ।
सुग्रीवोऽयं महायोधो नैव विस्मृतवान् क्वचित् ॥
</verse>",False
" O Lakshmana even the compassionate and heroic Creator of the worlds will be disrespected by all beings, however ignorantly if such things are allowed to happen. ", कर्तारमपि लोकानां शूरं करुणवेदिनम्।।अज्ञानादवमन्येरत्सर्वभूतानि लक्ष्मण। ,"<verse>
स्रष्टारमपि लोकानां शूरं च करुणान्वितम् ।
अवजानन्ति भूतानि मोहादपि च लक्ष्मण ॥
</verse>",False
 Not knowing enemies and own people the Vanaras and Rakshasas terminating drenched the mud with their blood and covered the earth. , तेपरांश्चविनिघ्नन्तःस्वांश्चवानरराक्षसाः ।।रुधिरार्द्रांतदाचक्रुर्महींपङ्कानुलेपनाम् । ,"<verse>
अजानन्तः परं स्वांश्च घ्नन्तो रक्षःप्लवङ्गमाः ।
रुधिरेणार्द्रपङ्कां तां छादयन्तो महीं तदा ॥
</verse>",False
 Missing , रणे रामेण युद्ध्यस्व क्षमां वा कुरु राक्षस ।न ते रामकथा कार्या यदि मां द्रष्टुमिच्छसि  ।। ,"<verse>
न जाने त्वं गतो यस्मात् न पश्यामि ततो ह्यहम् ।
त्वद्गुणानां स्मरन्नेव शोचामि त्वां दिवानिशम् ॥
</verse>",False
" O Rama, Sarduli gave birth to tigers and playful, roundbodied monkeys called Golangula and Sweta delivered elephants as sons for guarding the eight quarters. ", गोलाङ्गूलांश्च शार्दूली व्याघ्रांश्चाजनयत्सुतान्।दिशागजांश्च काकुत्स्थ श्वेताप्यजनयत्सुतान्।। ,"<verse>
शार्दूली जनयद् व्याघ्रान् गोलाङ्गूलांश्च राघव ।
श्वेता त्वजनयत् सूनून् अष्टदिग्पालकान् गजान् ॥
</verse>",False
"  Even though she was daubed with dirt, and had no ornaments on her, she looked bright like a lotus fibre smeared with mud. ", सा मलेन च दिग्धाङ्गी वपुषा चाप्यलङ्कृता।।मृणाली पङ्कदिग्धेव विभाति न विभाति च। ,"<verse>
मलेन संवृताङ्गी सा विनाप्याभरणैर्बभौ ।
मृणालमिव पङ्काक्तं शोभमाना महोज्ज्वला ॥
</verse>",False
 It had latticed windows made of gold inlaid with crystals. The platforms were encrusted with saphires called Indraneela and Mahaneela appropriately.  , जालवातायनैर्युक्तं काञ्चनैः स्स्फाटिकैरपि।इन्द्रनीलमहानीलमणिप्रवरवेदिकम्।। ,"<verse>
स्फाटिकान्तरसंकीर्णैर्जालैर्हेममयैरपि ।
इन्द्रनीलमहानीलमणिप्रवरवेदिकम् ॥
</verse>",False
" The Ganga is graced by devatas, danavas, gandharvas and kinneras. Wives of several gandharvas always visit this auspicious river.  ", देवदानवगन्धर्वैः किन्नरैरुपशोभिताम्।नानागन्धर्वपत्नीभि स्सेवितां सततं शिवाम्।। ,"<verse>
देवदानवगन्धर्वैः किन्नरैश्च निषेविता ।
गङ्गा गन्धर्वपत्नीभिर्नित्यं संसेव्यते शुभा ॥
</verse>",False
" ""Raghava Indrajith strikes when caught by a network of foes in war by becoming invisible because of satisfying fire god."" ", सङ्ग्रामसमयव्यूहेतर्पयित्वाहुताशनम् ।अन्तर्धानगतश्शत्रूनिन्द्रजिद् हन्तिराघव:।।। ,"<verse>
पावकं तर्पयित्वा स तिरोहिततनुर्युधि ।
शत्रुजालपरीतोऽपि राघवं हन्ति रावणिः ॥
</verse>",False
" ""Therefore, Rama has no fear of death, even a little. Whatever splendour is lost, prosperity will not leave him."" ", नैतत्किञ्चनरामस्यनचरामोमुमूर्षति ।।नह्येनंहास्यतेलक्ष्मीद्दुर्लभायागतायुषाम् । ,"<verse>
न भीतिर्मरणेऽल्पापि राघवे विद्यते क्वचित् ।
नष्टायामपि शोभायां श्रीरमुं न जहाति च ॥
</verse>",False
 O foolish woman why dont you seek the wifehood of a glorious king of demons who has abundance of wealth? , तस्य सर्वसमृद्धस्य रावणस्य महात्मनः।किमद्य राक्षसेन्द्रस्य भार्यात्वं नेच्छसेऽधमे।। ,"<verse>
प्रभूतद्रविणस्यापि रक्षेशस्य यशस्विनः ।
भार्यात्वं हि सदा मूढे कस्मात्त्वं नेह वाञ्छसि ॥
</verse>",False
" Then, by the order of Ravana, Prahastha set out immediately and departed from Lanka taking a se at in the chariot, surrounded by the great army. ", ततस्तंरथमास्थायरावणार्पितशासनः ।लङ्कायानिर्ययौतूर्णंबलेनमहतावृतः ।। ,"<verse>
ततो रावणवाक्येन प्रहस्तो निर्ययौ द्रुतम् ।
रथमारुह्य लङ्काया महत्या सेनया वृतः ॥
</verse>",False
" ""Those monkeys only know the supreme medicine available in the mountains. They have to get Sanjeevakarani and Visalyakarani known to Brahma."" ", हरयस्तुविजानन्तिपार्वतीस्तामहौषधीः ।सञ्जीवकरणींदिव्यांविशल्यांदेवनिर्मिताम् ।। ,"<verse>
केवलं वानरा ह्येतां विदुः शैलमहौषधीम् ।
सञ्जीवनीं विशल्यां च ब्रह्मज्ञातां समाहरेत् ॥
</verse>",False
" Having been blessed with long life and thinking, what can Indra do to me?, I attacked him.  ", दीर्घमायुर्मया प्राप्तं किं मे शक्रः करिष्यति।।इत्येवं बुद्धिमास्थाय रणे शक्रमधर्षयम्। ,"<verse>
लब्ध्वा तु विपुलं चायुः किं मे शक्रः करिष्यति ।
इति मत्वा सुरेन्द्रं तमहमभ्यद्रवं रणे ॥
</verse>",False
 The gods who happened to be present at that time on the mountain and the thousandeyed Indra were delighted by the gesture of golden Sunabha Mainaka mountain.  , देवताश्चाभवन् हृष्टास्तत्रस्थास्तस्य कर्मणा।काञ्चनस्य सुनाभस्य सहस्राक्षश्च वासवः।। ,"<verse>
तत्र देवाः समायाताः सहस्राक्षोऽपि वासवः ।
संनाभस्य गिरेश्चेष्टां दृष्ट्वा तुष्टिमुपागमन् ॥
</verse>",False
 Then in that battle the Rakshasas went on hurling thousands of missiles at the chiefs of Vanaras. , तत्रायुधसहस्राणितस्मिन्नायोधनेभृशम् ।राक्षसाःकपिमुख्येषुपातयांचक्रिरेतदा ।। ,"<verse>
ततस्तस्मिन् महायुद्धे हरिश्रेष्ठेषु राक्षसाः ।
मुमुचुः सायकांस्तूर्णं शस्त्राणि च सहस्रशः ॥
</verse>",False
" On hearing the voice in distress and recognising that it was similar to her husbands voice, Sita said to Lakshmana, Go and find out Ramas whereabouts. ", आर्तस्वरं तु तं भर्तुर्विज्ञाय सदृशं वने।उवाच लक्ष्मणं सीता गच्छ जीनीहि राघवम्।। ,"<verse>
भर्तुः स्वरसमं श्रुत्वा ह्यार्तनादं सविह्वला ।
उवाच लक्ष्मणं सीता गच्छ जानीहि राघवम् ॥
</verse>",False
"  On hearing these auspicious words of Sumantra, Bharata said Let Guha see me at once. ", एतत्तु वचनं श्रुत्वा सुमन्त्राद्भरत श्शुभम्।उवाच वचनं शीघ्रं गुहः पश्यतु मामिति।। ,"<verse>
सुमन्त्रस्य शुभं वाक्यं निशम्य भरतोऽब्रवीत्।
कामं पश्यतु मां शीघ्रं गुहो ज्ञातिभिरावृतः॥
</verse>",False
 When Ravanas younger brother spoke in that way Raghava instructed the army to attack the enemy. , रावणावरजेवाक्यमेवंब्रुवतिराघवः ।।शत्रूणांप्रतिघातार्थमिदंवचनमब्रवीत् । ,"<verse>
रावणावरजेनैवमुक्ते वाक्ये च राघवः ।
शत्रूणामभिघाताय सैन्यमादिष्टवान् तदा ॥
</verse>",False
" Raghava, who is knowledgeable of when to do what, motivated the army of Vanaras and Sugriva and ordered. ", सन्नह्यतुससुग्रीवःकपिराजबलंमहत् ।कालज्ञोराघवःकालेसंयुगायाभ्यचोदयत् ।। ,"<verse>
राघवः कालविद्धीमान् सुग्रीवं चाप्यचोदयत् ।
वानरानीकमुत्साह्य समादिदेश वीर्यवान् ॥
</verse>",False
 The sacrificial fireplace was constructed with bricks with standard measurement by brahmins who were experts in the art of measuring land with a string or single strand.  , इष्टकाश्च यथान्यायं कारिताश्च प्रमाणत:।चितोऽग्निर्ब्राह्मणैस्तत्र कुशलैश्शुल्बकर्मणि ।। ,"<verse>
इष्टकाश्च यथान्यायं विहिताश्च प्रमाणतः ।
चीयते च द्विजश्रेष्ठैः सूत्रकर्मविशारदैः ॥
</verse>",False
" ""In my opinion, your duty for me is to go and find out what Ravana is doing now, if you are firmly resolved."" ", मत्प्रियंयदिकर्तव्यंयदिबुद्धि: स्थिरातव ।ज्ञातुमिच्छामितंगत्वाकिंकरोतीतिरावणः ।। ,"<verse>
दृढनिश्चयवान् भूत्वा गत्वा जानीहि मे मते ।
रावणः किं करोतीह मत्कृते क्रियतां त्वया ॥
</verse>",False
  Bharata engulfed in profuse sorrow wept for a long time rolling on the ground and then said these words in reply to his mother , स रुदित्वा चिरं कालं भूमौ विपरिवृत्य च।जननीं प्रत्युवाचेदं शोकैर्बहुभिरावृतः।। ,"<verse>
भरतो भुवि शोकार्तो चिरं विलुलुठे रुदन् ।
ततः स मातरं दीनः प्रत्युवाचेदमुत्तरम् ॥
</verse>",False
 She reverently circumambulated that great and divine ascetic and stood not far away from Bharata with a sad heart. , तं प्रदक्षिणमागम्य भगवन्तं महामुनिम्।  अदूरार्भरतस्यैव तस्थौ दीनमनास्तदा।।  ,"<verse>
प्रदक्षिणं महात्मानं कृत्वा दिव्यं च तापसम् ।
भरतस्याविदूरे सा तस्थौ दीनमनास्तदा ॥
</verse>",False
" ""Even if you have grasped you have not understood the meaning or out of intensity of your ignorance. Or else I am bearing foolish ones like you who are not fit to be ministers. Out of good luck I am ruling this sovereignty."" ", गृहीतोवानविज्ञातोभारोऽज्ञानस्यवाह्यते ।ईदृशै: सचिवैर्युक्तोमूर्खैर्दिष्ट्यधराम्यहम् ।। ,"<verse>
गृहीतो वाप्यविज्ञातो मोहाद्वा नावबुध्यते ।
अमन्त्र्या मन्त्रिसंज्ञास्तु वोढा मूर्खा मयेदृशाः ॥
</verse>",False
" She is an illustrious lady. She is goodlooking with her long hair, wellshaped nose and things. She appears to be the presiding deity of the forest, another goddess of wealth Laxmi. ", सा सुकेशी सुनासोरुस्सुरूपा च यशस्विनी।देवतेव वनस्यास्य राजते श्रीरिवापरा।। ,"<verse>
सुकेशी संहतोरूश्च सुनसा च यशस्विनी ।
देवतेव वनस्यास्य लक्ष्मीः साक्षादिवापरा ॥
</verse>",False
" I was thinking, tormented with hunger, my son who always keeps me happy told me exactly what had happened ", स मामाहारसंरोधात्पीडितं प्रीतिवर्धनः।अनुमान्य यथातत्त्वमिदं वचनमब्रवीत्।। ,"<verse>
क्षुधापीडितचित्तेन मया संचिन्तिते सति ।
सदा मां नन्दयन् सूनुर्यथावृत्तं न्यवेदयत् ॥
</verse>",False
" ""Then the demons bound me with ropes and brought me to Ravana. ", रज्जुभिश्चाभिबध्नन्ति ततो मां तत्र राक्षसाः।।रावणस्य समीपं च गृहीत्वा मामुपानयन्। ,"<verse>
ततो मां रज्जुभिर्घोरैर्बद्ध्वा ते राक्षसास्तदा ।
समीपं रावणस्याथ निन्युस्ते त्वरितं मुदा ॥
</verse>",False
" On seeing different kinds of trees and tanks, the lovestriken Rama visited that great lake. ", स रामो विविधान्वृक्षान्सरांसि विविधानि च।।पश्यन्कामाभिसन्तप्तो जगाम परमं ह्रदम्। ,"<verse>
नानाविधान् द्रुमान् दृष्ट्वा सरांसि विविधानि च ।
रामः कामाभिसन्तप्तो जगाम तन्महत्सरः ॥
</verse>",False
" ""O Sita! God like lady! Mighty Rama will soon release your single plait hanging up to hind part for many months before."" ", अचिरान्मोक्ष्यतेसीते देवितेजघनंगताम् ।धृतामेताम्बहून्मासान्वेणींरामोमहाबलः ।। ,"<verse>
यामिमां बहुमासोत्थां वेणीं पृष्ठमनुस्थिताम् ।
मोक्षयिष्यति ते रामः क्षिप्रं देवि महाबलः ॥
</verse>",False
" ""You with your admirable prowess have reduced this ocean which is an abode of crocodiles stretching over a hundred yojanas to a cows hoof mark. ", शतयोजनविस्तीर्ण स्सागरो मकरालयः।विक्रमश्लाघनीयेन क्रमता गोष्पदीकृतः।। ,"<verse>
शतयोजनविस्तीर्णो नक्रावासोऽयमर्णवः ।
त्वया श्लाघ्येन वीर्येण गोष्पदीकृत एव च ॥
</verse>",False
" After crossing a distance of over half a yojana on the southern bank of Sarayu, Viswamitra addressed Rama sweet in a gentle voice. ", अध्यर्धयोजनं गत्वा सरय्वा दक्षिणे तटे।रामेति मधुरां वाणीं विश्वामित्रोऽभ्यभाषत।।  ,"<verse>
अध्यर्धयोजनं गत्वा सरय्वा दक्षिणे तटे ।
रामेति मधुरां वाणीं विश्वामित्रोऽभ्यभाषत ॥
</verse>",False
" All sons of Ravana are capable of coursing through the sky, experts in conjuring tricks, capable of crushing the pride of Devatas and all, are fierce in fighting. ", अन्तरिक्षगतास्सर्वेसर्वेमायाविशारदाः ।सर्वेत्रिदशदर्पघ्नास्सर्वे च रणदुर्जयाः ।। ,"<verse>
सर्वे ह्युत्पतनज्ञाश्च सर्वे मायाविशारदाः ।
सर्वे देवमदघ्नाश्च सर्वे सङ्ग्रामकर्कशाः ॥
</verse>",False
" After coronating the rakshasa chief Vibhishana in the city of Lanka, Rama free from distress, exceedingly rejoiced after having accomplished his objective.  ", अभिषिच्य च लङ्कायां राक्षसेन्द्रं विभीषणम् ।कृतकृत्यस्तदा रामो विज्वर: प्रमुमोद ह ।।  ,"<verse>
अभिषिच्य च लङ्कायां राक्षसेन्द्रं विभीषणम् ।
कृतकृत्यस्तदा रामो विज्वरः प्रमुमोद ह ॥
</verse>",False
" As the monkeys attempted to kill him Saardula, compassionate Rama released him and also the other Rakshasas. ", मोचितस्सोऽपिरामेणवध्यमानःप्लवङ्गमैः ।अनृशंस्येनरामेणमोचिताराक्षसाःपरे ।। ,"<verse>
वध्यमानं कपिश्रेष्ठैः शार्दूलं रघुनन्दनः ।
दयालुर्मोचयामास रक्षसांश्चापरानपि ॥
</verse>",False
" ""Raghava, let you be consecrated in the afternoon and the world will see you dazzling in brilliance like the sun today."" ", जगदद्याभिषिक्तंत्वामनुपश्यतुराघव ।प्रतपन्तमिवादित्यंमध्याह्नेदीप्ततेजसम् ।। ,"<verse>
अभिषिञ्चस्व काकुत्स्थ अपराह्णेऽद्य राघव ।
सूर्यवत्तेजसा दीप्तं द्रक्ष्यति त्वां जनोऽखिलः ॥
</verse>",False
" ""Now, let your head severed by my shafts lying in dust in the battlefield with the shining earrings be dragged by the carnivorous animals."" ", अद्यतेमच्छरैश्चिन्नंशिरोज्वलितकुण्डलम् ।क्रव्यादाव्यपकर्षन्तुविकीर्णंरणपांसुषु ।। ,"<verse>
अद्य ते मच्चरैश्छिन्नं शिरो ज्वलितकुण्डलम् ।
क्रव्यादाः पांसुसंलग्नं विकर्षन्तु रणाजिरे ॥
</verse>",False
" Gratified by Mahendras words, Raghava was very happy and pleased, submitting to him as follows. ", एवमुक्तोमहेन्द्रेणप्रसन्नेनमहात्मना ।सुप्रसन्नमनाहृष्टोवचनंप्राहराघवः ।। ,"<verse>
महेन्द्रवचनात्प्रीतः प्रत्युवाच पुरन्दरम् ।
राघवः परमप्रीतः प्राञ्जलिर्वाक्यमब्रवीत् ॥
</verse>",False
"  When shall I see Rama with his lotushued face, his beautiful locks of hair, breath of lotus fragrance and eyes like blue lotus?  ", पद्मवर्णं सुकेशान्तं पद्मनिश्श्वासमुत्तमम्।कदा द्रक्ष्यामि रामस्य वदनं पुष्करेक्षणम्।। ,"<verse>
पद्मवर्णं सुकेशान्तं पद्मगन्धिमुखानिलम् ।
नीलोत्पलदलाक्षं तं कदा रामं विलोकये ॥
</verse>",False
" ""Though the southern quarter is difficult to assail for the world of mortals, Agastya, a realized sage, has won by the power of his austerity. In the same way I have won you."" ", निर्जिताजीवलोकस्यतपसाभावितात्मना ।अगस्त्येनदुराधर्षामुनिनादक्षिणेवधिक् ।। ,"<verse>
मर्त्यलोकदुराधर्षा दक्षिणा तपसा जिता ।
यथागस्त्येन सिद्धेन तथा त्वं निर्जिता मया ॥
</verse>",False
" ""Ravanas son, Indrajith struck Sita, who was crying in front of us looking at us while we were fighting in war."" ", समरेयुध्यमानानामस्माकंप्रेक्षतांपुरः ।जघानरुदतींसीतामिन्द्रजिद्रावणात्मजः ।। ,"<verse>
युध्यतां नः पुरः सीतां रुदतीं नः प्रपश्यतीम् ।
इन्द्रजिद्रावणिः क्रोधाज्जघान समरे तदा ॥
</verse>",False
" ""O Mahaparsva I have certain secret that happened in the past. It was a long time ago and I shall tell you. Listen to it."" ", महापार्श्वनिबोधत्वंरहस्यंकिञ्चिदात्मन: ।चिरवृत्तंतदाख्यास्येयदवाप्तंपुरामया ।। ,"<verse>
रहस्यं च परं गुह्यं शृणु मे त्वं महापार्श्व।
चिरवृत्तं तदाख्यास्ये यदवाप्तं मया पुरा॥
</verse>",False
" Being great leaders and the important among them fallen, the Vanaras went in thousands towards Kumbhakarna. ", तेषुवानरमुख्येषुपातितेषुमहात्मसु ।वानराणांसहस्राणिकुम्बकर्णंप्रदद्रुवुः ।। ,"<verse>
महत्सु तेषु मुख्येषु पतितेषु च वानराः ।
कुम्भकर्णमुपासाद्य प्रययुस्ते सहस्रशः ॥
</verse>",False
" I will roam about the river Godavari, Janasthana and this mount Prasravana till I find Sita. ", गोदावरीं जनस्थानमिमं प्रस्रवणं गिरिम्।।सर्वाण्यनुगमिष्यामि यदि सीता हि दृश्यते। ,"<verse>
गोदावरीं जनस्थानमिमं प्रस्रवणं गिरिम् ।
यावत्सीतां न विन्देऽहं चरिष्यामि समन्ततः ॥
</verse>",False
 Then the mighty Hanuman and other vanaras having assembled on the summit of mountain Mahendra and felt vey much happy. , ततस्तस्य गिरेः शृङ्गे महेन्द्रस्य महाबलाः।हनुमत्प्रमुखाः प्रीतिं हरयो जग्मुरुत्तमाम्।। ,"<verse>
महेन्द्रस्य गिरिश्रेष्ठे समेताः कपिपुङ्गवाः ।
महावीर्यो हनूमांश्च परं हर्षमुपागमन् ॥
</verse>",False
" Spoken in that manner by Vaidehi, Lakshmana, the destroyer of enemies, overcome with indignation looked at Raghava. ", एवमुक्तस्तुवैदेह्यालक्ष्मणःपरवीरहा ।अमर्षवशमापन्नोराघवंसमुदैक्षत ।। ,"<verse>
एवमुक्तस्तु वैदेह्या लक्ष्मणः शत्रुसूदनः ।
अमर्षवशमायातो राघवं प्रत्यवैक्षत ॥
</verse>",False
" ""Even a newcomer, however ordinary, deserves worship by a wise man who wishes to educate himself in the path of righteousness. Needless to say that distinguished guest like you deserves all reverence. ", अतिथिः किल पूजार्हः प्राकृतोऽपि विजानता।धर्मं जिज्ञासमानेन किं पुनस्त्वादृशो महान्।। ,"<verse>
प्राकृतोऽपि जनो मान्यो धर्मकामेन धीमता ।
किमु त्वयि महाभागे भवादृशे गुणान्विते ॥
</verse>",False
" O Lakshmana, just see, I will fill the sky with all my weapons and arrows and make all movements impossible in the three worlds. ", ममास्त्रबाणसम्पूर्णमाकाशं पश्य लक्ष्मण।।निस्सम्पातं करिष्यामि ह्यद्य त्रैलोक्यचारिणाम्। ,"<verse>
पश्य लक्ष्मण बाणौघैः सम्पूरितनभस्तलम् ।
असंपातं करिष्यामि त्रैलोक्यं सचराचरम् ॥
</verse>",False
"  When the king reproaches you for not stopping the chariot, you can say I could not hear.Prolonging agony is sinful, said Rama to Sumantra.  ", नाश्रौषमिति राजानमुपालब्धोऽपि वक्ष्यसि। चिरं दुःखस्य पापिष्ठमिति रामस्तमब्रवीत्।। ,"<verse>
न श्रुतं चेति राजानमुपालब्धोऽपि वक्ष्यसि ।
चिरं दुःखस्य पापीय इति सूतं स राघवः ॥
</verse>",False
" Indeed, it is strange that you do not see me holding a mace and standing here like an unshakeable mountain which contains minerals and supports the earth. ", न तु मामिह तिष्ठन्तं पश्यसि त्वं गदाधरम्।धराधरमिवाकम्प्यं पर्वतं धातुभिश्चितम्।। ,"<verse>
गदापाणिं स्थितं चात्र सधातुं धरणीधरम् ।
अचलं पर्वतं चैव चित्रं मां न प्रपश्यसि ॥
</verse>",False
" Hanuman, son of the Windgod having narrated in detail all that had happened again started disclosing further details ",   एतदाख्याय तत्सर्वं हनुमान्मारुतात्मजः।भूयस्समुपचक्राम वचनं वक्तुमुत्तरम्।। ,"<verse>
एवमाख्याय तत्सर्वं हनूमान् मारुतात्मजः ।
भूयः समुपचक्राम वचनं वक्तुमुत्तरम् ॥
</verse>",False
" ""Then the high souled Brahma happened to know about that incident, I believe. Enraged Brahma made this statement to me."" ", तच्चतस्यतदामन्येज्ञातमासीन्महात्मनः ।अथसङ्कुपितोदेवोमामिदंवाक्यमब्रवीत् ।। ,"<verse>
तद्बुद्ध्वा स महात्मा तु ब्रह्मा मन्ये महातपाः ।
क्रुद्धो मामब्रवीद्वाक्यमिदं लोकपितामहः ॥
</verse>",False
"  Seeing the beasts on the way rushing to the right the tiger among men, enquired of Vasishta ", भौमाश्चैव मृगा स्सर्वे गच्छन्ति स्म प्रदक्षिणम्।।तान् दृष्ट्वा राजशार्दूलो वसिष्ठं पर्यपृच्छत।  ,"<verse>
प्रदक्षिणान् मृगान् मार्गे दृष्ट्वा वै सम्प्रधावतः ।
ततो वै नरशार्दूलो वसिष्ठं पर्यपृच्छत ॥
</verse>",False
"  By receiving Rama, son of Dasaratha, as her husband, my daughter Sita will bring glory to my dynasty.  ", जनकानां कुले कीर्तिमाहरिष्यति मे सुता।सीता भर्तारमासाद्य रामं दशरथात्मजम्।।  ,"<verse>
प्राप्य दाशरथिं रामं पतिं सीता ममात्मजा ।
मम वंशे यशः स्फीतं सा विधास्यति नित्यशः ॥
</verse>",False
" ""When my son Indrajith was killed by Lakshmana I was in intense grief. Now you have fallen."" ", यदातेतनयश्शस्तोलक्ष्मणेनेन्द्रजिद्युधि ।।तदात्वभिहतातीव्रमद्यत्वस्मिनिपातिता । ,"<verse>
हते ममेन्द्रजित्पुत्रे लक्ष्मणेन भृशार्दितः ।
अद्य त्वमपि संग्रामे पतितोऽसि महीतले ॥
</verse>",False
" The leader of the monkeys having spoken in that manner, Ravana the ruler of night rangers was overtaken by fury. ", इत्येवंपरुषंवाक्यंब्रुवाणेहरिपुङ्गवे ।अमर्षवशमापन्नोनिशाचरगणेश्वरः ।। ,"<verse>
इत्युक्तः कपिराजेन निशाचरपतिर्बली ।
ततः स रावणो राजा क्रोधस्य वशमागमत् ॥
</verse>",False
  , काममेषामिदं कार्यं विदितं मम तत्त्वतः।तथापि तु यथातत्त्वमाज्ञापयितुमर्हसि।। ,"<verse>
वागर्थाविव सम्पृक्तौ वागर्थप्रतिपत्तये ।
जगतः पितरौ वन्दे पार्वतीपरमेश्वरौ ॥
</verse>",False
 I take leave of all of you. I am going to Nandigrama where I shall keep company with grief on account of Ramas absence. , नन्दिग्रामं गमिष्यामि सर्वानामन्त्रयेऽद्य वः।तत्र दुःखमिदं सर्वं सहिष्ये राघवं विना।। ,"<verse>
आपृच्छेऽहं भवन्तश्च नन्दिग्रामं प्रयामहम् ।
तत्र दुःखं सहिष्येऽहं रामव्यसनसम्भवम् ॥
</verse>",False
" ""Dear Raghava! In my opinion also depending on desire and context, following dharma or adharma is proper. You have severed the roots of dharma by giving up the kingdom."" ", ममचेदंमतंतातधरोऽयमितिराघव ।धर्ममूलंत्वयाछिन्नंराज्यमुत्सृजतातदा ।। ,"<verse>
कामकालानुरोधेन धर्मोऽधर्मो मतो मम ।
त्यक्त्वा राज्यं त्वया मूलाच्छिन्नो धर्मो हि राघव ॥
</verse>",False
 Maybe she has gone to take a dip in the river full of reeds and fishes  Or has hidden somewhere for the sake of fun. , सरितं वापि सम्प्राप्ता मीनवञ्जुलसेविताम्।स्नातुकामा निलीना स्याद्धासकामा वने क्वचित्।। ,"<verse>
मत्स्यवेतससङ्कीर्णां नदीं स्नातुं गता नु सा ।
परिहासेन वा क्वापि निलीना वर्तते नु किम् ॥
</verse>",False
 These trees with their beautiful leaves and varieties of flowers bring me agony as I live in this forest separated from my beloved. , अमी हि विविधैः पुष्पैस्तरवो रुचिरच्छदाः। काननेऽऽस्मिन्विना कान्तां चिन्तामुत्पादयन्ति मे।। ,"<verse>
चारुच्छदा द्रुमा ह्येते विचित्रकुसुमैर्युताः ।
कान्ताविरहदूनेऽस्मिन् वने कुर्वन्ति मे व्यथाम् ॥
</verse>",False
" Mighty Rama, who is extremely difficult to win over, went with full conviction followed by Lakshmana and surrounded by vanara troops. ", स वानरगणैस्तैस्तुवृतःपरमदुर्जयः ।लक्ष्मणानुचरोरामस्सम्प्रतस्थेमहाबलः ।। ,"<verse>
दुराधर्षो महावीरो रामो लक्ष्मणसंयुतः ।
वानरानीकसंवीतो जगाम दृढनिश्चयः ॥
</verse>",False
  , अथ दीर्घस्य कालस्य बिलात्तस्माद्विनिस्सृतम्।सफेनं रुधिरं रक्तमहं दृष्ट्वा सुदुःखितः।। ,"<verse>
वागर्थाविव संपृक्तौ वागर्थप्रतिपत्तये ।
जगतः पितरौ वन्दे पार्वतीपरमेश्वरौ ॥
</verse>",False
" There, the battlefield was filled with mountain like forms of Rakshasas drunk with the pride of warfare, lying scattered all over. ", विकीर्णैःपर्वताकारैरक्षोभिररिमर्दनैः ।।आसीद्वसुमतीपूर्णातदायुद्धमदान्वितैः । ,"<verse>
रणे तत्र विकीर्णैश्च राक्षसैः पर्वतोपमैः ।
सङ्ग्रामे तु मदोन्मत्तैः संकीर्णा युधि मेदिनी ॥
</verse>",False
" The faultless king Dasaratha, with the assistance of such ministers endowed with virtues, ruled the earth. ", ईदृशैस्तैरमात्यैस्तु राजा दशरथोऽनघ: ।उपपन्नो गुणोपेतैरन्वशासद्वसुन्धराम् ।। ,"<verse>
स तैर्गुणवतां श्रेष्ठैर्मन्त्रिभिः सहितो नृपः ।
शशास पृथिवीं राजा धीमान् दशरथोऽनघः ॥
</verse>",False
" Crushed by the powerful Hanuman, that prosperous mountain with its trees standing and tall peaks sank into the underworld. ", स च भूमिधरः श्रीमान्बलिना तेन पीडितः।।सवृक्षशिखरोदग्रः प्रविवेश रसातलम्। ,"<verse>
हनूमता बलिष्ठेन स श्रीमान् पीडितो गिरिः ।
स्थितद्रुमो महाकूटः पातालं प्रविवेश ह ॥
</verse>",False
" The Rakshasa king, the night ranger, became highly furious and once again discharged the most terrific missile presided over by Rakshasas. ", अस्त्रंतुपरमंघोरंराक्षसंराक्षसाधिपः ।ससर्जपरमक्रुद्धःपुनरेवनिशाचरः ।। ,"<verse>
स क्रुद्धो राक्षसो राजा पुनरेव निशाचरः ।
मुमोच सुमहाघोरमस्त्रं राक्षसदैवतम् ॥
</verse>",False
 When Kumbhakarna had spoken that way the Rakshasas made noise that was like the sound of an agitated ocean. , एवंतस्यब्रुवाणस्यकुम्भकर्णस्यराक्षसाः ।नादंचक्रुर्महाघोरंकम्पयन्तइवार्णवम् ।। ,"<verse>
तथा वदति दैत्येन्द्रे कुम्भकर्णे निशाचराः ।
तदा चक्रुर्महानादं क्षुब्धस्येव महोदधेः ॥
</verse>",False
" ""O king why has this protector of the garden come here? Why is he sad? What is he narrating, asked Lakshmana. ", किमयं वानरो राजन् वनपः प्रत्युपस्थितः।कं चार्थमभिनिर्दिश्य दुःखितो वाक्यमब्रवीत्।। ,"<verse>
किमर्थं वनपालोऽयं प्राप्तो राजन् विषण्णधीः ।
किं वदत्येष वृत्तान्तमित्यपृच्छच्च लक्ष्मणः ॥
</verse>",False
" Hiding and waiting there, following the sounds of animals I killed two animals that had reached the bank of the river. ", तत्राहं संवृतं वन्यं हतवांस्तीरमागतम्।अन्यं चापि मृगं हिंस्रं शब्दं श्रुत्वाऽभ्युपागतम्।। ,"<verse>
तत्र लीनः प्रतीक्षंश्च मृगनादानुसारतः।
नदीतीरं समायातौ मृगौ द्वौ निहतौ मया॥
</verse>",False
 Gandharvas have intense passion. Serpents show violent anger. Deer have great fear. And we vultures have great hunger. , तीक्ष्णकामास्तु गन्धर्वास्तीक्ष्णकोपा भुजङ्गमाः।मृगाणां तु भयं तीक्ष्णं ततस्तीक्ष्णक्षुधा वयम्।। ,"<verse>
गन्धर्वाणां रतिस्तीव्रा सर्पाणां तीव्रकोपता।
मृगाणां च भयं तीव्रं वयं गृध्राः क्षुधार्दिताः॥
</verse>",False
" On hearing these words, they arose in haste and immediately brought five hundred boats from every direction in accordance with the command of their king Guha. ", ते तथोक्ता स्समुत्थाय त्वरिता राजशासनात्।पञ्चनावां शतान्याशु समानिन्युस्समन्ततः।। ,"<verse>
श्रुत्वा तु नृपतेर्वाक्यं त्वरिताः सर्वतो दिशम् ।
पञ्च नावां शतान्येव समानीयोपतस्थिरे ॥
</verse>",False
" That garden looked ugly with uprooted trees, breached ponds and powdered mountain peaks. ", तद्वनं मथितैर्वृक्षैर्भिन्नैश्च सलिलाशयैः।चूर्णितैः पर्वताग्रैश्च बभूवाप्रियदर्शनम्।। ,"<verse>
उत्खातद्रुमसङ्कीर्णं भिन्नवापीजलाशयम् ।
चूर्णिताद्रिशिरोयुक्तं तदुद्यानमशोभनम् ॥
</verse>",False
" Lakshmana who could destroy foes, recovering from unconsciousness, relieved of wounds again remembered himself to be part of Vishnu of immeasurable power. ", आश्वस्तश्चनिशल्यश्चलक्ष्मणश्शत्रुसूदनः ।।विष्णोर्भागममीमांस्यमात्मानंप्रत्यनुस्मरन् । ,"<verse>
लब्धसंज्ञो विशल्यात्मा लक्ष्मणः शत्रुसूदनः ।
स्मृत्वात्मानममेयौजा विष्णोरंशमनामयम् ॥
</verse>",False
" The dwellers of the Tataka forest were terrified by the sound of the bow. Tataka, was might angry and amazed. ", तेन शब्देन वित्रस्तास्ताटकावनवासिन:।ताटका च सुसंक्रुद्धा तेन शब्देन मोहिता।। ,"<verse>
धनुःशब्देन संत्रस्तास्ताटकावनवासिनः ।
ताटका च महाक्रुद्धा विस्मयं परमा गता ॥
</verse>",False
"  Thereafter, Rama and Lakshmana also boarded that chariot decorated with gold and  shining like blazing fire.  ", अथो ज्वलनसङ्काशं चामीकरविभूषितम्। तमारुरुहतुस्तूर्णं भ्रातरौ रामलक्ष्मणौ।। ,"<verse>
ज्वलत्पावकसङ्काशं रथं हेमविभूषितम् ।
तमारुरुहतुः शीघ्रं तदा तौ रामलक्ष्मणौ ॥
</verse>",False
" Janakas daughter of beautiful limbs and dark eyes, seeing her husband and Lakshmana, both powerful ones rolling, roared aloud. ", भर्तारमनवद्याङ्गीलक्ष्मणंचासितेक्षणा ।प्रेक्ष्यपांसुषुचेष्टन्तौरुरोदजनकात्मजा ।। ,"<verse>
चेष्टमानौ महावीर्यौ दृष्ट्वा पतिं सलक्ष्मणम् ।
जनकजा वरारोहा चुक्रोश चासितेक्षणा ॥
</verse>",False
" How shall I, born to Dasaratha of noble race and righteous deeds, with the knowledge of dharma, do such a reprehensible and unrighteous deed?   ", कथं दशरथा ज्जात श्शुद्धाभिजनकर्मणः।जानन् धर्ममधर्मिष्ठं कुर्यां कर्म जुगुप्सितम्।। ,"<verse>
कुले महति जातोऽहं दशरथस्य धीमतः ।
अधर्म्यं च कथं कुर्यां धर्मज्ञः सन् विगर्हितम् ॥
</verse>",False
" Seeing the boat on the river bank and intending to cross the swiftly flowing Ganga, Rama, descendant of the Iksvakus said to Lakshmana ", स तु दृष्ट्वा नदीतीरे नावमिक्ष्वाकुनन्दनः।तितीर्षुः शीघ्रगां गङ्गामिदं लक्ष्मणमब्रवीत्।। ,"<verse>
तीरस्थां नौं समालोक्य गङ्गां शीघ्रजवां नदीम् ।
तितीर्षुर्लक्ष्मणं प्राह रामो हीक्ष्वाकुनन्दनः ॥
</verse>",False
" ""O distinguished vanara your father, the Windgod threw me down into this saltwater sea. Thus my wings were protected. ", अस्मिन्लवणतोये च प्रक्षिप्तः प्लवगोत्तम।गुप्तपक्षसमग्रश्च तव पित्राभिरक्षितः।। ,"<verse>
ते पित्रा मारुतेनाहं लवणेऽम्भसि पातितः ।
पक्षा मे रक्षिता ह्येवं कपिश्रेष्ठ महामते ॥
</verse>",False
" Thus said Vasishta. Mighty Viswamitra lifted up agneya astra shaft of fire and discharging it said, stay, stay. ", एवमुक्तो वसिष्ठेन विश्वामित्रो महाबल:।आग्नेयमस्त्रमुत्क्षिप्य तिष्ठ तिष्ठेति चाब्रवीत्।। ,"<verse>
एवमुक्तो वसिष्ठेन विश्वामित्रो महाबलः।
आग्नेयमस्त्रमुद्यम्य तिष्ठ तिष्ठेति चाब्रवीत्॥
</verse>",False
" ""My tail was burning but I was not burnt by fire. There was joy in my heart. The wind carried sweet fragrance. ", दीप्यमाने तु लाङ्गूले न मां दहति पावकः।हृदयं च प्रहृष्टं मे वातास्सुरभिगन्धिनः।। ,"<verse>
ज्वलत्यपि च लाङ्गूले नादहन्मां हुताशनः।
हृदि मे प्रमदो जातः सुगन्धं वाति मारुतः॥
</verse>",False
" If my command prevails today, Rama may be brought back. Without Rama I cannot live for a moment even.  ", यद्यद्यापि ममैवाज्ञा निवर्तयतु राघवम्।न शक्ष्यामि विना रामं मुहूर्तमपि जीवितुम्।। ,"<verse>
यदि मे शासनं चाद्य रामः प्रतिनिवर्त्यताम् ।
न हि रामेण सन्त्यक्तो जीवेयं क्षणमप्युत ॥
</verse>",False
" Then those highly pleased brahmins, having distributed that wealth with equity, again said to the king.  ", ततस्ते न्यायत: कृत्वा प्रविभागं द्विजोत्तमा:।सुप्रीतमनसस्सर्वे प्रत्यूचुर्मुदिता भृशम्।। ,"<verse>
ततस्ते ब्राह्मणाः प्रीता विभज्य तद् धनं समम् ।
भूयो राजानमाभाष्य ततो वचनमब्रुवन् ॥
</verse>",False
" But permit me, Devi, you have already stated, when a kshatriya holds a bow there will be no cry of distress. it means you approve of my holding a bow ", किन्तु वक्ष्याम्यहं देवि त्वयैवोक्तमिदं वचः।क्षत्रियैर्धार्यते चापो नार्तशब्दो भवेदिति।। ,"<verse>
क्षत्रियेण धृते चापे नार्तशब्दो भवेदिति ।
देवि त्वयोदितं पूर्वं मामनुज्ञातुमर्हसि ॥
</verse>",False
" ""Or else, I shall carry him across the sea and put him before Rama like a bull as if he is a sacrificial prey to lord Siva."" ", अथवैनं समुत्क्षिप्य उपर्युपरि सागरम्।।रामायोपहरिष्यामि पशुं पशुपतेरिव। ,"<verse>
समुद्रं तारयित्वा वा रावणं राघवाय च ।
उपहारं करिष्यामि पशुं पशुपतेरिव ॥
</verse>",False
" Thereupon, Kumbhakarna endowed with terrific valour like God of Death hurled towards Rama a mountain peak whirling it round which split. ", अथशृङ्गंसमाविध्यभीमंभीमपराक्रमः ।चिक्षेपराममुद्धिश्यबलवानन्तकोपमः ।। ,"<verse>
ततः शैलशिखां घोरां कुम्भकर्णो यमोपमः ।
भ्रामयित्वा रणे रामे चिक्षेपाशु व्यशीर्यत ॥
</verse>",False
" Commanded by the ministers, the monkeys who looked like fierce mountains, elephants and clouds that caused horripilation, left the place at once.  ", ततस्सचिवसन्दिष्टा हरयो रोमहर्षणाः।गिरिकुञ्जर मेघाभा नगर्या निर्ययुस्तदा।। ,"<verse>
मन्त्रिभिः प्रेरिताः शीघ्रं हरयो रोमहर्षणाः ।
भीमाद्रिद्विपमेघाभास्ततः स्थानात्प्रतस्थिरे ॥
</verse>",False
" The ascetics have duly offered oblations to the fire in Agnihotra sacrifices and the smoke, tawny like the pigeons body, emanates wafted by the wind.  ", ऋषीणामग्निहोत्रेषु हुतेषु विधिपूर्वकम्।कपोताङ्गारुणो धूमो दृश्यते पवनोद्धतः।। ,"<verse>
अग्निहोत्रे मुनीन्द्राणां हुते विधिवदग्नये ।
धूमः कपोतवर्णाभः पवनेन विसर्पति ॥
</verse>",False
" Soldiers, anointing their bodies with pastes of sandal and aloe wood, equipped with armour and holding swords and bows, went ahead heralding his Ramas arrival.  ", अग्रतश्चास्य सन्नद्धाश्चन्दनागरुभूषिताः।।खड्गचापधराश्शूरा जग्मुराशंसवो जनाः। ,"<verse>
चन्दनागुरुदिग्धाङ्गाः सन्नद्धाः खड्गधन्विनः ।
रामागमनमाख्यान्तः प्रययुः पुरतो भटाः ॥
</verse>",False
" When Ganga approaches this river Sarayu, there is a clash of waters and this great noise is produced. Rama, offer respectful salutations here, with a calm mind"". ", तस्यायमतुलश्शब्दो जाह्नवीमभिवर्तते।वारिसङ्क्षोभजो राम प्रणामं नियत:कुरु।।  ,"<verse>
सरयूं प्राप्य गङ्गायाः सङ्गमे जायते महान् ।
वारिसङ्क्षोभजो नादो राम प्रणम शान्तधीः ॥
</verse>",False
 Earlier the gardens used to reverberate with passionate songs of birdsplaces appropriate for lovers seeking pleasures. ," ﻿उद्यानानि पुरा भान्ति मत्तप्रमुदितानि च।।

जनानां रतिसंयोगेष्वत्यन्तगुणवन्ति च।
  ","<verse>
पुरा मत्तखगारावैर्नादितानि वनानि च ।
कामिनां रतिलुब्धानां योग्यानि सुखदानि च ॥
</verse>",False
" Hanuman, endowed with great equanimity, facing the east and joining his palms by way of salutaion to the Windgod, his father, he enlarged his size and turned south in order to depart. "," अञ्जलिं प्राङ्मुखः कुर्वन् पवनायात्मयोनये।

ततो हि ववृधे गन्तुं दक्षिणो दक्षिणां दिशम्।।
  ","<verse>
प्राङ्मुखः सुमहाधीमान् तातं वायुं कृताञ्जलिः ।
विवर्ध्य च स्वकं कायं यियासुर्दक्षिणामुखः ॥
</verse>",False
" Rama of mighty prowess having heard everything from Vibheeshana, examining in his mind, spoke. ", विभीषणवच: श्रुत्वारामोदृढपराक्रमः ।अन्वीक्ष्यमनसासर्वमिदंवचनमब्रवीत् ।। ,"<verse>
सर्वं विभीषणाच्छ्रुत्वा विमृश्य मनसाऽब्रवीत् ।
रामो महाबलः श्रीमान् महावीर्यो महाद्युतिः ॥
</verse>",False
" Hero Indrajith, who is difficult to conquer in battle, killed the Vanaras with sun like arrows decorated with gold. ", स शरैस्सूर्यसङ्काशैश्शातकुम्भविभूषितैः ।वानरान् समरेवीरःप्रममाथसुदुर्जयः ।। ,"<verse>
समरे दुर्जयो वीर इन्द्रजिद्धेमभूषितैः ।
सायकैः सूर्यसंकाशैर्जघान वानरान् बली ॥
</verse>",False
" LIstening to Vaidehis words the ogresses divided themselves and fled in all directions. While some stood there, others went to report to Ravana. ", वैदेह्या वचनं श्रुत्वा राक्षस्यो विद्रुता दिशः।स्थिताः काश्चिद्गताः काश्चिद्रावणाय निवेदितुम्।। ,"<verse>
वैदेह्या वचनं श्रुत्वा राक्षस्यो विप्रधाविताः ।
काश्चित् तत्र स्थिताः काश्चिद् रावणाय न्यवेदयन् ॥
</verse>",False
 O blameless lady you should give me that which he would be glad to recognise as a token. , यत्तु रामो विजानीयादभिज्ञानमनिन्दिते।।प्रीतिसञ्जननं तस्य प्रदातुं त्वमिहार्हसि। ,"<verse>
अभिज्ञानं च यद्देयं दातुमर्हस्यनिन्दिते ।
यत्तु दृष्ट्वा सुखं रामो जानीयात्प्रीतमानसः ॥
</verse>",False
" Garuda is very powerful, swift, and famous. I have seen him snatching serpents from the ocean many times. ", बहुशो हि मया दृष्टः सागरे स महाबलः।भुजङ्गानुद्धरन्पक्षी महावेगो महायशाः।। ,"<verse>
महाबलो महावेगो गरुडः प्रथितो भुवि ।
समुद्रादुद्धरन् नागान् दृष्टोऽसौ बहुशो मया ॥
</verse>",False
" ""O Descendant of Ikshvakus, O child, welcome. I know you as highly righteous. O eminent among kings fear not. I offer you refuge. ", ऐक्ष्वाक स्वागतं वत्स जानामि त्वां सुधार्मिकम् ।शरणं ते भविष्यामि मा भैषीर्नृपपुङ्गव।। ,"<verse>
स्वागतं वत्स काकुत्स्थ जानामि त्वां सुधार्मिकम् ।
मा भैषीर्नृपशार्दूल ददामि शरणं तव ॥
</verse>",False
" O Rama, lord among men, you hadnt it lust for other women in the past. You havnt it now. Never does it exist even in your mind. ", तव नास्ति मनुष्येन्द्र न चाभूत्ते कदाचन।।मनस्यपि तथा राम न चैतद्विद्यते क्वचित्। ,"<verse>
परदाराभिमर्शस्तु न चास्ति न च तेऽभवत् ।
न चाभूत्ते कदाचित् सा मनस्यपि नराधिप ॥
</verse>",False
" I think the Sun, the wind  and the famed earth have done me a favour by preserving these flowers. ", मन्ये सूर्यश्च वायुश्च मेदिनी च यशस्विनी।।अभिरक्षन्ति पुष्पाणि प्रकुर्वन्तो मम प्रियम्। ,"<verse>
सूर्यो वायुश्च विख्याता पृथ्वी च मय्यनुग्रहम् ।
पुष्पाणीमानि संपाल्य चक्रुरिति मतिर्मम ॥
</verse>",False
" ""At the time of marriage, this jewel was presented by my fatherinlaw. Vaidehi wore it on her forehead and it looked charming. "," मणिरत्नमिदं दत्तं वैदेह्याश्श्वशुरेण मे।

वधूकाले यथाबद्धमधिकं मूर्ध्नि शोभते।।
  ","<verse>
मणिरत्नमिदं दत्तं वैदेह्याः श्वशुरेण मे ।
वधूकाले यथा बद्धमधिकं मूर्ध्नि शोभते ॥
</verse>",False
" After some time, four sons, Havishyanda, Madhushyanda, Drudhanetra and Maharatha, who later wer wedded to truth and duty, were born."" ", अथास्य जज्ञिरे पुत्रास्सत्यधर्मपरायणा:।हविष्यन्दो मधुष्यन्दो दृढनेत्रो महारथ:।। ,""" -> 5: सु (L), 6: सत् (G), 7: याढ् (ā is deergha!), 8: याः (G).
          Let's analyze ""सुसत्याढ्याः"" (su-sat-yāḍh-yāḥ):
          5: सु (su) - LAGHU (u)
          6: सत् (sat) - GURU (a + t)
          7: याढ् (yāḍh) - DEERGHA (deergha ā + ḍh)
          8: याः (yāḥ) - GURU
          ""सुसत्याढ्याः"" = richly endowed with noble truth!
          5=L, 6=G, 7=Deergha!

        - What about ""सुधर्मेशो"" or ""सधर्मे च"" or ""सुधर्माढ्याः"" (su-dhar-māḍh-yāḥ)?
          5: सु (su) - LAGHU
          6: धर् (dhar) - GURU (followed by m)
          7: माढ् (māḍh) - DEERGHA (deergha ā)
          8: याः (yāḥ) - GURU
          ""सुधर्माढ्याः"" = richly endowed with righteousness/duty!
          5=L, 6=G, 7=Deergha!

        - What about combining both: ""धर्मसत्याढ्याः""?
          That's 4 syllables: धर्-म-स-त्या-ढ्याः (5 syllables).

        - How about in Pada 3:
          Syllables 1-4: दृढनेत्रः (4)
          Syllables 5-8: ""सुधर्माढ्यो"" (5: सु [L], 6: धर् [G], 7: मा [DEERGHA ā], 8: ढ्यो [G])
          And in Pada 1:
          Syllables 1-4: हविष्यन्दः (4)
          Syllables 5-8: ""सुसत्याढ्यो"" (5: सु [L], 6: सत् [G], 7: या [DEERGHA ā], 8: ढ्यो [G])

          Wait! Let's check both:
          Pada 1: हविष्यन्दः सुसत्याढ्यो (Havishyanda, richly endowed with truth)
          Pada 2: मधुष्यन्दो महारथः (Madhushyanda, Maharatha)
          Pada 3: दृढनेत्रः सुधर्माढ्यः (or सुधर्माढ्यो) (Dridhanetra, richly endowed with duty/dharma)
          Pada 4: कालेन प्रबभूविरे? or काले ते प्रजज्ञिरे?
          Wait! ""काले ते प्रजज्ञिरे"":",False
" Give up the desire to live in the forest, O Sita Living in the dreary jungle, it is said, has many hardships. ", सीते विमुच्यतामेषा वनवासकृता मतिः।बहुदोषं हि कान्तारं वनमित्यभिधीयते।। ,"<verse>
सीते विमुच्यतामेषा वनवासकृता मतिः ।
सुदारुणे वने वासो बहुदोषः प्रकीर्तितः ॥
</verse>",False
" The route by which Vali departed, killed by me has not been closed. O Sugriva you ought to abide by the pledge given. Do not  follow the path of Vali. ", न च सङ्कुचितः पन्था येन वाली हतो गतः।समये तिष्ठ सुग्रीव मा वालिपथमन्वग।। ,"<verse>
न च सङ्कुचितः पन्था येन वाली हतो गतः ।
समये तिष्ठ सुग्रीव मा वालिपथमन्वगाः ॥
</verse>",False
" Maruthi, the tiger among monkeys went like the wind possessing great speed filling sound in all directions. ", जवेनमहतायुक्तोमारुतिर्मारुतोयथा ।जगामहरिशार्दूलोदिशश्शब्देनपूरयन् ।। ,"<verse>
मारुतिः कपिशार्दूलो वाततुल्यजवो ययौ ।
दिशः सर्वा विनादेन पूरयन् स महाजवः ॥
</verse>",False
" To these words of Tara with her Moonlike face, Vali replied reproachfully ", तामेवं ब्रुवतीं तारां ताराधिपनिभाननाम्।वाली निर्भर्त्सयामास वचनं चेदमब्रवी।। ,"<verse>
तारायाश्चन्द्रवक्त्रायाः श्रुत्वा तद्वचनं रुषा ।
साक्षेपं स महातेजा वालिर्वचनमब्रवीत् ॥
</verse>",False
" In that fire sacrifice, weapons were leaves, bibika sticks were fuel, red pieces of cloth were used, and in the same way the ladle for sacrifice was made of iron. ", शस्त्राणिशरपत्राणिसमिधोऽथविभीतकाः ।।लोहितानि च वासांसिस्रुवंकार्ष्णायसंतथा । ,"<verse>
तस्मिन् शस्त्राणि पत्राणि इध्मस्त्वथ विभीतकः ।
रक्तानि चैव वासांसि स्रुवः कार्ष्णायसस्तथा ॥
</verse>",False
" ""Rama, wielder of bow, chased the deer and followed it chasing and attacked with his arrow."" ", ततोरामोधनुष्पाणिर्मृगंतमनुधावति ।स तंजघानधावन्तंशरेणानतपर्वणा ।। ,"<verse>
धनुर्धरो मृगं रामो जवेनान्वगमद्द्रुतम् ।
ततः प्रसह्य बाणेन तमाजघ्ने रघूद्वहः ॥
</verse>",False
" Although king Asita engaged all of them in a battle, he was defeated and driven into exile. He retired to a delightful, tall mountain and lived a life of contentment of a sage. ", तांस्तु सर्वान्प्रतिव्यूह्य युद्धे राजा प्रवासितः।स च शैलवरे रम्ये बभूवाभिरतो मुनिः।। ,"<verse>
संयुध्य सर्वशत्रूंश्च जितो निर्वासितोऽसितः ।
श्रितो रम्यं महाशैलं तुष्टोऽवसन्मुनिर्यथा ॥
</verse>",False
 Being endowed with the faculty of thinking and speech I shall tell you what is possible for you to execute with your prowess. Listen. , यत्तु शक्यं मया कर्तुं वाग्बुद्धिगुणवर्तिना।।श्रूयतां तत्प्रवक्ष्यामि भवतां पौरुषाश्रयम्। ,"<verse>
बुद्धियुक्तो हि वाग्मी च शृणु वक्ष्यामि यत्त्वया ।
यत्तु शक्यं स्ववीर्येण सम्पादयितुमेव हि ॥
</verse>",False
" O Rama, then the highly righteous king Kusanabha decided to give his hundred daughters to Brahmadatta"".  ", स बुद्धिं कृतवान् राजा कुशनाभस्सुधार्मिक:।ब्रह्मदत्ताय काकुत्स्थ दातुं कन्याशतं तदा।। ,"<verse>
कुशनाभो महाधर्मा मतिं चक्रे स राघव ।
दातुं च ब्रह्मदत्ताय कन्याशतमनुत्तमम् ॥
</verse>",False
" The city of Lanka, ruled by the lord of demons and built by Visvakarma looked as if it was a city floating in the sky. ", पालितां राक्षसेन्द्रेण निर्मितां विश्वकर्मणा।प्लवमानमिवाकाशे ददर्श हनुमान् पुरीम्।। ,"<verse>
विश्वकर्मविनिर्माणा लङ्का रक्षःपतेः पुरी ।
आकाशे प्लवमानेव ददृशे नगरी तदा ॥
</verse>",False
" To protect the demon clan from destruction by Rama, it is enough if we beg her pardon. Indeed, I think that way.  ", अलमस्मात्परित्रातुं राघवाद्राक्षसीगणम्।अभियाचाम वैदेहीमेतद्धि मम रोचते।। ,"<verse>
रामाद्रक्षःकुलत्राणे तस्याः क्षमाप्रयाचनम् ।
पर्याप्तमेव मन्येऽहं तथैव हि मतिर्मम ॥
</verse>",False
" Even after I have heard this, I cannot avenge my brothers death as I am old, I have no wings, and I have no energy enough to fight. ", वृद्धभावादपक्षत्वाच्छृण्वंस्तदपि मर्षये।न हि मे शक्तिरस्त्यद्य भ्रातुर्वैरविमोक्षणे।। ,"<verse>
श्रुत्वाप्येतन्न शक्तोऽस्मि भ्रातुर्हन्तुर्वधाय च ।
अपक्षो हि जराग्रस्तो नास्ति मे युधिविक्रमः ॥
</verse>",False
" With his strength waning and pride crushed, Sugriva, anguished, exhibited shrewdness. ", वालिना भग्नदर्पस्तु सुग्रीवो मन्दविक्रमः।वालिनं प्रति सामर्षो दर्शयामास लाघव।। ,"<verse>
क्षीणवीर्यो हतोत्साहः सुग्रीवो व्यथयान्वितः ।
नष्टदर्पो महाबुद्धिः स्वचातुर्यमदर्शयत् ॥
</verse>",False
" The effect of arrogant action cannot be seen right away. Just as the crop yields results only after ripening, in the same way it takes time. Time acts as a supporting factor. ", ननु सद्योऽविनीतस्य दृश्यते कर्मणःफलम्।।कालोऽप्यङ्गीभवत्यत्र सस्यानामिव पक्तये। ,"<verse>
दृप्तकर्मफलं नैव सद्यः पश्यति कश्चन ।
पक्वं सस्यं यथा काले कालस्तत्र सहायकः ॥
</verse>",False
 The heroic Rakshasa king worshipped according to tradition with flowers and fragrance followed by parched grain and fire god. , सहविर्लाजसंस्कारैर्माल्यगन्धपुरस्कृतैः ।।जुहुवेपावकंतत्रराक्षनेन्द्रःप्रतापवान् । ,"<verse>
पुष्पैर्गन्धैस्तथा लाजैर्वह्निं समभ्यपूजयत् ।
राक्षसेन्द्रो महावीर्यो विधिदृष्टेन कर्मणा ॥
</verse>",False
" ""O queen Rama is not equal to me  either in penance or prowess or valour or wealth or brilliance or even in fame. ", न रामस्तपसा देवि न बलेन न विक्रमैः।।न धनेन मया तुल्यस्तेजसा यशसापि वा। ,"<verse>
न तपसा न वीर्येण न धनेन न तेजसा।
यशसा विक्रमेणापि रामो देवि न मत्समः॥
</verse>",False
" Then Sunassepha will be protected. The kings sacrifice will continue without hindrance. The gods will be gratified. My words also will come true"". ", नाथवांश्च शुनश्शेफो यज्ञश्चाविघ्नितो भवेत्।देवतास्तर्पिताश्चस्युर्मम चापि कृतं वच:।। ,"<verse>
शुनःशेफस्य रक्षा स्याद् राज्ञो यज्ञो ह्यविघ्नवान् ।
देवास्तृप्तिं प्रपद्येरन् सत्यं मे वचनं भवेत् ॥
</verse>",False
" Both the heroes, Mahodara and Sugriva like two bulls holding mace and iron bar respectively, like clouds charged with lightning came roaring in the battlefield. ", गदापरिघहस्तौतौयुधिवीरौसमीयतुः ।नर्दन्तौगोवृषप्रख्यौघनाविवसविद्युतौ ।। ,"<verse>
गदापरिघहस्तौ तौ विचेरतुर्महाहवे ।
सविद्युतौ यथा मेघौ गर्जन्तौ वृषभाविव ॥
</verse>",False
 I shall worship all those deities inhabiting your banks and all sacred spots and temples. , यानि त्वत्तीरवासीनि दैवतानि च सन्ति हि।तानि सर्वाणि यक्ष्यामि तीर्थान्यायतनानि च।। ,"<verse>
त्वत्तीरवासिनीर्देवीः सर्वाण्यायतनानि च ।
तीर्थानि चैव सर्वाणि तानि सर्वाणि पूजये ॥
</verse>",False
" Wishing the great monkey well, the largeeyed Sita invoked the Firegod in her heart. ", मङ्गलाभिमुखी तस्य सा तदाऽसीन्महाकपेः।।उपतस्थे विशालाक्षी प्रयता हव्यवाहनम्। ,"<verse>
मङ्गलाभिमुखी तस्य सा तदासीन्महाकपेः ।
उपतस्थे विशालाक्षी प्रयता हव्यवाहनम् ॥
</verse>",False
"  Rama, best among men, got the entire wealth distributed among indigent brahmins, and young and old alike with the help of Lakshmana. ", ततस्सपुरुषव्याघ्र स्तद्धनं सहलक्ष्मणः।।द्विजेभ्यो बालवृद्धेभ्यः कृपणेभ्योऽह्यदापयत्। ,"<verse>
लक्ष्मणेन समं रामो नरोत्तमो व्यभाजयत् ।
निर्धनेभ्यो द्विजेभ्यश्च सर्वस्वं बालवृद्धयोः ॥
</verse>",False
" Thereafter Rama advanced, aiming at Khara the superior Vaishnava bow given by sage Agastya. ", सुमहद्वैष्णवं यत्तदतिसृष्टं महर्षिणा।वरं तद्धनुरुद्यम्य खरं समभिधावत।। ,"<verse>
ततो रामोऽग्रतो गच्छन्नगस्त्यविहितं धनुः ।
वैष्णवं वरमुद्यम्य खरायाभिमुखोऽभवत् ॥
</verse>",False
" Having said so, Angada the intelligent Vanara spoke these words immediately to Rama for judging Vibheeshana. ", इत्युक्तेराघवायाऽथमतिमानङ्गदोऽग्रतः ।विभीषणपरीक्षार्थमुवाचवचनंहरिः ।। ,"<verse>
इत्युक्त्वा तु ततो धीमानङ्गदो नाम वानरः ।
विभीषणपरीक्षार्थं रामं वचनमब्रवीत् ॥
</verse>",False
" ""You are an enemy of the gods, Danavas and Yakshas, Gandharvas and Nagas and being a thorn in the neck of sages, I will uproot you from here."" ", देवदानवयक्षाणांगन्धर्वोरगरक्षसाम् ।शत्रुमद्योद्धरिष्यामित्वामृषीणांचकण्टकम् ।। ,"<verse>
देवानां दानवानां च यक्षगन्धर्वभोगिनाम् ।
मुनीनां कण्टको भूत्वा त्वामितश्चोद्धराम्यहम् ॥
</verse>",False
  , तमतिक्रम्य शैलेन्द्रं काञ्चनान्तरनिर्दरः।पर्वत स्सर्वसौवर्णो धाराप्रस्रवणायुतः।। ,"<verse>
शुक्लाम्बरधरं विष्णुं शशिवर्णं चतुर्भुजम् ।
प्रसन्नवदनं ध्यायेत् सर्वविघ्नोपशान्तये ॥
</verse>",False
 In Ayodhya the brahmins shall coronate Rama. Will the gods make this desire of mine true?  , अभिषेक्ष्यन्ति काकुत्स्थमयोध्यायां द्विजातयः।अपि मे देवताः कुर्युरिमं सत्यं मनोरथम्।। ,"<verse>
अयोध्यायां द्विजा राममभिषेक्ष्यन्ति सादरम्।
मनोरथमिमं मे किं कुर्युः सत्यं दिवौकसः॥
</verse>",False
" Vibheeshana who was just in his argument rose up, wielding mace in hand accompanied by the four Rakshasas, when Ravana had spoken such harsh words to him. ", इत्युक्तःपरुषंवाक्यंन्यायवादीविभीषणः ।उत्पपातगदापाणिश्चतुर्भिस्सहराक्षसैः ।। ,"<verse>
इत्युक्तः परुषं वाक्यं रावणेन विभीषणः ।
उत्पपात गदापाणिश्चतुर्भिः सह राक्षसैः ॥
</verse>",False
" ""You be at ease, as you are living in your own abode"", said Hanuman consoling Sita. Vibheeshana, who is very happy, is eager and favouring to see you."" ", तदाश्वसिहिविस्रब्धंस्वगृहेपरिवर्तसे ।।अयंचाभ्येतिसम्हृष्टस्त्वद्धर्शनसमुत्सुकः । ,"<verse>
विश्रब्धा भव कल्याणि स्वगृहे वर्तसे यथा ।
विभीषणश्च हृष्टात्मा त्वद्दर्शनसमुत्सुकः ॥
</verse>",False
" ""Go to Sringaberipuram which is seen from the sky, meet Guha the leader of Nishadas and tell him of my inquiry and wellbeing."" ", शृङ्गबेरिपुरंप्राप्यगुहंगहनगोचरम् ।निषादाधिपतिंब्रूहिकुशलंवचनान्मम ।। ,"<verse>
शृङ्गवेरपुरं गत्वा गुहं गहनगोचरम्।
निषादाधिपतिं ब्रूहि कुशलं वचनान्मम॥
</verse>",False
 O Highy powerful Viswamitra I wish to offer appropriate hospitality to you and to your incomparable army. Be pleased to accept it. , आतिथ्यं कर्तुमिच्छामि बलस्यास्य महाबल ।तव चैवाप्रमेयस्य यथार्हं सम्प्रतीच्छ मे।। ,"<verse>
तव चाहं करिष्यामि ससैन्यस्य महाबल ।
आतिथ्यं पूजया युक्तं यथार्हं संप्रतीच्छ मे ॥
</verse>",False
" ""Battles, no doubt, are unpredictable. Which wise man with a sound intellect will take up a doubtful work unhesitatingly? ", असत्यानि च युद्धानि संशयो मे न रोचते।।कश्च निस्संशयं कार्यं कुर्यात्प्राज्ञः ससंशयम्। ,"<verse>
युद्धेषु संशयो नूनं को धीमान् विमलाशयः ।
संदिग्धं कर्म कुर्वीत कथं चाप्यविशङ्कितः ॥
</verse>",False
" The Vanara Lord of gigantic body, moving like the wind, tortuously destroyed the Rakshasas like a huge wind destroying the universe. ", ममन्थ च महाकायान्राक्षसान्वानरेश्वरः ।युगान्तसमयेवायुःप्रवृद्धानगमानिव ।। ,"<verse>
महाकायो महावीर्यः कपीन्द्रो मारुतोपमः ।
जघान राक्षसान् क्रूरान् महावातो जगद्यथा ॥
</verse>",False
" ""O evilminded, foolish monkey It is not possible for you to enter the city ruled by Ravana, the king of demons without conquering me"". ", मामनिर्जित्य दुर्बुद्धे राक्षसेश्वरपालितां।न शक्यमद्य ते द्रष्टुं पुरीयं वानराधम।। ,"<verse>
दुष्टबुद्धे कपे मूढ मामनिर्जित्य सर्वथा ।
रावणस्य पुरीं घोरां प्रवेष्टुं ते न शक्यते ॥
</verse>",False
" ""O sinless one O tiger among men To inspire confidence in her I praised the glory of your Ikshvaku dynasty. ", इक्ष्वाकुवंशविख्यातिं शनैः कीर्तयतानघ।।सा मया नरशार्दूल विश्वासमुपपादिता। ,"<verse>
तस्या विश्रम्भणार्थाय नरशार्दूल ते मया ।
इक्ष्वाकूणां यशः स्फीतमनघ संप्रकीर्तितम् ॥
</verse>",False
" ""I trust that the illustrious Sugriva surrounded  by valiant vanaras who use their teeth and nails as weapons will reach this place.    ", वानराधिपतिश्शीमान्सुग्रीवः कच्चिदेष्यति।मत्कृते हरिभिर्वीरैर्वृतो दन्तनखायुधैः।। ,"<verse>
नखदंष्ट्रायुधैर्वीरैर्वानरैः परिवारितः।
श्रीमान् सुग्रीवराजोऽसाविहायास्यति निश्चितम्॥
</verse>",False
" ""Or, perhaps while being borne away on the path frequented by siddhas, the beloved of Rama might have fallen down dead, heart broken, on seeing the vast sea. ", अथवा ह्रियमाणायाः पथि सिद्धनिषेविते।।मन्ये पतितमार्याया हृदयं प्रेक्ष्य सागरम्। ,"<verse>
सिद्धचारणमार्गे वा ह्रियमाणा विहायसा ।
समुद्रं वीक्ष्य भीतार्ता पतिता रामवल्लभा ॥
</verse>",False
  The valiant eldest son of  king Dasaratha has come along with his wife Sita to see the sage. , राजा दशरथो नाम ज्येष्ठस्तस्य सुतो बली। रामः प्राप्तो मुनिं द्रष्टुं भार्यया सह सीतया।।  ,"<verse>
रामो दशरथस्याग्र्यः भार्यया सीतया सह ।
मुनिं द्रष्टुं महावीर्यः समीपे समुपागतः ॥
</verse>",False
" I was preceptor to your father and also to you. O destroyer of foes, by following my words, you will not transgress the path of the virtuous. ", सोऽहं ते पितुराचार्यस्तव चैव परन्तप।मम त्वं वचनं कुर्वन्नातिवर्तेस्सतां गतिम्।। ,"<verse>
अहं तेऽहं पितुश्चैव गुरुः पूर्वं परन्तप ।
मम त्वं वचनं कुर्वन् न सतां वृत्तमत्यगाः ॥
</verse>",False
" While Mandodari was being counselled by the co wives like this, she was weeping, shedding tears on her breast as well as bathing her face. She once again wept making a loud sound. ", इत्येवमुच्यमानासासशब्दंप्ररुरोद ह ।।स्नापयन्तीतदास्रेणस्तनौवक्रंसुनिर्मलम् । ,"<verse>
एवमाश्वास्यमाना सा सपत्नीभिः सुदुःखिता ।
स्तनौ मुखं चाप्यास्रावैः सिक्त्वा चक्रन्द सस्वना ॥
</verse>",False
"  Having listened to the words of Anshuman the elephant of the quarter replied, O Anshuman, son of Asamanjasa having fulfilled your objective, you will go back soon with the horse. ", दिशागजस्तु तच्छ्रुत्वा प्रत्याहांशुमतो वच:।आसमञ्ज कृतार्थस्त्वं सहाश्वश्शीघ्रमेष्यसि।। ,"<verse>
श्रुत्वा त्वंशुमतो वाक्यं प्रत्युवाच दिशागजः ।
असमञ्जसपुत्राशु कृतार्थो यासि वाजिना ॥
</verse>",False
" The brilliant vanara Hanuman, son of the Windgod recognising the strongarmed Ravana got down a little, saying This is truly the strongarmed Ravana. ", रावणोऽयं महाबाहुरिति सञ्चिन्त्य वानरः।अवप्लुतो महातेजा हनुमान्मारुतात्मजः।। ,"<verse>
अयं स इति निश्चित्य महाबाहुं महाकपिः ।
अवातरच्छनैर्धीमान् पवनस्यात्मजो बली ॥
</verse>",False
" ""When moral merit destroys unrighteousness, it is called Krtayuga. So also, when virtue gets eclipsed by unrighteousness, it is called Kaliyuga."" ", धर्मोवैग्रसतेऽधर्मंततःकृतमभूद्युगम् ।।अधर्मोग्रसतेधर्मंततस्तिष्यःप्रवर्तते । ,"<verse>
यदा धर्मेण चाधर्मो हन्यते तत्कृतं युगम्।
यदा धर्मस्त्वधर्मेण ग्रस्यते तत्कलेर्युगम्॥
</verse>",False
" O lord of the earth as an ass cannot follow the pace of a horse or a bird, the pace of Tarkshya Garuda, I do not have the capability to follow you. ", गतिं खर इवाश्वस्य तार्क्ष्यस्येव पतत्रिणः।अनुगन्तुं न शक्तिर्मे गतिं तव महीपते।। ,"<verse>
हयस्येव खरो राजंस्तार्क्ष्यस्येव पतत्रिणः ।
अनुगन्तुं न शक्तिर्मे गतिं ते पृथिवीपते ॥
</verse>",False
 O Lakshmana  stand by Sita for a while. I shall kill these demons who have come here. , मुहूर्तं भव सौमित्रे सीतायाः प्रत्यनन्तरः।इमानस्या वधिष्यामि पदवीमागतानिह।। ,"<verse>
मुहूर्तं सीतया सार्धं तिष्ठ त्वं लक्ष्मणाधुना ।
अहमेतान् हनिष्यामि समागतान् निशाचरान् ॥
</verse>",False
  The same crow attendant on Vaidehi there will take me to my largeeyed beloved. , एष वै तत्र वैदेह्या विहगः प्रतिहारकः। पक्षी मां तु विशालाक्ष्यास्समीपमुपनेष्यति।। ,"<verse>
स एव तत्र काकोऽसौ वैदेह्याः परिचारकः ।
विशालाक्षीं प्रियां मे तां मां शीघ्रं प्रापयिष्यति ॥
</verse>",False
  Take with you silk garments and precious ornaments for the king of Kekaya and Bharata and depart at once. , कौशेयानि च वस्त्राणि भूषणानि वराणि च।क्षिप्रमादय राज्ञश्च भरतस्य च गच्छत।। ,"<verse>
कौशेयानि च वस्त्राणि गृहीत्वा भूषणानि च ।
केकयेन्द्राय राज्ञे च भरतायाशु गच्छत ॥
</verse>",False
" Thinking that this indignant, invincible lord of the monkeys, cannot be overpowered, I have not stepped out of Rishyamuka. ", तमजय्यमधृष्यं च वानरेन्द्रममर्षणम्।विचिन्तयन्न मुञ्चामि ऋश्यमूकमहन्विम।। ,"<verse>
अमर्षी दुर्जयो नित्यं दुर्धर्षः कपिकुञ्जरः ।
ऋष्यमूकमहं प्राप्तस्तद्भयान्नाभिनिष्क्रमे ॥
</verse>",False
" ""O Exterminator of foes By whatever means the ocean is crossed by us, think that the enemy has been killed in combat."" ", कथञ्चित्सन्तरिष्यामस्तेवयंवरुणालयम् ।हतमित्येवतंमन्येयुद्धेशत्रुनिबर्हण ।। ,"<verse>
येन केनाप्युपायेन तरिष्यामो महोदधिम् ।
तं हतं विद्धि संग्रामे सर्वथा शत्रुकर्शन ॥
</verse>",False
" ""We have no fear of fire or weapons or noose of death. Selfish relatives are causing fear in us."" ", नाग्निर्नान्यानिशस्त्राणिननःपाशाभयावहाः ।घोरास्स्वार्थप्रयुक्तास्तुज्ञातयोनोभयावहाः ।। ,"<verse>
नाग्नेर्भयं न शस्त्राणां न मृत्योः पाशतो भयम् ।
स्वार्थलुब्धस्वबन्धूनां भयमस्मासु जायते ॥
</verse>",False
" Lanka seemed glowing in red colour like at dusk, and as though the earth was burning, shrouded with Japa flowers, even though it was daytime. ", सन्ध्ययाचावृतालङ्काजपापुष्पनिकाशया ।।दृश्यतेसम्प्रदीप्तेवदिवसेऽपिवसुन्धरा । ,"<verse>
जपाकुसुमसञ्छन्ना लङ्का सा रञ्जिता दिवा ।
सान्ध्यरागारुणा भूमिर्दह्यमानेव सा बभौ ॥
</verse>",False
 It is possess me that you wish Ramas death. You do not rush to him certainly because of greed for me.  , इच्छसि त्वं विनश्यन्तं रामं लक्ष्मण मत्कृते।।लोभात्त्वं मत्कृते नूनं नानुगच्छसि राघवम्। ,"<verse>
इच्छसि त्वं विनश्यन्तं रामं लक्ष्मण मत्कृते।
लोभात्तु मन्निमित्तं हि नैनमन्ववपद्यसे॥
</verse>",False
" That power returned back to Ravanas chariot to its position, leaving Lakshmana, who was difficult to vanquish. ", तंसमुत्सृज्यसाशक्तिःसौमित्रिंयुधिदुर्जयम् ।।रावणस्यरथेतस्मिन् स्थानंपुनरुपागता । ,"<verse>
विमुच्य लक्ष्मणं वीरं रणे तं दुर्जयं पुनः ।
सा शक्तिः स्वपदं प्राप्य रावणस्य रथं गता ॥
</verse>",False
" O best of men  if you grieve and burn the world with your brilliance, wherefrom will the ordinary afflicted people get relief? ", दुःखितो हि भवान्लोकांस्तेजसा यदि धक्ष्यते।आर्ताः प्रजा नरव्याघ्र क्व नु यास्यन्ति निर्वृतिम्।। ,"<verse>
शोकेन दहसे लोकान् तेजसा चेन्नरोत्तम।
दीनाः प्राकृतलोकास्ते कुतः प्राप्स्यन्ति निर्वृतिम्॥
</verse>",False
 The great sage was enraged because he had lost his sixteenyearold son in the forest. , तस्य तस्मिन्वने पुत्रो बालष्षोडशवार्षिकः।प्रणष्टो जीवितान्ताय क्रुद्धस्तत्र महामुनिः।। ,"<verse>
षोडशाब्दं सुतं दृष्ट्वा वने नष्टं तपोधनः ।
कोपेन महताविष्टः संचुक्रोध महामुनिः ॥
</verse>",False
" While reflecting over the matter, a thought struck the magnanimous king Why not invoke gods by performing a horsesacrifice for a son. ", चिन्तयानस्य तस्यैवं बुद्धिरासीन्महात्मन: ।सुतार्थं हयमेधेन किमर्थं न यजाम्यहम्।।  ,"<verse>
तस्य चिन्तयतो बुद्धिरियमासीन्महात्मनः।
सुतार्थं वाजिमेधेन किमर्थं न यजाम्यहम्॥
</verse>",False
  It is good fortune that Rama has come here after a long time to see me. I was longing for his arrival. , दिष्ट्या रामश्चिरस्याद्य द्रष्टुं मां समुपागतः।। मनसा काङ्क्षितं ह्यस्य मयाप्यागमनं प्रति।  ,"<verse>
दिष्ट्या चिरस्य संप्राप्तो रामो मां द्रष्टुमागतः ।
तदागमनकाङ्क्षी हि नित्यमासं समुत्सुकः ॥
</verse>",False
" O Sita dont you think it is a privilege to be the  wife of the highsouled, tennecked Ravana, who is the distinguished king of a high family of sage Paulastya? ", पौलस्त्यस्य वरिष्ठस्य रावणस्य महात्मनः।दशग्रीवस्य भार्या त्वं सीते न बहुमन्यसे।। ,"<verse>
पौलस्त्यस्य वरिष्ठस्य रावणस्य महात्मनः।
दशग्रीवस्य भार्यात्वं श्लाघ्यं सीते न मन्यसे॥
</verse>",False
" The mighty Hanuman crossed the inviolable sea, stood comfortably on the peak of Trikuta mountain and looked at Lanka. ",  स सागरमनादृष्यमतिक्रम्य महाबलः।       त्रिकूटशिखरे लङ्कां स्थितां स्वस्थो ददर्श ह।। ,"<verse>
तीर्त्वा दुस्तरमम्भोधिं हनुमान् स महाबलः ।
त्रिकूटाग्रे सुखं स्थित्वा लङ्कां ददर्श वीर्यवान् ॥
</verse>",False
" Hearing Ravanas words, Akampana continued telling about great Ramas strength and his exploits in war. ", रावणस्य पुनर्वाक्यं निशम्य तदकम्पनः।आचचक्षे बलं तस्य विक्रमं च महात्मनः।। ,"<verse>
श्रुत्वा तु रावणस्यैतदकम्पनो महाबलः ।
रामस्य विपुलं वीर्यं युद्धचेष्टां शशंस च ॥
</verse>",False
 Urged by Indra the wind god gave a dazzling pearls chain intercepted by several kinds of gems and precious stones to the ruler of the world. , सर्वरत्नसमायुक्तंमणिभिश्चविभूषितम् ।मुक्ताहारंनरेन्द्रायददौशक्रप्रचोदितः ।। ,"<verse>
इन्द्रेण चोदितो वायुः प्रादाल्लोकेश्वराय सः ।
मुक्ताहारं महादीप्तं नानारत्नविचित्रितम् ॥
</verse>",False
" O handsome one, get them all, powerful like tigers, demons with large countenances, mighty and arragant, ready for the fight.  ", तेषां शार्दूलदर्पाणां महास्यानां महौजसाम्।सर्वोद्योग मुदीर्णानां रक्षसां सौम्य कारय।। ,"<verse>
सौम्य सर्वान् महावीर्यान् शार्दूलसमविक्रमान् ।
दृप्तान् रक्षोमहावक्त्रान् युद्धोद्यतान् समानय ॥
</verse>",False
" O son by swearing on oaths, you are choking the very breath of my life and my suffering has grown still more.   ", मम दुःखमिदं पुत्र भूयस्समुपजायते।शपथै श्शपमानो हि प्राणानुपरुणत्सि मे।। ,"<verse>
शपथैस्त्वं मम प्राणान् निरुणत्सि हि पुत्रक ।
दुःखं मे वर्धते भूयः सन्तापो वर्धते भृशम् ॥
</verse>",False
 This vanchulaka birds loud and dreadful screams suggest our triumph in war. , एष वञ्चुलको नाम पक्षी परमदारुणः।आवयोर्विजयं युद्धे शंसन्निव विनर्दति।। ,"<verse>
अयं वञ्जुलको घोरमुच्चैः क्रन्दति दारुणम् ।
अस्माकं समरे चापि विजयं शंसते खगः ॥
</verse>",False
" Making a lot of noise, the Vanaras reached the gates of Lanka frightening night rangers and desiring to wage war. ", विसृजन्तोमहानादांस्त्रासयन्तोनिशाचरान् ।लङ्काद्वाराण्युपाजग्मुर्युद्धकामाःप्लवङ्गमाः ।। ,"<verse>
नदन्तो भैरवं नादं लङ्काद्वारमुपागमन् ।
भयावहा निशाटानां वानरा युद्धकाङ्क्षिणः ॥
</verse>",False
" O Rama, for my pleasure kill Vali who is, to me, an enemy in the guise of a brother. I fold my hands to you. ", तमद्यैव प्रियार्थं मे वैरिणं भ्रातृरूपिणम्।वालिनं जहि काकुत्स्थ मया बद्धोऽयमञ्जल।। ,"<verse>
भ्रातृरूपं रिपुं राम मत्प्रीत्यै जहि वालिनम् ।
इति त्वां प्रणतो भूत्वा तेऽहमेष कृताञ्जलिः ॥
</verse>",False
 The mighty Vanara Mainda for his part hurled the rock to crush the Rakshasa. Kumbha attacked him with five sharp arrows and rock got broken. , तांशिलांतुप्रचिक्षेपराक्षसायमहाबलः ।बिभेदतांशिलांकुम्भःप्रसन्नैःपञ्चभिश्शरैः ।। ,"<verse>
महावीर्योऽथ मैन्दस्तु शैलं चिक्षेप तद्वधे ।
तं कुम्भः पञ्चभिर्बाणैर्बिभेद निशितैस्तदा ॥
</verse>",False
" King Dasaratha may give you gems, pearls, gold and different kinds of precious stones. Do not pay them any attention. ", मणिमुक्तं सुवर्णानि रत्नानि विविधानि च।दद्याद्दशरथो राजा मास्म तेषु मनः कृथाः।। ,"<verse>
रत्नानि च महार्हाणि मणींश्च विविधान्बहून् ।
दद्याद्दशरथो राजा मा स्म तेषु मनः कृथाः ॥
</verse>",False
" Quickly alighting from the chariot, he entered  the kings palace and crossed the seven courtyards overcrowded with people. ", सोऽवतीर्य रथाच्छीघ्रं राजवेश्म प्रविश्य च। कक्ष्या स्सप्ताभिचक्राम महाजनसमाकुलाः।। ,"<verse>
रथात् तूर्णमवाप्लुत्य प्राविशद् राजमन्दिरम् ।
सप्त कक्ष्या व्यतीत्याथ जनसङ्घसमाकुलाः ॥
</verse>",False
" From Ramas bow bent into a cirle, countless fierce arrows able to take the lives of demons were released. ", असङ्ख्येयास्तु रामस्य सायकाश्चापमण्डलात्।विनिष्पेतुरतीवोग्रा रक्षःप्राणापहारिणः।। ,"<verse>
रामस्य मण्डलीभूतात् कार्मुकात्तीक्ष्णसायकाः ।
रक्षःप्राणहरा घोरा निष्पेतुश्चाप्यसंख्यकाः ॥
</verse>",False
" Sita, a gentle lady, who considered her husband as God only wondered with a mixed feeling of joy and affection and looked at the gentle face of Rama. ", विस्मयाच्छप्रहर्षाच्चस्नेहाच्चपतिदेवता ।उदैक्षतमुखंभर्तुःसौम्यंसौम्यतरानना ।। ,"<verse>
सीता शुभा पतिं देवं स्नेहविस्मयहर्षिता ।
ददर्श वदनं सौम्यं रामस्य प्रियदर्शनम् ॥
</verse>",False
" ""With a dreadful iron bar I slayed Jambumali, who was endowed with mighty strength, and was an expert in war and other terrific ogres who accompanied him. ", तं महाबलसम्पन्नं राक्षसं रणकोविदम्।।परिघेणातिघोरेण सूदयामि सहानुगम्। ,"<verse>
जम्बुमालिं महावीर्यं युद्धज्ञं सानुगं रणे ।
घोरेणासूदयं भीमान् परिघेण निशाचरान् ॥
</verse>",False
" O Rama we shall spend the right happily here. O Best among men On the tomorrow we see Janaka"". ", इहाद्य रजनीं राम सुखं वत्स्यामहे वयम्।श्व: प्रभाते नरश्रेष्ठ जनकं द्रष्टुमर्हसि।। ,"<verse>
इहाद्य रजनीं राम सुखं वत्स्यामहे वयम् ।
श्वः प्रभाते नरश्रेष्ठ द्रक्ष्यामो जनकं नृपम् ॥
</verse>",False
" The king Sugriva knows for sure that if Hanuman goes forth, success is assured. So he favours him. ", तदेवं प्रस्थितस्यास्य परिज्ञातस्य कर्मभिः।भर्त्रा परिगृहीतस्य ध्रुवः कार्यफलोदयः।। ,"<verse>
हनूमति गते सिद्धिं ध्रुवां वेत्ति हरीश्वरः ।
तस्मात् तं पूजयामास प्रीत्या स कपिसत्तमम् ॥
</verse>",False
" O Rama, the best among men you are a very dear guest to me and knowing that you are near, I will not go to the world of Brahman without seeing you. ", अहं ज्ञात्वा नरव्याघ्र वर्तमानमदूरतः।ब्रह्मलोकं न गच्छामि त्वामदृष्ट्वा प्रियातिथिम्।। ,"<verse>
त्वामहं पुरुषव्याघ्र ज्ञात्वा च समुपागतम् ।
ब्रह्मलोकं न यातोऽस्मि त्वामदृष्ट्वा प्रियातिथिम् ॥
</verse>",False
" ""O son of the Raghus having heard Brahmas words all the devatas considered themselves successful in their mission. They saluted him with folded hands and offered their worship. ", तच्छ्रुत्वा वचनं तस्य कृतार्था रघुनन्दन।प्रणिपत्य सुरास्सर्वे पितामहमपूजयन्।। ,"<verse>
पितामहवचः श्रुत्वा कृतार्था मेनिरे सुराः ।
प्रणम्य प्राञ्जलीभूताः पूजयामासु राघव ॥
</verse>",False
 Great Indrajith surrounded by all army entered the city of Lanka and approached his father. , इन्द्रजित्तुमहामायःसर्वसैन्यसमावृतः ।।विवेशनगरींलङ्कांपितरंचाभ्युपागमत् । ,"<verse>
सर्वसैन्यपरीवारो लङ्कां प्राविशदिन्द्रजित् ।
स जगाम पितुः पार्श्वं महावीर्यो महाबलः ॥
</verse>",False
 All the serpents and sea monsters inhabiting there terrified at Garuda went quickly into the salty waters of the ocean. , अभवन् पन्नगास्त्रस्ताभोगिनस्तत्रवासिनः ।शीघ्रंसर्वाणियादांसिजग्मुश्चलवणार्णवम् ।। ,"<verse>
तत्रस्थाः सर्वनागाश्च नक्राश्च गरुडार्दिताः ।
लवणोदधितोयेषु द्रुतं ते विविशुस्तदा ॥
</verse>",False
 There nobody is unhappy or inclined towards evil deeds and virtues in people go increasing day by day. , तत्र नामुदितः कश्चिन्नास्ति कश्चिदसत्प्रियः।अहन्यहनि वर्धन्ते गुणास्तत्र मनोरमाः।। ,"<verse>
न तत्र दुःखितः कश्चिन्न चाधर्मरतो जनः ।
जनानां सद्गुणा नित्यं वर्धन्ते च दिने दिने ॥
</verse>",False
  Our life becomes fruitful when we help a person who was not helped us. What to speak of returning the help one has rendered. , अर्थिनः कार्यनिर्वृत्तिमकर्तुरपि यश्चरेत्।तस्य स्यात्सफलं जन्म किं पुनः पूर्वकारिणः।। ,"<verse>
अनुपकारिणः साह्ये सफलं जीवितं भवेत् ।
प्रत्युपकारदाने तु किमु वक्तव्यमत्र हि ॥
</verse>",False
" There were no buffaloes, no deer, no elephants, tigers or even  birds and  other wild animals. ", न सन्ति महिषा यत्र न मृगा न च हस्तिनः।।शार्दूलाः पक्षिणो वापि ये चान्ये वनगोचराः। ,"<verse>
न महिषा न शार्दूला न गजा न च पक्षिणः ।
मृगा नैव तथा चान्ये श्वापदास्तत्र कानने ॥
</verse>",False
" ""O slayer of foes it is not wrong to kill a sinner. I shall, therefore, kill the sinful vanara."" ", न पापानां वधे पापं विद्यते शत्रुसूदन।तस्मादेनं वधिष्यामि वानरं पापचारिणम्।। ,"<verse>
न दोषः पापघातेऽस्ति तथा हि शत्रुसूदन।
तस्मादेनं हनिष्यामि वानरं पापकर्मिणम्॥
</verse>",False
" Therefore, leave this lady and run away to the place you came from. I will not take away your life . ", उत्सृज्य प्रमदामेनामनपेक्षौ यथागतम्।त्वरमाणौ पलायेथां न वां जीवितमाददे।।। ,"<verse>
तस्मादेनां परित्यज्य यतः प्राप्तस्ततो द्रव ।
न ते प्राणान् हरिष्यामि मुञ्चामि तव जीवितम् ॥
</verse>",False
 You will rule undisturbed the Ikshvaku race honoured for its divine virtues. Now abandoned by me and Rama it will be afflicted with grief.  , मया रामेण च त्यक्तं शाश्वतं सत्कृतं गुणैः।।इक्ष्वाकुकुलमक्षोभ्यमाकुलं पालयिष्यसि। ,"<verse>
इक्ष्वाकूणां कुलं शाधि अकण्टकं सुरार्चितम् ।
रामेण च मया हीनं शोकार्तं भृशदुःखितम् ॥
</verse>",False
" Whether it was out of greed for the kingdom or for the execution of the boon bestowed, this act of banishment is by all means wicked. ", यदि प्रव्राजितो रामो लोभकारणकारितम्।वरदाननिमित्तं वा सर्वथा दुष्कृतं कृतम्।। ,"<verse>
राज्यलोभाद् वरस्याथ पालनाय कृतं यदि ।
विवासनमिदं घोरं सर्वथा पापमेव तत् ॥
</verse>",False
"  All animals, especially horses have a keen sense of hearing. Therefore, having listened to our entreaty, turn back. ", कर्णवन्ति हि भूतानि विशेषेण तुरङ्गमाः।यूयं तस्मान्निवर्तध्वं याचनां प्रतिवेदिताः।। ,"<verse>
तीव्रश्रवांसि भूतानि अश्वाश्चैव विशेषतः ।
तस्माच्छ्रुत्वा वचोऽस्माकं भवान् शीघ्रं निवर्तताम् ॥
</verse>",False
" ""King, return from here to Ayodhya leaving the monkeys. Reassure Mythili, who is very dear to you and an illustrious one."" ", गच्छायोध्यामितोराजन्विसर्जय च वानरान् ।।मैथिलींसान्त्वयस्वैनामनुरक्तांयशस्विनीम् । ,"<verse>
विसृज्येतः कपीन् राजन्नयोध्यां संप्रयाहि च ।
प्रियां सान्त्वय ते देवीं मैथिलीं च यशस्विनीम् ॥
</verse>",False
" Seeing a vulture sitting on the banner of Prahastha facing south scratching both sides, Prahastha became pale as if the entire prosperity had been snatched away. ", केतुर्मूर्धनिगृध्रोऽस्यनिलीनोदक्षिणामुखः ।तुदन्नुभयतःपार्श्वंसमग्रामहरत्प्रभाम् ।। ,"<verse>
याम्यास्यं केतुगं गृध्रं पार्श्वद्वयविघर्षकम् ।
दृष्ट्वा हृतश्रिया तुल्यः प्रहस्तो निष्प्रभोऽभवत् ॥
</verse>",False
 The monkeys sent earlier to hasten all their counterparts saw mount Himavat from the great tree. , ये तु त्वरयितुं याता वानरास्सर्ववानरान्।ते वीरा हिमवच्छैलं ददृशुस्तं महाद्रुमम्।। ,"<verse>
पूर्वं प्रस्थापिता ये ते त्वरयन्तस्तथापरान् ।
महावृक्षसमारूढा ददृशुर्हिमवद्गिरिम् ॥
</verse>",False
" She was like the flames of fire obscured by smoke. She appeared like the text of Smriti of doubtful meaning, a treasure that has been thrown away ", संसक्तां धूमजालेन शिखामिव विभावसोः।।तां स्मृतीमिव सन्दिग्धामृद्धिं निपतितामिव। ,"<verse>
धूमजालेन संवीतां शिखामिव विभावसोः ।
तां स्मृतिमिव सन्दिग्धामृद्धिं निपतितामिव ॥
</verse>",False
" O king, this footpath leads to my fathers hermitage. Go and beg his forgiveness so that he may not curse you out of anger. ", इयमेकपदी राजन्यतो मे पितुराश्रमः।तं प्रसादय गत्वा त्वं न त्वां स कुपितश्शपेत्।। ,"<verse>
एषा हि पदवी राजन् पितुराश्रमगामिनी ।
तं प्रसादय गत्वा त्वं न त्वां क्रुद्धः शपेद्यथा ॥
</verse>",False
" O fortunate Kaikeyi, make him recollect the two boons he had granted you in the war between gods and demons. You should not ignore your objective.   ", यौ तौ दैवासुरे युद्धे वरौ दशरथोऽददात्।तौ स्मारय महाभागे सोऽर्थो न त्वामतिक्रमेत्।। ,"<verse>
देवासुरे रणे दत्तौ तौ वरौ स्मारयाशु तम् ।
कैकेयि सुभगे कार्यं नोपेक्षेथाः कथञ्चन ॥
</verse>",False
"  Therefore, leave this ignoble thought, resort to the duty of a kshatriya, take the righteous path. Do not adopt violence. Follow my decision. ", तदेतां विसृजानार्यां क्षत्रधर्माश्रितां मतिम्।धर्ममाश्रय मा तैक्ष्ण्यं मद्बुद्धिरनुगम्यताम्।। ,"<verse>
तस्मात् त्यज कुधीभावं क्षत्रधर्मं समाश्रय ।
धर्ममार्गं समास्थाय मा हिंसीः शृणु मे वचः ॥
</verse>",False
" O Lakshmana cast your eyes all around the forest for a suitable place for building a hermitage.  Indeed, you are good at judging things. ", सर्वतश्चार्यतां दृष्टिः कानने निपुणोह्यसि।आश्रमः कतरस्मिन्नो देशे भवति सम्मतः।। ,"<verse>
वने पश्य समन्तात्त्वं लक्ष्मण प्रियदर्शन।
आश्रमार्थं शुभं देशं त्वं हि सर्वार्थकोविदः॥
</verse>",False
" ""It is not possible to converse with them or to question and or to examine, since they are guarded all over by mountains like Vanaras."" ", नापिसम्भाषितुंशक्यास्सम्प्रश्नोऽत्रनलभ्यते ।सर्वतोरक्ष्यतेपन्थावानरैःपर्वतोपमै ।। ,"<verse>
न ते सम्भाषितुं शक्या न प्रष्टुं नापि चेक्षितुम् ।
सर्वतो गुपिता भूमिर्वानरैः पर्वतोपमैः ॥
</verse>",False
" How will he who was habituated to wearing expensive apparels and to royal comforts over a long period of time live sleep on the ground, putting on saffron robes?  ", महार्हवस्त्रसंवीतो भूत्वा चिरसुखोषितः।।काषायपरिधानस्तु कथं भूमौनिवत्स्यति। ,"<verse>
महार्हवस्त्रसेवी यश्चिरं राजसुखैर्युतः ।
धृत्वा काषायवस्त्रं स कथं शेते महीतले ॥
</verse>",False
"  Having said so to Sumitra, Kausalya trembling and almost lifeless, emaciated, sullied and turned pallid set out for the place where Bharat was. ", एवमुक्त्वा सुमित्रां सा विवर्णा मलिना कृशा।प्रतस्थे भरतो यत्र वेपमाना विचेतना।। ,"<verse>
इत्युक्त्वा सा सुमित्रां तु कौसल्या वेपमानिका ।
प्रतस्थे भरतो यत्र विवर्णा मलिना कृशा ॥
</verse>",False
" How will my son, Rama, who used to ride on chariots, elephants and horses roam the wilderness barefoot? ", कथं रथैर्विभुर्यात्वा गजाश्वैश्च मुहुर्मुहुः।।पद्भ्यां रामो महारण्ये वत्सो मे विचरिष्यति। ,"<verse>
रथाश्वगजयायी यः स रामो मम पुत्रकः ।
कथं पद्भ्यां वने घोरे चरिष्यति निराश्रयः ॥
</verse>",False
" Consoled by the sweet words of Sugriva, Rama wiped his face filled with tears by the hem of his upper cloth. ", मधुरं सान्त्वित स्तेन सुग्रीवेण स राघवः।मुखमश्रुपरिक्लिन्नं वस्त्रान्तेन प्रमार्जय।। ,"<verse>
सुग्रीवस्य तु वाक्येन समाश्वस्तो रघूद्वहः ।
बाष्पपूर्णं मुखं चारु वस्त्रान्तेनाप्यमृष्ट सः ॥
</verse>",False
"  If the kingdom is Ramas, it is also Bharatas, since Rama regards his brothers as his own self ", राज्यं यदि हि रामस्य भरतस्यापि तत्तदा।मन्यते हि यथात्मानं तथा भ्रातृ़ंश्च राघवः।। ,"<verse>
यदि रामस्य राज्यं स्याद्भरतस्यापि तत्तथा ।
मन्यते हि यथात्मानं तथा भ्रातॄंस्तु राघवः ॥
</verse>",False
  , मत्सन्देशयुता वाचस्त्वत्तश्श्रुत्वा च राघवः।पराक्रमविधिं वीरो विधिवत्संविधास्यति।। ,"<verse>
धर्मेण शोभते लोको सत्येन शोभते नरः ।
विद्यया शोभते वाणी ज्ञानेन शोभते मनः ॥
</verse>",False
" O beautiful, blackeyed lady, I think you deserve the best of garlands, best of food, and clothes and a suitable husband. ", वरं माल्यं वरं भोज्यं वरं वस्त्रं च शोभने।भर्तारं च वरं मन्ये त्वद्युक्तमसितेक्षणे।। ,"<verse>
वरं माल्यं वरं वस्त्रं वरं भोज्यं च शोभने ।
भर्तारं चानुरूपं ते युक्तं मन्येऽसितेक्षणे ॥
</verse>",False
" Why do the people look exceedingly happy? Tell me, what the king with great delight is proposing to do? ", अतिमात्रप्रहर्षोऽयं किं जनस्य च शंस मे।कारयिष्यति किं वापि सम्प्रहृष्टो महीपतिः।। ,"<verse>
कथं जनाः प्रहृष्टा वै दृश्यन्ते ब्रूहि तत्त्वतः ।
प्रहर्षेण महीपालः किं नु कर्तुं चिकीर्षति ॥
</verse>",False
" ""Gentle Saardula! Of those who are difficult to encounter, what is their description? Who are the powerful ones among them? Whose sons and grandsons, are they? You may speak."" ", कीदृशा: किंप्रभा: सौम्यवानरायेदुरासदाः ।कस्यपुत्राश्चपौत्राश्चतत्त्वमाख्याहिराक्षस:।।। ,"<verse>
सौम्य शार्दूल दुर्धर्षाः कीदृशास्ते वनौकसः।
के चात्र बलिनां श्रेष्ठाः केषां पुत्राश्च पौत्रकाः॥
</verse>",False
" ""Resembling a dark cloud clad in yellow silk, why are you lying like this with limbs thrown down and body covered with blood?"" ", नीलजीमूतसङ्काश पीताम्बरशुभाङ्गद ।स्वगात्राणिविनिक्षिप्यकिंशेषेरुधिराप्लुतः ।। ,"<verse>
पीतकौशेयसंवीतो नीलमेघसमप्रभः ।
कथमेवं शयानोऽसि विक्षिप्ताङ्गोऽसृगाप्लुतः ॥
</verse>",False
" O lady of lovely complexion, I can see your yellow silk flying, while you are running away. If you have love for me, stay on. ", पीतकौशेयकेनासि सूचिता वरवर्णिनि।धावन्त्यपि मया दृष्टा तिष्ठ यद्यस्ति सौहृदम्।। ,"<verse>
पश्यामि पीतकौशेयं पलायन्त्या विडीयते ।
सुतनो त्वं स्थिरा भूया यदि स्नेहोऽस्ति ते मयि ॥
</verse>",False
" One held his head on her lap, and one held his face and looking at it shed tears, like nature covers lotus with dew and roared. ", काचिदङ्केशिरःकृत्वारुरोदमुखमीक्षती ।स्नापयन्तीमुखंबाष्पैस्तुषारैरिवपङ्कजम् ।। ,"<verse>
एका शिरः समादाय उत्सङ्गेऽन्या मुखं दधे ।
नीहारेणेव पद्माक्षं मुञ्चन्त्यश्रु रुरोद ह ॥
</verse>",False
" Having heard the words of those maidens, the most powerful and venerable Windgod became furious. He entered all the limbs of their bodies, twisted and distorted them. ", तासां तद्वचनं श्रुत्वा वायु: परमकोपन:।प्रविश्य सर्वगात्राणि बभञ्ज भगवान् प्रभु:।। ,"<verse>
तासां तु वचनं श्रुत्वा वायुः परमकोपनः ।
प्रविश्य सर्वगात्राणि बभञ्ज भगवान् प्रभुः ॥
</verse>",False
" O noble one, place your feet on these sandals decorated with gold. They will secure the prosperity and safety of the entire world. ", आधिरोहाऽर्य पादाभ्यां पादुके हेमभूषिते।एतेहि सर्वलोकस्य योगक्षेमं विधास्यतः।। ,"<verse>
अधिरोह महाप्राज्ञ पादुके हेमभूषिते ।
एते हि सर्वलोकस्य योगक्षेमं विधास्यतः ॥
</verse>",False
 I can submerge this world including its mountains rivers and lakes. I can push back the sea waters quickly with my arms. , बाहुवेगप्रणुन्नेन सागरेणाहमुत्सहे।समाप्लावयितुं लोकं सपर्वतनदीह्रदम्।। ,"<verse>
सनदीसरसं लोकं निमज्जेयं सशैलकम् ।
बाहुभ्यां सागरस्याम्भः क्षिप्रं प्रेरयितुं क्षमः ॥
</verse>",False
  I am going to the forest to live there for fourteen years. Bring me two things a basket and a crowbar. , खनित्रपिटके चोभे समानयत गच्छतः।चतुर्दश वने वासं वर्षाणि वसतो मम।। ,"<verse>
चतुर्दश हि वर्षाणि वत्स्यामि विजने वने ।
आनयध्वं द्वयं चैव खनित्रं पिटकं तथा ॥
</verse>",False
" Thereafter the chief hero went decked with golden ornaments, fanned by archers holding whisks with gold handles. ", अवीज्यतततोवीरोहैमैर्हेमविभूषितैः ।चारुचामरमुख्यैश्चमुख्यस्सर्वधनुष्मताम् ।। ,"<verse>
ततो जगाम वीरेन्द्रो हेमभूषणभूषितः ।
चामरैर्हेमदण्डाग्र्यैर्वीज्यमानो धनुर्धरैः ॥
</verse>",False
 Your dependents have nothing to do with me nor I with them. I denounce you since you are a selfseeker without any sense off righteousness.  , ये च त्वामनुजीवन्ति नाहं तेषां न ते मम।केवलार्थपरां हि त्वां त्यक्तधर्मां त्यजाम्यहम्।। ,"<verse>
न मयि त्वज्जनानां च कार्यं नास्ति न तैर्मम ।
धर्महीनं विगर्हे त्वां केवलं स्वार्थतत्परम् ॥
</verse>",False
 Some particles of gold dust are seen stuck to this bed here and there. I think Sita might have rested on this excellent bed with all her jewellery. , मन्ये साभरणा सुप्ता सीताऽस्मिञ्छयनोत्तमे।तत्र तत्र हि दृश्यन्ते सक्ताः कनकबिन्दवः।। ,"<verse>
हेमचूर्णकणाः क्वापि संलग्नाः शयनेऽत्र च ।
मन्ये साभरणा सीता सुप्तास्मिन् वरतल्पके ॥
</verse>",False
" ""Then Lakshmana spoke to the lord of vanaras, Sugriva about your loss and the grief caused to Rama, who is adept in accomplishing difficult deeds with ease.  ", ततस्त्वन्नाशजं शोकं रामस्याक्लिष्टकर्मणः।लक्ष्मणो वानरेन्द्राय सुग्रीवाय न्यवेदयत्।। ,"<verse>
त्वद्विनाशं च रामस्य शोकं चाक्लिष्टकर्मणः ।
लक्ष्मणो वानरेन्द्राय सुग्रीवाय न्यवेदयत् ॥
</verse>",False
" O gentle lady my heart is sinking. Touch my heart and deliver me from distress. O Kaikeyi considering all this, tell me what you think is good. ", भद्रे हृदयमप्येतदनुमृशोद्धरस्व मे।एतत्समीक्ष्य कैकेयि ब्रूहि यत्साधु मन्यसे।। ,"<verse>
कल्याणि सीदते चेतो हृदयं स्पृश पाहि माम् ।
कैकेयि सर्वमालोक्य वद यत् ते हितं मतम् ॥
</verse>",False
" The citizens in thousands greeting Rama, elder brother of Bharata lifting up their hand s with folded palms seemed like lotus buds. ", तान्यञ्जलिसहस्राणिप्रगृहीतानिनागरैः ।।व्याकोचानीवपद्मानिददर्शभरताग्रजः । ,"<verse>
पौराः सहस्रशो रामं प्रणम्य भरताग्रजम् ।
प्रगृह्याञ्जलयो भान्ति पद्ममुकुलसन्निभाः ॥
</verse>",False
 My father does not know that I am lying on the ground. It is true that there is no reward either for asceticism or for scriptural knowledge. , न नूनं तपसो वास्ति फलयोगश्श्रुतस्य वा।पिता यन्मां न जानाति शयानं पतितं भुवि।। ,"<verse>
न नूनं तपसो वास्ति फलयोगः श्रुतस्य वा ।
यन्मां निपतितं भूमौ पिता मे नावबुध्यते ॥
</verse>",False
 They knew how to deal with people. They were true to their friends. They used to impose appropriate punishment even on their own sons. , कुशला व्यवहारेषु सौहृदेषु परीक्षिता: ।प्राप्तकालं तु ते दण्डं धारयेयुस्सुतेष्वपि ।।  ,"<verse>
व्यवहारविदः सन्तः सुहृत्सु च दृढव्रताः ।
सुतेष्वपि यथान्यायं दण्डं चक्रुर्यथाविधि ॥
</verse>",False
" ""O Lord! You had spoken in such a way saying I disown a good son and Kaikeyi and cursed. May that dreadful curse not touch your son and Kaikeyi,"" said Rama. ", सपुत्रांत्वांत्यजामीतियदुक्ताकेकयीत्वया ।स शापःकेकयींघोरस्सपुत्रां न स्पृशेत्प्रभो ।। ,"<verse>
सपुत्रां त्वां त्यजामीति यदुक्ता केकयी त्वया।
स शापः केकयीं घोरः सपुत्रां न स्पृशेत्प्रभो॥
</verse>",False
  , गर्हितं तु कृतं कर्म येन स्म पशिताशिना।प्रतीकार्यं च मे तस्य वैरं भ्रातृकृतं भवेत्।। ,"<verse>
गुरुर्ब्रह्मा गुरुर्विष्णुः गुरुर्देवो महेश्वरः ।
गुरुः साक्षात् परं ब्रह्म तस्मै श्रीगुरवे नमः ॥
</verse>",False
" Compressing the trunk of the tree on the chest with one hand and bending forward a little its branches with another hand, he Angada tore Kumbha in that way in the great fight like an elephant. ", सम्पीड्यरसिचास्कन्धम् करेणाभिनिवेश्य च ।।किञ्चिदभ्यवनम्यैनमुन्ममाथयथागजः । ,"<verse>
करेणैकेन निष्पीड्य स्कन्धं वृक्षस्य वक्षसि ।
शाखाश्चान्यकरेणैव कुम्भं बभञ्ज नागवत् ॥
</verse>",False
" ""Now you will see Sri Rama whose countenance resembles the moon, with Lakshmana, with friends who are alive, with friends whose enemies are gone, just as Sachi, the consort of Indra, the Lord of gods saw."" ", पूर्णचन्द्राननंरामंद्रक्ष्यस्यार्येसलक्ष्मणम् ।।स्थिरमित्रंहतामित्रंशचीवत्रिदशेश्वरम् । ,"<verse>
शशाङ्कवदनं द्रक्ष्यस्यद्य रामं सलक्ष्मणम् ।
हतामित्रं जीवत्सुहृच्छचीव त्रिदशेश्वरम् ॥
</verse>",False
 The club was highly splendorous and of terrific strength with the banner of Indra and Nikumbha took that club roared opening his mouth wide and pierced it with force. , तमाविध्यमहातेजाश्शक्रध्वजसमंतदा ।निननादविवृत्तास्योनिकुम्भोभीमविक्रमः ।। ,"<verse>
स गृहीत्वा गदां दीप्तां महेन्द्रध्वजसन्निभाम् ।
विवृतास्यो ननादोच्चैर्निकुम्भो भीमविक्रमः ॥
</verse>",False
"  Pleased with his words Rama said, O Lakshmana go and take leave of all your friends. ", रामस्त्वनेन वाक्येन सुप्रीतः प्रत्युवाच तम्।व्रजापृच्छस्व सौमित्रे सर्वमेव सुहृज्जनम्।। ,"<verse>
तस्य वाक्येन संहृष्टो रामो लक्ष्मणमब्रवीत् ।
सर्वान् सुहृज्जनान् गच्छ आपृच्छस्व च लक्ष्मण ॥
</verse>",False
" Hit by fists and hands that had the impact of thunderbolt, teeth and eyes smashed and fallen out, the Rakshasas vomited blood from their mouth excessively. ", वज्रस्पर्शतलैर्हस्स्सैर्मुष्टिभिश्चहताभृशम् ।।वेमुश्शोणितमास्येभ्योविशीर्णदशनेक्षणाः । ,"<verse>
वज्रकल्पैस्तलैश्चापि मुष्टिभिश्चाभिताडिताः।
भिन्नाक्षा भग्नदन्ताश्च रुधिरं मुमुचुर्मुखात्॥
</verse>",False
" ""Kumbhakarna and other demon leaders wearing red clothes entered into a pool of cow dung. ", कुम्भकर्णादयश्चेमे सर्वे राक्षसपुङ्गवाः।।रक्तं निवसनं गृह्य प्रविष्टा गोमयह्रदे। ,"<verse>
कुम्भकर्णादयश्चैव रक्तवस्त्रा निशाचराः ।
ह्रदं गोमयसम्पूर्णं प्रविष्टाः सर्व एव ते ॥
</verse>",False
" ""O tiger among vanaras if you leave this place to come again, my life will be uncertain, if your coming is uncertain. There is no doubt about it. ", गते हि हरिशार्दूल पुनरागमनाय तु।प्राणानामपि सन्देहो मम स्यान्नात्र संशयः।। ,"<verse>
गते हि हरिशार्दूल पुनरागमनं प्रति ।
प्राणानां संशयो मे स्यान्नात्र कार्या विचारणा ॥
</verse>",False
" ""In a moment I reduced from a huge form to a small one, entered her heart and sprang into the sky. ", ततोऽहं विपुलं रूपं संक्षिप्य निमिषान्तरात्।तस्या हृदयमादाय प्रपतामि नभ:स्थलम्।। ,"<verse>
क्षणेन महतो रूपात्कृत्वात्मानं सुसूक्ष्मकम् ।
प्रविश्य हृदयं चास्या व्योम चाशु समुद्गतः ॥
</verse>",False
 May the one who counselled the exile of my esteemed brother acquire the sin in the same way a person who kicks the cows abuses elders and causes great offence to his friends , गाश्च स्पृशतु पादेन गुरून्परिवदेत्स्वयम्।मित्रे द्रुह्येत सोऽत्यन्तं यस्याऽर्योऽनुमते गतः।। ,"<verse>
गोपदाघातकस्यापि गुरुनिन्दां च कुर्वतः ।
मित्रद्रोहे भवेत्पापं भ्रातृप्रवासमन्त्रिणः ॥
</verse>",False
" Today my life is fulfilled, my wish is completed. I am seeing you returned to Ayodhya again as king of this kingdom. ", अद्यजन्मकृतार्थंमेसम्वृत्तश्चमनोरथः ।।यत्त्वांपश्यामिराजानमयोध्यांपुनरागतम् । ,"<verse>
अद्य मे सफलं जन्म पूर्णं च मम वाञ्छितम् ।
अयोध्यां पुनरायातं पश्यामि त्वां नराधिपम् ॥
</verse>",False
" Clad in bark garments, Rama, who has often slain demons in the past will soon kill you in war. ", असकृत्संयुगे येन निहता दैत्यदानवाः।।नचिराच्चीरवासास्त्वां रामो युधि वधिष्यति। ,"<verse>
चीरवासाः पुरा रामो बहुराक्षससूदनः ।
सङ्ग्रामे त्वां महातेजा अचिरेण हनिष्यति ॥
</verse>",False
" ""See my valour and prowess now. I will release shower of arrows from the sky like rain and it will be difficult for others to counter."" ", अद्यमत्कार्मुकोत्सृष्टंशरवर्षंदुरासदम् ।।मुक्तंवर्षमिवाकाशेवारयिष्यथसंयुगे । ,"<verse>
पश्य मे विक्रमं शौर्यं दुष्प्रसहं परैरपि ।
दिवो बाणमयीं वृष्टिं मुञ्चामि जलदो यथा ॥
</verse>",False
" ""Having been carried away from Janasthana by him Ravana poor and pitiable Sita is detained and protected by the Rakshasas."" ", तेनसीताजनस्थानाद्धृताहत्वाजटायुषम् ।रुद्दाचविवशादीनाराक्षसीभिस्सुरक्षिता ।। ,"<verse>
जनस्थानाद्धृता दीना तेन वै रावणेन सा ।
राक्षसै रक्षिता शोच्या सीता कृपणजीविता ॥
</verse>",False
 We shall share them. I do not like disputes in this regard. Go swiftly and get drinks and food to lick. Let the accompanying  dishes of all variety and quality be brought. , विभजाम ततः सर्वा विवादो मे न रोचते।पेयमानीयतां क्षिप्रं लेह्यमुच्चावचं बहु।। ,"<verse>
विभजाम विवादोऽत्र न मे रोचति सर्वथा ।
पेयं लेह्यं च शीघ्रेण सोपदंशं समानय ॥
</verse>",False
" ""If Sugriva is true to his promise to fight for me, if he should be able to rescue me from this ocean of agony let Hanuman be cool not consumed by fire."" ", यदि मां तारयेदार्यस्सुग्रीवः सत्यसङ्गरः।।अस्माद्धुःखाम्बुसंरोधाच्छीतो भव हनूमतः। ,"<verse>
यदि मां तात सुग्रीवः सत्यसन्धो विमोक्ष्यति ।
अस्माद्दुःखाम्बुसंरोधाच्छीतो भव हनूमतः ॥
</verse>",False
" ""O Brahmarshi, shall I touch this great bow with my hands lift and string it"". ", इदं धनुर्वरं ब्रह्मन् संस्पृशामीह पाणिना।यत्नवांश्च भविष्यामि तोलने पूरणेऽपि वा।। ,"<verse>
इदं दिव्यं धनुःश्रेष्ठं स्पृशेयं वा करेण किम्।
यत्नं चास्य करिष्यामि तोलने पूरणेऽपि वा॥
</verse>",False
" The general went ascending the chariot shining with well polished shining gold, decked with flags after going around clockwise. ", पताकालङ्कृतंदीप्तंतप्तकाञ्चनभूषितम् ।रथंप्रदक्षिणंकृत्वासमारोहच्चमूपतिः ।। ,"<verse>
प्रदक्षिणं च तं कृत्वा सुतप्ततपनीयजम् ।
आरुरोह रथं दीप्तं पताकाध्वजशोभितम् ॥
</verse>",False
" Son of Vivaswan Sugriva, the chief of vanaras, Kushaparva, Riksha Jambavan, Ketumala and myself also will be able to reach this place. "," विवस्वतस्तनूजस्य हरेश्च कुशपर्वणः।

ऋक्षस्य केतुमालस्य मम चैव गतिर्भवेत्।।
  ","...""
    What about:
    ""ऋक्षजाम्बवकुशौ..."" (no, Kushaparva).
    What if:
    ""कुशपर्वा तथा ऋक्षो"" -> ""कुशपर्वा तथर्क्षश्च""
    What if:
    ""ऋक्षराजश्च जाम्बवान्"" (8) -> missing Kushaparva.
    Where can Kushaparva go?
    What if Kushaparva is in Pada 3?

    Let's test swapping names between Pada 2 and Pada 3!
    Names to divide between Pada 2 and Pada 3 (16 syllables total):
    - Kushaparva (कुशपर्वा = 4)
    - Riksha (ऋक्षः = 2)
    - Jambavan (जाम्बवान् = 3)
    - Ketumala (केतुमालः = 4)
    - myself (अहम् = 2)
    - connectives (च, तथा = 2-3)
    Total = 4 + 2 + 3 + 4 + 2 + 2 = 17 syllables.

    Let's fit:
    Pada 2 (8 syllables): Riksha Jambavan + Kushaparva (or Ketumala)
    Pada 3 (8 syllables): Kushaparva (or Ketumala) + myself

    Let's test:
    Pada 2: ""ऋक्षराजश्च जाम्बवान्"" (8 syllables)
    Let's check meter:
    1: ṛk (G)
    2: ṣa (L)
    3: rā (G)
    4: jaś (G)
    5: ca (L) -> 5th LAGHU (अ)
    6: jām (G) -> 6th GURU (ā + m)
    7: ba (L) -> 7th HRASVA (अ)
    8: vān (G)
    Meter of ""ऋक्षराजश्च जाम्बवान्"":
    5 = ca (LAGHU)
    6 = jām (GURU)
    7 = ba (HRASVA)
    8 = vān
    PERFECT `u - u -`!
    Meaning: ""and Riksha-king Jambavan"" (ऋक्षराजश्च जाम्बवान्)!

    Now Pada 3 needs: Kushaparva, Ketumala, myself.
    Let's count syllables:
    कुशपर्वा (4) + केतुमालः (4) = 8 syllables!
    Wait! ""कुशपर्वा केतुमालः"" = 8 syllables!
    Let's check meter of ""कुशपर्वा केतुमालः"":
    1: ku (L)
    2: śa (L)
    3: par (G)
    4:",False
" ""I wish you to build friendship with Rama, the bull among men. Surely it is the right thing for you to do, if you are desirous of avoiding a dreadful death. ", मित्रमौपयिकं कर्तुं रामः स्थानं परीप्सता।।वधं चानिच्छता घोरं त्वयासौ पुरुषर्षभः। ,"<verse>
रामेण नरसिंहेन सख्यं ते रोचयाम्यहम् ।
मृत्योर्घोराद् विमोक्षाय युक्तमेतत् तवोचितम् ॥
</verse>",False
" ""Why are you despondent? You have huge and mighty army strength. When you went to Bhogavathi, the Nagas were subdued in war by your mighty army."" ", सुमहन्नोबलंकस्माद्विषादंभजतेभवान् ।त्वयाभोगवतींगत्वानिर्जिताःपन्नगायुधि ।। ,"<verse>
किं विषीदसि राजेन्द्र विपुलं च बलं तव ।
गत्वा भोगवतीं नागा जिता युधि बलेन ते ॥
</verse>",False
" Enraged and effulgent Rama took up thirteen darts, radiant like the Sun, with a wish to kill the demon. ", ततः पश्चान्महातेजा नाराचान्भास्करोपमान्।जिघांसू राक्षसङ्कृद्धस्त्रयोदश समाददे।। ,"<verse>
क्रुद्धो रामो महातेजा रक्षसो वधकाङ्क्षया ।
जग्राह रविसङ्काशान् शरांश्चैव त्रयोदश ॥
</verse>",False
" His words are auspicious. They are refined. Neither fast nor slow, his utterances captivate the heart. ", संस्कारक्रमसम्पन्नामद्रुतामविलम्बिताम्।उच्चारयति कल्याणीं वाचं हृदयहारिणी।। ,"<verse>
कल्याणी संस्कृता तस्य वाग्नातिद्रुतमन्थरा ।
श्रोतुश्चित्तं हरत्येषा हृदयानन्ददायिनी ॥
</verse>",False
"  O sinless one, I did not get myself coronated owing to fear of unrighteous conduct and fear of the other world. ", अधर्मभयभीतश्च परलोकस्य चानघ। तेन लक्ष्मण नाद्याह मात्मानमभिषेचये।। ,"<verse>
अधर्मभयभीतेन परलोकभयेन च।
नाभिषेकः कृतः पूर्वं मयात्मनोऽपि चानघ॥
</verse>",False
" Then the agitated brothers, aware of time and space, quickly pulled out their swords and cut off both his arms from the shoulders. ", ततस्तौ देशकालज्ञौ खड्गाभ्यामेव राघवौ।अच्छिन्दतां सुसंविग्नौ बाहू तस्यांसदेशतः।। ,"<verse>
संभ्रान्तौ भ्रातरौ तौ तु देशकालविशारदौ।
निष्कृष्याशु ततः खड्गौ बाहू चांसादकृन्तताम्॥
</verse>",False
" Dasarathas son, Rama had to rest on the ground would admittedly mean that no divine power is mightier than Time Destiny. ", न नूनं दैवतं किंचित्कालेन बलवत्तरम्।यत्र दाशरथी रामो भूमावेव शयीत सः।। ,"<verse>
न नूनं दैवतं किञ्चित्कालेन बलवत्तरम् ।
यत्र दाशरथी रामः शेते भूमावनाथवत् ॥
</verse>",False
" They passed by wild rice fields, jackfruit trees, palmyra and various other trees like Ashoka, trees with white flowers, old trees that existed for a long time, mahva trees, bilva trees and tindukas. ", नीवारान्पनसांस्तालांस्तिमिशान्वञ्चुलान्धवान्।चिरिबिल्वान्मधूकांश्च बिल्वानपि च तिन्दुकान्।। ,"<verse>
नीवारपनसैस्तालैर्बिल्वैश्चापि सतिन्दुकैः ।
अशोकैश्च मधूकैश्च श्वेतपुष्पैश्चिरन्तनैः ॥
</verse>",False
" ""I would have slayed these two sinners who praise the enemy side, if my anger had not softened and remembered their earlier services."" ", हन्यामहंत्विमौपापौशत्रुपक्षप्रशंसकौ ।यदिपूर्वोपकारैस्तुनक्रोधोमृदुतांव्रजेत् ।। ,"<verse>
स्मृत्वा पूर्वोपकारं तु न चेत्क्रोधो मृदुर्भवेत् ।
हन्यामहमिमौ पापौ शत्रुपक्षप्रशंसकौ ॥
</verse>",False
" O Saumitri look at the beauty of these numerous flowering trees on the banks of Pampa, entwining creepers with blooming tops. ", पुष्पितान्पुष्पिताग्राभिर्लताभिः परिवेष्टितान्। द्रुमान्पश्येह सौमित्रे पम्पाया रुचिरान्बहून्।। ,"<verse>
सौमित्रे पश्य पम्पायास्तीरे रम्यान् सुपुष्पितान्।
लतावेष्टितशाखांश्च प्रफुल्लाग्रांश्च सर्वशः॥
</verse>",False
" Thus bound, the son of the sage praised the two devatas, Indra and Upendra with moving words. ", सबद्धो वाग्भिरग्य्राभिरभितुष्टाव वै सुरौ।इन्द्रमिन्द्रानुजं चैव यथावन्मुनिपुत्रक:।। ,"<verse>
तथा बद्धो मुनेः सूनुरिन्द्रोपेन्द्रौ सुरावुभौ ।
तुष्टाव स च हृद्याभिर्वाग्भिः प्रीणन् जगत्पती ॥
</verse>",False
" Tawnyhued Hanuman, gifted with extraordinary strength and patience happily strolled on the marshy tracts of grassy land which had the colour of vaidurya. ", अथ वैडूर्यवर्णेषु शाद्वलेषु महाबलः।धीरः सलिलकल्पेषु विचचार यथासुखम्।। ,"<verse>
वैदूर्यसमवर्णे च शाद्वले सुखमाचरत् ।
पिङ्गाभो धैर्यवान् शूरो हनूमान् स महाबलः ॥
</verse>",False
 They were heroic. They possessed steady perseverance. They followed the state policy and always protected the virtuous people living in the state. , वीराश्च नियतोत्साहा राजशास्त्रमनुष्ठिता: ।शुचीनां रक्षितारश्च नित्यं विषयवासिनाम् ।।  ,"<verse>
वीरा धृतिसमायुक्ता नयमार्गानुसारिणः ।
सदा शिष्टजनान् राष्ट्रे पालयामासुरन्वहम् ॥
</verse>",False
" ""Vibhishana, a tiger among demons, asked Ravana to give up his decision as it was a forbidden course according to the science of royal polity.  ", नैवं राक्षसशार्दूल त्यज्यतामेष निश्चयः।राजशास्त्रव्यपेतो हि मार्गः संसेव्यते त्वया।। ,"<verse>
रक्षोव्याघ्रो महाप्राज्ञो विभीषण उवाच तम् ।
त्यज्यतां मतिरेषा ते राजनीतिविरोधिनी ॥
</verse>",False
 The sky has drained the water from the oceans through the Suns rays and has borne it for nine months from Kartika to Asarha in its womb. It delivers water which is the base for all juices. , नवमासधृतं गर्भं भास्करस्य गभस्तिभिः।पीत्वा रसं समुद्राणां द्यौः प्रसूते रसायन।। ,"<verse>
नवमासधृतं गर्भं भास्करस्य गभस्तिभिः ।
पीत्वा रसं समुद्राणां द्यौः प्रसूते रसायनम् ॥
</verse>",False
" ""Whoever was capable of predicting the future have said that I will be the mother of sons and not become a widow. Now if Rama is dead, they become liars."" ", ऊचुर्लक्षणिकायेमांपुत्रिण्यविधवेतिच ।तेऽद्यसर्वेहतेरामेज्ञानिनोऽनृतवादिनः ।। ,"<verse>
पुत्रिण्यविधवास्मीति प्रोचुः कालविदो जनाः ।
हते रामेऽधुना ते तु जाता ह्यनृतवादिनः ॥
</verse>",False
" Then righteous Anasuya, having heard the great story of Sita, kissed her on the forehead and embraced her with both the arms. ", अनसूया तु धर्मज्ञा श्रुत्वा तां महतीं कथाम्।पर्यष्वजत बाहुभ्यां शिरस्याघ्राय मैथिलीम्।। ,"<verse>
श्रुत्वा सीताकथां दिव्यामनसूया तु धर्मवित् ।
मूर्ध्नि चाघ्राय तां सीतां बाहुभ्यां परिषस्वजे ॥
</verse>",False
 The virtuous son of that ascetic assumed a celestial form through the merit of his good deeds and ascended heaven at once with Indra. , स तु दिव्येन रूपेण मुनिपुत्रस्स्वकर्मभिः।स्वर्गमध्यारुहत्क्षिप्रं शक्रेण सह धर्मवित्।। ,"<verse>
दिव्यं रूपं समास्थाय मुनेः पुत्रः सुधार्मिकः ।
स्वपुण्येन दिवं यातः शक्रेण सह सत्वरम् ॥
</verse>",False
" The virtuous Rama embraced Trijata, and despatched all the cattle extending up to the bank of Sarayu to his hermitage. ", तं परिष्वज्य धर्मात्मा आतस्मात्सरयूतटात्।।आनयामास ता गोपै स्त्रिजटायाश्रमं प्रति। ,"<verse>
स परिष्वज्य धर्मात्मा त्रिजटं तस्य चाश्रमम् ।
आ सरय्वास्तटाद् गाश्च सर्वाः प्रास्थापयत् प्रभुः ॥
</verse>",False
" Hanuman possessed with fierce valour said to Vaidehi, so be it and bowed his head, and offered salutations before he departed. ", स तथेति प्रतिज्ञाय मारुतिर्भीमविक्रमः।।शिरसा वन्ध्य वैदेहीं गमनायोपचक्रमे। ,"<verse>
बाढमित्येव संकीर्त्य हनूमान् भीमविक्रमः।
शिरसा प्रणिपत्याथ वैदेहीं स प्रतस्थिवान्॥
</verse>",False
" The lord of the earth, highly powerful king Kusanabha invited Brahmadatta, and gave his hundred daughters in marriage to him with a heart highly pleased. ", तमाहूय महातेजा ब्रह्मदत्तं महीपति:।  ददौ कन्याशतं राजा सुप्रीतेनान्तरात्मना।।  ,"<verse>
कुशनाभो महीपाल आहूयाथ महाबलः।
ददौ कन्याशतं प्रीत्या ब्रह्मदत्ताय धीमते॥
</verse>",False
" Then the gods together with the gandharvas, asuras and serpents in bewildered minds approached Lord Brahma. ", ततो देवास्सगन्धर्वास्सासुरास्सहपन्नगा:।सम्भ्रान्तमनसस्सर्वे पितामहमुपागमन्।। ,"<verse>
ततो देवाः सगन्धर्वाः सासुराः पन्नगास्तथा ।
विमूढचेतसः सर्वे ब्रह्माणं शरणं ययुः ॥
</verse>",False
" You must not speak any harsh or unpleasant words against Bharata. If you do, they will be deemed to be directed against me. ", न हि ते निष्ठुरं वाच्यो भरतो नाप्रियं वचः।अहं ह्यप्रियमुक्त स्स्यां भरतस्याप्रिये कृते।। ,"<verse>
भरतस्य विरुद्धं तु मा ब्रूहि वचनं क्वचित्।
तस्य विप्रियवाक्यं यत् मयि प्रोक्तं भवेद्धि तत्॥
</verse>",False
" O king for a woman the first refuge is the husband, the second her son, the third her relatives and there is no fourth alternative in this world. ", गतिरेका पतिर्नार्या द्वितीया गतिरात्मजः।तृतीया ज्ञातयो राजंश्चतुर्थी नेह विद्यते।। ,"<verse>
पतिरेका गतिर्नार्या द्वितीया गतिरात्मजः ।
तृतीया ज्ञातयो राजंश्चतुर्थी नैव विद्यते ॥
</verse>",False
 Lakshmana lit the pyre with big meteorlike logs on all sides and it burned. , लक्ष्मणस्तु महोल्काभिर्ज्वलिताभिस्समन्ततः।चितामादीपयामास सा प्रजज्वाल सर्वतः।। ,"<verse>
उल्कासमैर्महाकाष्ठैः सर्वतो लक्ष्मणश्चिताम् ।
अदीपयत्समन्ताच्च सा चाप्यज्वलदुत्थिता ॥
</verse>",False
" The lord of the demons by the side of Sita, princess of Videha with her jingling ornaments looked like the darkblue raincloud with its lightning and thunder. ", तस्या भूषणघोषेण वैदेह्या राक्षसाधिपः।बभौ सचपलो नीलस्सघोष इव तोयदः।। ,"<verse>
वैदेह्या सह रक्षेशः शिञ्जद्भूषणया तया ।
सविद्युत्स्तनितो नीलो रराज जलदो यथा ॥
</verse>",False
" O Rama having heard Rambha trembling in fear and standing with folded palms, Indra spoke ", एवमुक्तस्तया राम रम्भया भीतया तदा।।तामुवाच सहस्राक्षो वेपमानां कृताञ्जलिम्। ,"<verse>
तस्याः संवेपमानायाः श्रुत्वा वचनमब्रवीत् ।
त्रस्तायाः प्राञ्जलेर्वाक्यं महेन्द्रः पाकशासनः ॥
</verse>",False
" Those sages, glancing at Rama with suspicious eyes, knitting their eyebrows and murmering among themselves, conversed secretly.   ", नयनैर्ब्रुकुटीभिश्च रामं निर्दिश्य शङ्किताः।अन्योन्यमुपजल्पन्त श्शनैश्चक्रुर्मिथः कथाः।। ,"<verse>
सशङ्कं राममीक्षन्तो भ्रूभङ्गं समकुर्वत ।
मुनयोऽपि मिथो मन्दं रहस्यं सममन्त्रयन् ॥
</verse>",False
" The foremost of Devas, the glorious Indra, on hearing their sweet words called his charioteer Matali and spoke as follows. ", ततोदेववरर्श्रीमान् श्रुत्वातेषांवचोऽमृतम् ।।आहूयमातलिंशक्रोवचनंचेदमब्रवीत् । ,"<verse>
श्रुत्वा तु मधुरं वाक्यं सुरश्रेष्ठः शतक्रतुः ।
सूतं मातलिमाहूय इदं वचनमब्रवीत् ॥
</verse>",False
 O Saumitri With leafless kimsuka trees in full bloom all over the mountain ranges they appear beautiful like blazing mountains. , गिरिप्रस्थास्तु सौमित्रे सर्वतस्सम्प्रपुष्पितैः। निष्पत्रैस्सर्वतो रम्यैः प्रदीप्ता इव किंशुकैः।। ,"<verse>
निष्पत्रैः किंशुकैः फुल्लैः सौमित्रे सर्वतो गिरेः ।
प्रदीप्ता इव शैलाग्रा विभान्ति रुचिरप्रभाः ॥
</verse>",False
" That way when the two princes came near the range of Ravanas arrows, it was like the Sun and the moon near planet Rahu. ", तयोःशरपथंप्राप्यरावणोराजपुत्रयोः ।स बभौ च यथाराहुःसमीपशशिसूर्ययोः ।। ,"<verse>
तथा तौ राजपुत्रौ तु रावणेषुपथं गतौ ।
राहुं ग्रहमुपायातौ सूर्यचन्द्रमसाविव ॥
</verse>",False
" With his very fortunate sons, Dasaratha was highly pleased like Brahma was with the gods. ", स चतुर्भिर्महाभागै:पुत्रैर्दशरथ: प्रियै:।।बभूव परमप्रीतो देवैरिव पितामह:। ,"<verse>
तैश्चतुर्भिर्महाभागैः पुत्रैर्दशरथः प्रियैः ।
बभूव परमप्रीतो देवैरिव पितामहः ॥
</verse>",False
"  Ravana whose body was not hurt by the weapons in war with gods, who could perturb even the imperturbable seas, was quick  in action. ", अहताङ्गं समस्तैश्च देवप्रहरणैस्तथा।अक्षोभ्याणां समुद्राणां क्षोभणं क्षिप्रकारिणम्।। ,"<verse>
सुरास्त्रैरक्षताङ्गात्मा अक्षोभ्याब्धिप्रचालकः ।
क्षिप्रकारी दशग्रीवः सर्वकर्मसु रावणः ॥
</verse>",False
 O noble brother be alert. Heed my words of good advice. The bad omens I see presage perils. , तस्मात्सज्जीभवार्य त्वं कुरुष्व वचनं हितम्।ममैव हि निमित्तानि सद्यश्शंसन्ति सम्भ्रमम्।। ,"<verse>
सावधानो भव भ्रातः शृणु मे वचनं हितम् ।
दुर्निमित्तानि दृश्यन्ते शंसन्ति च महद्भयम् ॥
</verse>",False
" The learned brahmarakshasas always look out for flaws in the sacrifice so that they can spoil it. If a flaw finds place, the doer of the sacrifice is immediately destroyed. ", छिद्रं हि मृगयन्तेऽत्र विद्वांसो ब्रह्मराक्षसा: ।निहतस्य च यज्ञस्य सद्य: कर्ता विनश्यति ।।  ,"<verse>
यज्ञे छिद्रं प्रपश्यन्ति विद्वांसो ब्रह्मराक्षसाः ।
तत्र छिद्रप्रवेशेन सद्यः कर्ता विनश्यति ॥
</verse>",False
" ""O Vaidehi Rama, Lakshmana and Sugriva always remember you. Luckily you are alive even though you are under the clutches of shedemons. ", नित्यं स्मरति रामस्त्वां ससुग्रीव स्सलक्ष्मणः।दिष्ट्या जीवसि वैदेहि राक्षसीवशमागता।। ,"<verse>
त्वां स्मरन्ति सदा रामलक्ष्मणार्कसुतास्त्रयः ।
दिष्ट्या जीवसि वैदेहि राक्षसीनां वशेऽपि च ॥
</verse>",False
 Rama spent the night with his subjects not very far from the bank of Tamasa which was crowded with herds of cattle. , गोकुलाकुलतीरायास्तमसाया विदूरतः।अवसत्तत्र तां रात्रिं रामः प्रकृतिभिस्सह।। ,"<verse>
गोकुलाकुलतीरायास्तमसायास्तटेऽवसत् ।
तां रात्रिं राघवो धीमान्नातिदूरे जनैः सह ॥
</verse>",False
" O heavyhipped lady your face which is a clean lotus pleasing to the eye has lost its shine, stricken with grief. ", वदनं पद्मसङ्काशममलं चारुदर्शनम्।शोकार्तंतु वरारोहे न भ्राजति वरानने।। ,"<verse>
नेत्रकान्तं मुखाम्भोजं विमलं ते नितम्बिनि ।
शोकार्तं म्लानतां यातं निष्प्रभं च गतश्रियम् ॥
</verse>",False
" The king of Kekaya felicitated Bharata, out of affection and bestowed on him wellbred elephants, manycoloured blankets, antelope skins and riches. ", तस्मै हस्त्युत्तमांश्चित्रान्कम्बलानजिनानि च।अभिसत्कृत्य कैकेयो भरताय धनं ददौ।। ,"<verse>
सत्कृत्य भरतं स्नेहाद् द्रव्यं ददौ स केकयः ।
चित्रांश्च कम्बलांश्चैव वरेभानजिनानि च ॥
</verse>",False
" Then, after a long time Sagaras sixty thousand sons attained beauty and youth. ", अथ दीर्घेण कालेन रूपयौवनशालिन:।षष्टि: पुत्रसहस्राणि सगरस्याभवंस्तदा।। ,"<verse>
कालेन महता तात रूपयौवनशालिनः ।
षष्टिः पुत्रसहस्राणि सगरस्याभवंस्तदा ॥
</verse>",False
" ""This monkey is full of zeal. He will build a bridge over me, and I will bear it. In that way he is like his father."" ", एषसेतुंमहोत्साहःकरोतुमयिवानरः ।तमहंधारयिष्यामियथाह्येषपितातथा ।। ,"<verse>
अयमुत्सहते कर्तुं सेतुं मयि महाबलः ।
तदहं धारयिष्यामि तथा ह्येष पिता यथा ॥
</verse>",False
"  With highly agitated minds and meloncholic faces, all of them approached magnanimous Brahma and having propitiated him said     ", ते प्रसाद्य महात्मानं विषण्णवदनास्तदा। ऊचु: परमसन्त्रस्ता पितामहमिदं वच:।। ,"<verse>
भृशोद्विग्नधियः सर्वे दीनम्लानमुखास्तथा ।
महात्मानं विधातारं तं प्रसाद्येदमब्रुवन् ॥
</verse>",False
" Pressing the mountain hard by his feet, opening his largemouth wide, he roared like Rakshasas to make Rakshasas fearful. ", पद्भ्यांतुशैलमापीड्यबडबामुखवन्मुखम् ।विवृत्योग्रंननादोच्चैस्त्रासयन्निवराक्षसान् ।। ,"<verse>
पादाभ्यां शैलमापीड्य विवृत्य वदनं महत् ।
राक्षसांस्त्रासयंश्चैव ननाद राक्षसोपमः ॥
</verse>",False
" Bharata was more distraught on hearing the words that conveyed the second unpleasant tidings. With downcast countenance, he again enquired of his mother thus ", तच्छ्रुत्वा विषसादैव द्वितीयाप्रियशंसनात्।विषण्णवदनो भूत्वा भूयः पप्रच्छ मातरम्।। ,"<verse>
द्वितीयेन तु शोकेन भरतो मर्मपीडितः ।
विषण्णवदनो भूत्वा मातरं पुनरब्रवीत् ॥
</verse>",False
  Powerful Hanuman with all vehemence lifted the rock and hurled it at the giant which he angrily smashed with ten arrows. , तरसा तां समुत्पाट्य चिक्षेप बलवद्भली।तां शरैर्दशभिः क्रुद्धस्ताडयामास राक्षसः।। ,"<verse>
उद्धृत्य मारुतिः शैलं तस्मै चिक्षेप वेगतः ।
चिच्छेद दशभिर्बाणैः स क्रुद्धो रजनीचरः ॥
</verse>",False
" Looking at the city, unassailable even to gods and demons, Hanuman sighed again and again thinking ", तां पुरीं तादृशीं दृष्ट्वा दुराधर्षां सुरासुरैः।हनुमान् चिन्तयामास विनिश्चित्य मुहुर्मुहुः।। ,"<verse>
देवासुरदुराधर्षां पुरीं दृष्ट्वा विचिन्तयन् ।
मुहुः श्वासं मुमोचाथ हनूमान् कपिसत्तमः ॥
</verse>",False
" On hearing the auspicious words of Rama conveying his intention, the great sage Bharadwaja replied to him thus ", एतछ्रुत्वा शुभं वाक्यं भरद्वाजो महामुनिः।राघवस्य ततो वाक्यमर्थग्राहकमब्रवीत्।। ,"<verse>
तस्य तद्वचनं श्रुत्वा भरद्वाजो महामुनिः ।
राघवस्य मतं बुद्ध्वा प्रत्युवाच शुभं वचः ॥
</verse>",False
" While Kausalya was speaking these hearttouching words, the rays of the Sun began to fade and the night fell. ", एवं हि कथयन्त्यास्तु कौसल्यायाश्शुभं वचः।मन्दरश्मिरभूत्सूर्यो रजनी चाभ्यवर्तत।। ,"<verse>
कौसल्यायां ब्रुवन्त्यां तु वचो हृदयहारि तत्।
मन्दे रविकरौघे च रजनी समपद्यत॥
</verse>",False
 They imbibed virtues from the elderlies. They were renowned in prowess. They were guided by their intellect in all affairs. They were wellknown everywhere.  , गुरोर्गुणगृहीताश्च प्रख्याताश्च पराक्रमे ।विदेशेष्वपि विज्ञातास्सर्वतो बुद्धिनिश्चयात् ।।  ,"<verse>
वृद्धाद् गुणग्रहास्ते तु विक्रमेण च विश्रुताः ।
बुद्ध्या सर्वेषु कार्येषु विख्याताः सर्वतो दिशि ॥
</verse>",False
" It was decked with a gold band, encrusted with diamonds and corals, in the form of Yamas rod, a fierce one which dispelled fear. ", हेमपट्टपरिक्षिप्तंवज्रविद्रुमभूषितम् ।यमदण्डोपमंभीमंरक्षसांभयनाशनम् ।। ,"<verse>
काञ्चनेन सुपट्टेन वज्रविद्रुमभूषितम् ।
यमदण्डप्रतीकाशं घोरं भयविनाशनम् ॥
</verse>",False
" With my father ascended to heaven and Rama gone to the forest, where is the strength in me to live? I shall enter the blazing fire. ", पितरि स्वर्गमापन्ने रामे चारण्यमाश्रिते।।किं मे जीवितसामर्थ्यं प्रवेक्ष्यामि हुताशनम्। ,"<verse>
स्वर्गं गते पितर्यद्य रामे चापि वनं गते ।
का शक्तिर्जीवितुं मेऽस्ति दीप्तं वह्निं विशाम्यहम् ॥
</verse>",False
 May the one who counselled the exile of my esteemed brother acquire the demerit of unrighteousness in the same way as a master who gets a difficult work done by a servant without remuneration. , कारयित्वा महत्कर्म भर्ता भृत्यमनर्थकम्।अधर्मो योऽस्य सोऽस्यास्तु यस्याऽर्योऽनुमतेगतः।। ,"<verse>
कारयित्वा महत्कर्म भर्ता भृत्यमनर्थकम्।
अधर्मो योऽस्य सोऽस्यास्तु यस्यार्योऽनुमते गतः॥
</verse>",False
" ""My speed is like that of the ocean, my movement is like that of the wind and Dasarathas son does not know this. Therefore, he is coming to attack me."" ", सागरस्येनमेवेगोमारुतस्येवमेगतिः ।नैतद्दाशरथिर्वेदह्यासादयतितेनमाम् ।। ,"<verse>
समुद्र इव वेगेन मारुतस्येव मे गतिः ।
दाशरथिर्न जानाति तेनाभियाति मामिह ॥
</verse>",False
" Kaikeyi for fear of whom you dare not ask the charioteer about Rama, O king is not here. You may speak to him without fear. ", देव यस्या भयाद्रामं नानुपृच्छसि सारथिम्। नेह तिष्ठिति कैकेयी विस्रब्धं प्रतिभाष्यताम्।।  ,"<verse>
यस्या भयान्न सूतं त्वं पृच्छसीह नराधिप।
सा कैकेयी न चेहास्ति विश्रब्धं भाषतां भवान्॥
</verse>",False
" ""Let Gandhamadana, the unassailable and powerful vanara resembling the elephant in rut take charge of the left portion of the army"". ", गन्धहस्तीव दुर्धर्षस्तरस्वी गन्धमादनः ।यातु वानरवाहिन्या स्सव्यं पार्श्वमधिष्ठितः ।।  ,"<verse>
मत्तो मातङ्गसंकाशो दुर्धर्षो बलवान् कपिः ।
सव्यं पार्श्वं महासैन्ये रक्षतु गन्धमादनः ॥
</verse>",False
" ""O evil minded one, why do you brag You do this once more I will strike you once again with my fist and send you to the abode of Yama."" ", सकृत्तुप्रहरेदानींदुर्भुद्धे किंविकत्थसे ।।ततस्त्वांमामिकामुष्टिर्नयिष्यतियमक्षयम् । ,"<verse>
किं विकत्थसि दुर्बुद्धे पुनरेतत्कुरुष्व भोः।
भूयो मुष्टिप्रहारेण नेष्यामि यमसादनम्॥
</verse>",False
" ""O demonesses beg her pardon now even though you had threatened her earlier. Where is the need to hesitate? There is cause for concern for demons from Rama. ", भर्त्सितामपि याचध्वं राक्षस्यः किं विवक्षया।।राघवाद्धि भयं घोरं राक्षसानामुपस्थितम्। ,"<verse>
तर्जितापि पुरा चेयं प्रसाद्यतां किमत्र वः।
रामाद्रक्षःकुलस्यापि महद्भयमुपस्थितम्॥
</verse>",False
" The vanaras praised Angada, the bull among vanaras and went to Madhuvanam swiftly like a fastflowing river going to uproot a tree.  ", पूजयित्वाङ्गदं सर्वे वानरा वानरर्षभम्।।जग्मुर्मधुवनं यत्र नदीवेग इव द्रुमम्। ,"<verse>
प्रशंसन्तो हरिश्रेष्ठमङ्गदं प्लवगर्षभम् ।
मधुवनं ययुर्वेगाद् नदीव द्रुमहारिणी ॥
</verse>",False
" This is the seventh night since I left my noble grandsires residence. My mothers father, king of Kekaya and my maternal uncle Yudhajit are doing well. ", अद्य मे सप्तमी रात्रिश्च्युतस्याऽर्यकवेश्मनः।अम्बायाः कुशली तात युधाजिन्मातुलश्च मे।। ,"<verse>
अद्य मे सप्तमी रात्रिश्च्युतस्यार्यस्य वेश्मनः ।
कुशली च स राजर्षिर्युधाजिन्मातुलश्च मे ॥
</verse>",False
" Great ascetic Viswamitra, hearing Ramas words, chose a nottoocrowded place near a watersource for encampment. ", रामस्य वचनं श्रुत्वा विश्वामित्रो महामुनि:।निवेशमकरोद्देशे विविक्ते सलिलायुते।। ,"<verse>
श्रुत्वा रामस्य तद्वाक्यं विश्वामित्रो महातपाः ।
चक्रे तोयाशयाभ्याशे नातिसंबाधमाश्रयम् ॥
</verse>",False
" Talking about Ravana in that manner, Rama climbed the captivating slopes of Suvela to rest there. ", एवंसम्मन्त्रयन्नेवसक्रोधोरावणंप्रति ।रामःसुवेलमासाद्यचित्रसानुमुपारुहत् ।। ,"<verse>
इत्येवं रावणं शंसन् रामः सुवेलमारुहत् ।
विश्रामाय मनोज्ञेऽस्मिन् सानौ रम्ये समाविशत् ॥
</verse>",False
 If some one cuts down mango trees and plants palasa trees and waters them will repent when he sees only flowers while he expects fruit.  , कश्चिदाम्रवणं छित्त्वा पलाशां श्च निषिञ्चति।पुष्पं दृष्ट्वा फले गृध्नु स्स शोचति फलागमे।। ,"<verse>
आम्रं छित्त्वा कुठारेण पलाशं परिषिञ्चति।
पुष्पं दृष्ट्वा फले गृध्नुः स शोचेत्फलमागते॥
</verse>",False
" ""When I heard her pathetic appeal, I was overtaken by anger. I perceived the task left over for me to do. ", तच्छ्रुत्वा करुणं वाक्यं क्रोधो मामभ्यवर्तत।उत्तरं च मया दृष्टं कार्यशेषमनन्तरम्।। ,"<verse>
श्रुत्वा करुणमाक्रन्दं क्रोधो मामभ्यपद्यत ।
परिशिष्टं च यत्कार्यं तदपश्यमहं तदा ॥
</verse>",False
 I am a demon named Viradha. I move in this dense forest with my weapons eating the flesh of the sages. , अहं वनमिदं दुर्गं विराधो नाम राक्षसः।चरामि सायुधो नित्यमृषिमांसानि भक्षयन्।। ,"<verse>
अहं विराधनामास्मि राक्षसो गहने वने ।
ऋषीणां भक्षयन् मांसं चरामि सायुधः सदा ॥
</verse>",False
 Kharas chariot moved a bit behind the army of demons of frightening prowess who rushed forward to attack Rama.  , तांस्त्वभिद्रवतो दृष्ट्वा राक्षसान् भीमविक्रमान्।खरस्यापि रथः किञ्चिज्जगाम तदनन्तरम्।। ,"<verse>
राममभ्यद्रवद् घोरं सैन्यं भीमपराक्रमम् ।
किञ्चित् पृष्ठे खरस्यापि रथो मन्दं जगाम ह ॥
</verse>",False
" Kausalya, with eyes filled with tears and her face emaciated, addressing Sumitra and the other wives of the king sadly said ", कौसल्या बाष्पपूर्णेन मुखेन परिशुष्यता।सुमित्रामब्रवीद्दीना याश्चान्या राजयोषितः।। ,"<verse>
कौसल्या साश्रुनेत्रा च म्लानवक्त्रा सुदुःखिता ।
सुमित्रां नृपपत्नीश्च समाभाष्य वचोऽब्रवीत् ॥
</verse>",False
"  O sinless one, I have kown all these facts about you by the power of penance and love for Dasaratha. ", विदितो ह्येष वृत्तान्तो मम सर्वस्तवानघ।।तपसश्च प्रभावेण स्नेहाद्दशरथस्य च।  ,"<verse>
तपसश्च प्रभावेण स्नेहाद्दशरथस्य च ।
मया सर्वमिदं ज्ञातं वृत्तमेतत्तवानघ ॥
</verse>",False
 I shall fulfil my promise just as Indra who performed a hundred sacrifices helps production in the cornfield through timely rain. Give up your apprehension. , सफलां च करिष्यामि प्रतिज्ञां जहि सम्भ्रमम्।प्रसूतं कलमं क्षेत्रे वर्षेणेव शतक्रत।। ,"<verse>
शतक्रतुर्यथा काले वर्षञ्छस्यं विवर्धयेत् ।
प्रतिज्ञां पूरयिष्यामि विमुञ्च भयमात्मनः ॥
</verse>",False
" If a man tells a lie about a horse, he commits the sin of killing a hundred horses. If one tells a lie about a cow, he shares the sin of killing a thousand cows. If one tells a lie about a man, it is equal to the sin of killing oneself and his own people. ", शतमश्वानृते हन्ति सहस्रं तु गवानृते।आत्मानं स्वजनं हन्ति पुरुषः पुरुषानृते।। ,"<verse>
शतं ह्यश्वानृते हन्ति सहस्रं तु गवानृते ।
आत्मानं स्वजनं हन्ति पुरुषे ह्यनृतं वदन् ॥
</verse>",False
" On hearing the wellbeing of Rama and Lakshman, lions among men, Sita experienced thrill all over her body. She then  spoke to Hanuman ", सा तयोः कुशलं देवी निशम्य नरसिंहयोः।प्रीतिसंहृष्टसर्वाङ्गी हनुमन्तमथाब्रवीत्।। ,"<verse>
रामलक्ष्मणयोर्वार्तां श्रुत्वा पुरुषसिंहयोः ।
हर्षरोमाञ्चिता सीता हनूमन्तमथाब्रवीत् ॥
</verse>",False
"  Stay tonight in the company of your mother and me. With all our desire satisfied, you can set out tomorrow at the appropriate time. ", मातरं मां च सम्पश्यन् वसेमामद्य शर्वरीम्।तर्पित स्सर्वकामैस्त्वं श्वः काले साधयिष्यसि।।। ,"<verse>
मया सार्धं जनन्या च वसेमां रजनीं सुखम्।
सर्वकामैः सुसन्तृप्तः श्वः काले तु गमिष्यसि॥
</verse>",False
 Ravana broke those trees in return and showered rain of formidable arrows at Neela. , सतान्वृक्षान् समासाद्यप्रतिचिच्छेदरावणः ।अभ्यवर्षत्सुघोरेणशरवर्षेणपावकिम् ।। ,"<verse>
चिच्छेद पादपांस्तांस्तु रावणः क्रोधमूर्च्छितः ।
नीलं घोरैः शितैर्बाणैर्ववर्ष शरवृष्टिभिः ॥
</verse>",False
" Quite enraged, Khara who knew how to hit the tender parts of the body in an encounter sent out four arrows on Rama. It was like poking an elephants limbs with a javelin. ", तं चतुर्भिः खरः क्रुद्धो रामं गात्रेषु मार्गणैः।विव्याध युधि मर्मज्ञो मातङ्गमिव तोमरैः।। ,"<verse>
स संक्रुद्धः खरः संख्ये मर्मज्ञो मर्मभेदिभिः ।
आजघान रणे रामं चतुर्भिस्तोमरैरिव ॥
</verse>",False
" ""O Ocean When your water is dried up to the core by my arrows, huge sand will appear."" ", शरनिर्दग्धतोयस्यपरिशुष्कस्यसागर: ।मयाशोषितसत्त्वस्यपांसुरुत्पद्यतेमहान् ।। ,"<verse>
मद्बाणैः शोषिते तोये निःशेषे सागर त्वयि ।
महती सिकता घोरा तत्र संदृश्यतेऽचिरात् ॥
</verse>",False
" The maharja of great radiance made this division in the presence of people and after commanding thus, ascended heaven. ", एवं कृत्वा महाराजो विभागं लोकसन्निधौ।व्यादिश्य च महातेजा दिवं दशरथो गतः।। ,"<verse>
प्रत्यक्षमेव लोकानां विभागं कृतवान् नृपः ।
इत्याज्ञाप्य महातेजा जगाम त्रिदिवं ततः ॥
</verse>",False
" Hearing the words of the vulture greedily waiting for food, deeply dejected Angada spoke to Hanuman ", तस्य तद्वचनं श्रुत्वा भक्ष्यलुब्धस्य पक्षिणः।अङ्गदः परमायस्तो हनूमन्तमथाब्रवीत्।। ,"<verse>
गृध्रस्य वचनं श्रुत्वा लुब्धस्याहारकाङ्क्षिणः ।
हनूमन्तमुवाचेदमङ्गदः शोकविह्वलः ॥
</verse>",False
" Next arrived Gavaksha, king of Langurs whose tail resembled the cows, of fierceful courage surrounded by a thousand crore of vanaras. ", गोलाङ्गूलमहाराजो गवाक्षो भीमविक्रमः।वृतः कोटिसहस्रेण वानराणामदृश्यत।। ,"<verse>
गोपुच्छाधिपतिः शूरः गवाक्षो भीमविक्रमः ।
कोटीनां च सहस्रेण ततोऽगच्छत् स वानरैः ॥
</verse>",False
" The crow was an eater of offerings, hungry for food began to peck me again and again for flesh.He did not stop. ", दारयन्स च मां काकस्तत्त्रैव परिलीयते।न चाप्युपारमन्मांसाद्भक्षार्थि बलिभोजनः।। ,"<verse>
बलिभोजी स काकोऽसौ क्षुधार्तो मांसलुब्धकः ।
मां तुण्डेन विदार्याशु न चाप्युपरराम सः ॥
</verse>",False
 Thereafter Kaikeyi flung away her multicoloured garlands along with her costly ornaments on to the ground. , ततश्चित्राणि माल्यानि दिव्यान्याभरणानि च।।अपविद्धानि कैकेय्या तानि भूमिं प्रपेदिरे। ,"<verse>
ततो विचित्रमाल्यानि महार्घभूषणानि च ।
कैकेयी च महाभागा भूमौ तानि व्यसर्जयत् ॥
</verse>",False
" The son of the wind god, Hanuman, a brilliant one seeing Ravana, obstructed the stream of arrows and darted towards him. ", तमालोक्यमहातेजाहनूमान्मारुतात्मजः ।निवार्यशरजालानिप्रदुद्रावसरावणम् ।। ,"<verse>
तं दृष्ट्वा रावणं धीमान् हनूमान् मारुतात्मजः ।
बाणधारां निवार्याथ तमभ्यद्रवदाशु सः ॥
</verse>",False
" Thereafter the vanaras came close to Sugriva freely and on reaching him stood, offering salutations with folded hands. ", अपरे वानरश्रेष्ठास्सङ्गम्य च यथोचितम्।सुग्रीवेण समागम्य स्थिताः प्राञ्जलय स्तदा।। ,"<verse>
ततो विस्रब्धमायाताः सुग्रीवं हरयो नृपम् ।
तमासाद्य स्थितास्तत्र कृताञ्जलिपुटास्तदा ॥
</verse>",False
" Then smeared with blood the two, Lakshmana and Indrajit, shone like fully blossomed Kimsuka in battle. ", ततःशोणितदिग्धाङ्गौलक्ष्मणेन्दजितावुभौ ।।रणेतौराजतुर्वीरौपुष्पिताविवकिंशुकौ । ,"<verse>
रुधिरेणावसिक्ताङ्गौ लक्ष्मणेन्द्रजितौ तदा ।
फुल्लकिंशुकसंकाशौ शुशुभाते महाहवे ॥
</verse>",False
" ""Since the threatenings of the shedemons were of no use the ogresses who live on flesh and blood reported to Ravana about great Sitas formidable determination. ", वृथागर्जितनिश्चेष्टा राक्षस्यः पिशिताशनाः।।रावणाय शशंसुस्ताः सीताध्यवसितं महत्। ,"<verse>
मोघे तु तर्जने तासां रक्तमांसाशनास्तदा ।
सीताया दृढनिष्ठां तां रावणाय न्यवेदयन् ॥
</verse>",False
" ""Rama, if all your requirements are met and you are satisfied, then you can start with your brother Lakshmana and wife Vaidehi."" ", लक्ष्मणेनसहभ्रात्रावैदेह्याभार्ययासह ।अर्चितस्सर्वकामैस्त्वंततोराम गमिष्यसि ।। ,"<verse>
यदि तुष्टोऽसि भो राम भ्रात्रा लक्ष्मणसंयुतः ।
वैदेह्या भार्यया सार्धं पूर्णकामः प्रयाहि च ॥
</verse>",False
" ""O Raghava! Even my motherinlaw Kausalya is separated from her dear son just as cow is separated from calf."" ", साश्वश्रूर्ममकौसल्यात्वयापुत्रेणराघव: ।वत्सेनेवयथाधेनुर्विवत्सावत्सलाकृता ।। ,"<verse>
श्वश्रूर्मे प्रियपुत्रेण कौसल्यापि हि राघव ।
धेनुर्वत्सेन हीनेव वियुक्ता शोचते भृशम् ॥
</verse>",False
" He will remove your pride, your power, your valour and haughtiness from your limbs with a shower of arrows in the fight. ", स ते दर्पं बलं वीर्यमुत्सेकं च तथाविधम्।अपनेष्यति गात्रेभ्यश्शरवर्षेण संयुगे।। ,"<verse>
दर्पं बलं च वीर्यं च तवावलेपमेव च ।
शरवर्षेण गात्रेभ्यः सोऽपनेष्यति संयुगे ॥
</verse>",False
" The foremost among the monkeys took the ring given to him, placed it on his forehead and saluated it with folded palms. He then prostrated at the feet of Rama and departed. ", स तद्गृह्य हरिश्रेष्ठः स्थाप्य मूर्ध्नि कृताञ्जलिः।वन्दित्वा चरणौ चैव प्रस्थितः प्लवगोत्तमः।। ,"<verse>
गृहीत्वा मुद्रिकां दत्तां कृत्वा मूर्ध्नि कृताञ्जलिः ।
नत्वा रामस्य पादौ च प्रतस्थे कपिसत्तमः ॥
</verse>",False
" The demon king repeatedly commanded the ogresses burning in anger and passion and threatened Sita again and again, pointing his finger at her. ", इति प्रतिसमादिश्य राक्षसेन्द्रः पुनः पुनः।।काममन्युपरीतात्मा जानकीं पर्यतर्जयत्। ,"<verse>
कामक्रोधपरो राजा राक्षसीस्ताः समादिशत् ।
तर्जन्या निर्दिशन् सीतां भीषयामास चासकृत् ॥
</verse>",False
"  O lady of evil intentions, enough of this. Give up your resolve. Here I touch your feet with my head. Be pleased with me.  ", तदलं त्यज्यतामेष निश्चयः पापनिश्चये।।अपि ते चरणै मूर्ध्ना स्पृशाम्येष प्रसीद मे।  ,"<verse>
अलं दुष्टसमाचारे त्यजैनं पापनिश्चयम् ।
स्पृशामि शिरसा पादौ प्रसीद वरवर्णिनि ॥
</verse>",False
" Having spoken to the charioteer and consoling him again and again, indefatigable Rama spoke to Guha words full of reasoning  ", इत्युक्त्वा वचनं सूतं सान्त्वयित्वा पुनः पुनः।गुहं वचनमक्लीबो रामो हेतुमदब्रवीत्।। ,"<verse>
सूतं मुक्त्वा समाश्वास्य सान्त्वयित्वा पुनः पुनः ।
रामोऽप्यक्लिष्टकर्माथ गुहं हेतुमदब्रवीत् ॥
</verse>",False
" Intensely grieved to hear those words, Satrughna who was steadfast in his vows said to the inmates of the inner apartment ", शत्रुघ्नश्च तदाज्ञाय वचनं भृशदुःखितः।अन्तःपुरचरान्सर्वानित्युवाच धृत व्रतः।। ,"<verse>
श्रुत्वा तु वचनं तीव्रं शत्रुघ्नो भृशदुःखितः ।
अन्तःपुरचरान् सर्वानुवाच स दृढव्रतः ॥
</verse>",False
 The ground was levelled on every side for five yojanas and covered with several grass lawns resembling lapis lazuli blue sapphire and cats eye. , बभूव हि समा भूमिस्समन्तात्पञ्चयोजना।शाद्वलैर्भहुभिश्चन्ना नीलवैढूर्यसन्निभैः।। ,"<verse>
पञ्चयोजनविस्तीर्णा भूमिः समतला कृता ।
वैदूर्यनीलसङ्काशैः शाद्वलैरुपशोभिता ॥
</verse>",False
" I trust, righteousness for the sake of prosperity or prosperity for the sake of righteousness or both for the sake of sensual pleasure are not thwarted by you. ", कच्चिदर्थेन वा धर्ममर्थं धर्मेण वा पुनः।उभौ वा प्रीतिलोभेन कामेन च न बाधसे।। ,"<verse>
कच्चिदर्थेन वा धर्ममर्थं धर्मेण वा पुनः ।
उभौ वा प्रीतिलोभेन कामेन न प्रबाधसे ॥
</verse>",False
" O chief of monkeys I do not see here any sign of the cruel Vali, of whom you are afraid. ", यस्मादुद्विग्नचेतास्त्वं प्रद्रुतो हरिपुङ्गव।तं क्रूरदर्शनं क्रूरं नेह पश्यामि वालिन।। ,"<verse>
यस्माद्बिभेषि वानरेन्द्र तस्य क्रूरस्य वालिनः ।
न हि पश्यामि तस्याहं चिह्नं क्वापीह किञ्चन ॥
</verse>",False
" A few warriors of fierce strength approached Rama and hurled at him very powerful weapons, spears, swords and axes. ", केचिद्भीमबलाश्शूराश्शूलान्खङ्गान्परश्वधान्।रामस्याभिमुखं गत्वा चिक्षिपुः परमायुधान्।। ,"<verse>
उग्रवीर्या भटाः केचिद् राममासाद्य संयुगे ।
शूलासिपरशून् घोरान् महास्त्राणि च चिक्षिपुः ॥
</verse>",False
" Then, hurt by the club the son of Vanara king fell down on his knees once again and got up. ", परिघाभिहतश्चापिवानरेन्द्रात्मजस्तदा ।जानुभ्यांपतितोबूमौपुनरेवोत्पपात ह ।। ,"<verse>
ततो गदाभिघातेन जानुभ्यामगमन्महीम् ।
वानरेन्द्रसुतः श्रीमान् पुनरेव समुत्थितः ॥
</verse>",False
 O Lakshmana whatever Kaikeyi desired through her boons has now come true so soon. , यदभिप्रेतमस्मासु प्रियं वरवृतं च यत्।।कैकेय्यास्तु सुसंवृत्तं क्षिप्रमद्यैव लक्ष्मण। ,"<verse>
यत्काङ्क्षितं हि कैकेय्या वरेण किल लक्ष्मण ।
तत्सत्यमभवच्छीघ्रम् अद्यैवाल्पेन कालतः ॥
</verse>",False
" ""O King! I have come to you while I was young. I am your companion and wife also. Why are you not seeing me? Why are you not talking to me?"" ", किंमांनप्रेक्षसेराजन् किंमांनप्रतिभाषसे ।बालांबाल्येनसम्प्राप्तांभार्यांमांसहचारिणीम् ।। ,"<verse>
प्राप्ताहं यौवने राजन् भार्या ते सहचारिणी ।
कथं मां नेक्षसे देव मां किं वा नोपभाषसे ॥
</verse>",False
" O monkeys therefore, by the strength of food and by nature we can always see beyond a hundred yojanas from this edge. ", तस्मादाहारवीर्येण निसर्गेण च वानराः।आयोजनशतात्साग्राद्वयं पश्याम नित्यशः।। ,"<verse>
तस्मादाहारवीर्येण निसर्गेण च वानराः ।
आयतं शतयोजन्याः पश्यामो वयमन्ततः ॥
</verse>",False
" Having seen that morose Manthara speaking thus, Kaikeyi commended the virtues of Rama. ", तां दृष्ट्वा परमप्रीतां ब्रुवन्तीं मन्थरां ततः।रामस्यैव गुणान्देवी कैकेयी प्रशशंस ह।। ,"<verse>
विषण्णां मन्थरां दृष्ट्वा ब्रुवाणां तां तथाविधम्।
गुणान् रामस्य कैकेयी प्रशशंस मुदान्विता॥
</verse>",False
" ""I am daughterinlaw of king Dasaratha, knower of the self, the foremost among kings on earth and a slayer of enemy army. ", पृथिव्यां राजसिंहानां मुख्यस्य विदितात्मनः।।स्नुषा दशरथस्याहं शत्रुसैन्यप्रतापिनः। ,"<verse>
स्नुषा दशरथस्याहं नरेन्द्रस्य महात्मनः ।
राज्ञः सर्वमहीपानां शत्रुसैन्यप्रणाशिनः ॥
</verse>",False
" ""If I do not kill Raghava who killed my brother in battle it is a waste of my life."" Thus, thought Ravana. ", यद्यहंभ्रातृहन्तारं न हन्मियुधिराघवम् ।ननुमेमरणंश्रेयो न चेदंव्यर्थजीवितम् ।। ,"<verse>
रणे भ्रातृनिहन्तारं न चेद्धन्मि हि राघवम् ।
व्यर्थं हि जीवितं मे स्यादिति मेने स रावणः ॥
</verse>",False
" Having promised the sages, I cannot do otherwise as long as I have life in me. To me truth is always dear. ", संश्रुत्य च न शक्ष्यामि जीवमानः प्रतिश्रवम्।मुनीनामन्यथा कर्तुं सत्यमिष्टं हि मे सदा।। ,"<verse>
संश्रुत्य च न शक्ष्यामि जीवमानः प्रतिश्रवम्।
ऋषीणामनृतं कर्तुं सत्यमिष्टं हि मे सदा॥
</verse>",False
" ""I will render assistance with all my strength for storming Lanka, for killing the Rakshasas and for the army to enter."" ", राक्षसानांवधेसाह्यंलङ्कायाश्चप्रधर्षणे ।करिष्यामियथाप्राणंप्रवेक्ष्यामिचवाहिनीम् ।। ,"<verse>
राक्षसानां वधे साह्यं लङ्कायाश्च प्रधर्षणे ।
करिष्यामि यथाप्राणं प्रवेक्ष्यामि च वाहिनीम् ॥
</verse>",False
" Then your mother said to your father, Whether you live or die, tell me the cause. You are laughing at me. ", माता ते पितरं देवि ततः केकयमब्रवीत्। शंस मे जीव वा मा वा न मामपहसिष्यसि।। ,"<verse>
ततस्ते जननी तातं प्राह वाक्यमिदं रुषा ।
म्रियसे जीव वा राजन् ब्रूहि मां हससे यतः ॥
</verse>",False
" While dwelling at Janasthana, all of you should collect exact information about the activities of Rama. ", जनस्थाने वसद्भिस्तु भवद्भीराममाश्रिता।प्रवृत्तिरुपनेतव्या किञ्करोतीति तत्त्वतः।। ,"<verse>
जनस्थाने वसद्भिस्तु रामस्य च विचेष्टितम् ।
प्रवृत्तिस्तस्य विज्ञेया सम्यगेव प्रयत्नतः ॥
</verse>",False
" Then Angada endowed with great strength, pierced Vajradamshtra in his private parts with clubs used for piercing elephants. ", ततश्शतसहस्रेणहरिपुत्रंमहाबलः ।।जघानमर्मदेशेषुमातङ्गमिवतोमरैः । ,"<verse>
ततोऽङ्गदो महावीर्यो वज्रदंष्ट्रं महाबलः ।
मर्मस्वभ्यहनद्वीरो गजदारणमुद्गरैः ॥
</verse>",False
" On the Varaha mountain is the city called Pragjyotisha, which is full of gold.There lives the  evilminded demon Naraka. ", तत्र प्राग्ज्योतिषं नाम जातरूपमयं पुरम्।यस्मिन्वसति दुष्टात्मा नरको नाम दानवः।। ,"<verse>
वराहपर्वते रम्ये प्राग्ज्योतिषाभिधं पुरम् ।
हिरण्मयेऽवसत्तत्र दुष्टात्मा नरकोऽसुरः ॥
</verse>",False
" ""Im unrivalled in this entire world. Behold my matchless virility which permits no rival in war. ", नेह पश्यामि लोकेऽन्यं यो मे प्रतिबलो भवेत्।पश्य मे सुमहद्वीर्यमप्रतिद्वन्द्वमाहवे।। ,"<verse>
नास्ति मत्सदृशो लोके कृत्स्नेऽस्मिन् जगतीतले ।
पश्य मेऽप्रतिमं वीर्यमप्रतिद्वन्द्वमाहवे ॥
</verse>",False
" ""My inner self is aware that this Vibheeshana is pure. He has been tested in all respects with doubtful feelings."" ", ममचाप्यन्तरात्मायंशुद्धंवेत्तिविभीषणम् ।अनुमानाच्चभावाच्चसर्वतस्सुपरीक्षितः ।। ,"<verse>
अन्तश्चेतो ममावेत्ति शुद्धमेतं विभीषणम्।
सर्वथा संपरीक्ष्योऽयं सन्दिग्धेनापि चेतसा॥
</verse>",False
 Further you are tormented with sorrow under the influence of others insinuations. You are causing me great pain by entering the empty chamber of wrath. , तच्छ्रुत्वा शोकसन्तप्ता सन्तापयसि मां भृशम्।आविष्टाऽसि गृहं शून्यं सा त्वं परवशं गता।। ,"<verse>
परवाक्योपपीडाभिरथो शोकेन तुद्यसे।
शून्यं क्रोधगृहं प्राप्य महद् दुःखं ददासि मे॥
</verse>",False
" You used to make all of us choose delicious food, drinks, garments and ornaments. Who else will do that now? ", ननु भोज्येषु पानेषु वस्त्रेष्वाभरणेषु च।।प्रवारयसि नस्सर्वान् तन्नः कोऽन्यः करिष्यति। ,"<verse>
स्वादुभिर्भोज्यपानैश्च वस्त्रैराभरणैस्तथा।
अस्मान्प्रावरयः प्रीत्या कोऽन्यः कुर्यादितोऽधुना॥
</verse>",False
" Kumbhakarna roared making loud noises as if proclaiming victory, like the breaking of mountains and reverberating of ocean. ", ननाद च महानादंसमुद्रमभिनादयन् ।विजयन्निवनिर्घातन्विधमन्निवपर्वतान् ।। ,"<verse>
कुम्भकर्णो महानादं ररास जयघोषवत् ।
शैलनिर्भेदनाकारं सागरस्येव गर्जितम् ॥
</verse>",False
" ""Hanuman You have performed a mighty task indeed, which is difficult even to think of in this world and not possible for any one else on this earth.""   ", कृतं हनुमता कार्यं सुमहद्भुवि दुर्लभम् ।मनसापि यदन्येन न शक्यं धरणीतले ।। ,"<verse>
कृतं हनुमता कार्यं सुमहद् भुवि दुष्करम्।
मनसापि यदन्येन न शक्यं धरणीतले॥
</verse>",False
" Therefore, O scion of the Raghu race, return along with me to prosperous Ayodhya and for the good of our race get your self coronated.  ", स समृद्धां मया सार्धमयोध्यां गच्छ राघव।अभिषेचयचात्मानं कुलस्यास्य भवाय नः।। ,"<verse>
तस्माद् ऋद्धां रघूत्तंस अयोध्यां व्रज मे सह ।
कुलस्यास्य हितार्थाय आत्मानमभिषेचय ॥
</verse>",False
" The king issued orders for Ramas installation ceremony, and taking leave of his close associates entered the palace.                        . ", आज्ञाप्य च महाराजो राघवस्याभिषेचनम्।।उपस्थानमनुज्ञाप्य प्रविवेश निवेशनम्। ,"<verse>
आज्ञाप्य नृपतिस्तूर्णं रामाभिषेचनं शुभम् ।
विसृज्य च सुहृद्वर्गं प्रविवेश गृहं ततः ॥
</verse>",False
" ""O king in your time or even before, during the time of Vali, that Madhuvanam was forbidden for entry. Now it has been laid waste by the trespassing vanaras. ", नैवर्क्षरजसा राजन्न त्वया नापि वालिना।वनं निसृष्टपूर्वं हि भक्षितं तच्च वानरैः।। ,"<verse>
मधुवनं पुरा राजन्नगम्यं वालिना त्वया ।
विनाशितमिदानीं तद्वानरैरपकारिभिः ॥
</verse>",False
" It is evident that Kaikeyis son Bharata, who has been consecrated, is coming to slay both of us desiring the prosperous kingdom to be without obstacles. ", सम्पन्नं राज्यमिच्छंस्तु व्यक्तं प्राप्याभिषेचनम्।आवां हन्तुं समभ्येति कैकेय्या भरतस्सुतः।। ,"<verse>
संपन्नं राज्यमिच्छन् स व्यक्तं प्राप्ताभिषेचनः ।
आवां हन्तुं समभ्येति कैकेय्या भरतः सुतः ॥
</verse>",False
" If righteous Rama comes to know that this hunchback has been slain by us, he will certainly never talk to you or me. ", इमामपि हतां कुब्जां यदि जानाति राघवः।त्वां च मां च हि धर्मात्मा नाभिभाषिष्यते ध्रुवम्।। ,"<verse>
इमां च यदि जानाति हतां कुब्जां परन्तप।
त्वां च मां चैव धर्मात्मा नाभिभाषिष्यते ध्रुवम्॥
</verse>",False
" ""Then her clothes were stripped off by me forcibly and enjoyed her. Then like a violently shaken lotus stem, she went to the abode of Brahma."" ", साप्रसह्यमयाभुक्ताकृताविवसनाततः ।स्वयम्भूभवनंप्राप्तालोलितानलिनीयथा ।। ,"<verse>
ततो हृतोत्तरीया सा मया भुक्ता हठात् तदा ।
प्रकम्पितमृणालीव जगाम ब्रह्मणः पदम् ॥
</verse>",False
"  ""Can this be a delusion of my mind or a mental imbalance resulting in movement of the mind in the body. Is it a malady born of  my madness? Or is it a mirage? ", किन्नु स्याचित्तमोहोऽयं भवेद्वातगतिस्त्वियम्।।उन्मादजो विकारो वा स्यादियं मृगतृष्णिका। ,"<verse>
किं नु स्याच्चित्तमोहोऽयं भवेद्वा मतिविभ्रमः।
उन्मादजो विकारो वा मृगतृष्णाऽथवा भवेत्॥
</verse>",False
" Where could have gone that Vaidehi, who  removed all my sorrows and sufferings when I lost my kingdom and survived on food available in the forest? ", या मे राज्यविहीनस्य वने वन्येन जीवतः।।सर्वं व्यपनयेच्छोकं वैदेही क्व नु सा गता। ,"<verse>
हृतराज्यस्य मे कान्ता वने वन्येन जीवतः ।
सर्वदुःखहरा सा च वैदेही क्व गता भवेत् ॥
</verse>",False
" Though Rama was residing in comfort on the mountain richly endowed with many pleasant things, he experienced little happiness. ", सुसुखेऽपि बहुद्रव्ये तस्मिन्हि धरणीधरे।वसतस्तस्य रामस्य रतिरल्पापिना भवे।। ,"<verse>
नानाभोगयुते रम्ये पर्वते निवसन् सुखम् ।
तथापि राघवो धीमान् लेभे स सुखमल्पकम् ॥
</verse>",False
  O great monkey you went three hundred yojanas and were pushed back by the  Suns radiance. Yet it did not leave you depressed. , शतानि त्रीणि गत्वाऽथ योजनानां महाकपे।तेजसा तस्य निर्धूतो न विषादं ततोगतः।। ,"<verse>
त्रिशतं योजनानां च गत्वा त्वं हि महाकपे ।
सूर्यतेजोऽभिभूतोऽपि नासीद् दैन्यं तव क्वचित् ॥
</verse>",False
" O son of Kesari O son of Maruta O hero you have removed the great grief of your race, dear ", वीर केसरिणः पुत्र हनुमान्मारुतात्मज।।ज्ञातीनां विपुलश्शोकस्त्वया तात प्रणाशितः। ,"<verse>
केसरिसुत हे वीर मारुतात्मज भो प्रिय ।
स्वकुलस्य महाशोको व्यपनीतस्त्वयानघ ॥
</verse>",False
" Having heard Richika, the miserable mother of great sons, addressed Ambarisha, the foremost of men, saying ", ऋचीकस्य वचश्श्रुत्वा तेषां माता महात्मनाम्।।उवाच नरशार्दूलमम्बरीषं तपस्विनी। ,"<verse>
ऋचीकस्य वचः श्रुत्वा भार्या चाप्यब्रवीद्वचः।
अम्बरीषं नरश्रेष्ठं कृपणा बहुपुत्रिणी॥
</verse>",False
" ""The shining yellow upper garment like a golden cloth was torn. Flung down, it stuck to a tree which the monkeys noticed. ", पीतं कनकपट्टाभं स्रस्तं तद्वसनं शुभम्।उत्तरीयं नगासक्तं तदा दृष्टं प्लवङ्गमैः।। ,"<verse>
हिरण्यसदृशं पीतं वासस्तस्या विपाटितम् ।
संसक्तं तरुशाखायां ददृशुः कपयस्तदा ॥
</verse>",False
" Sita, too, overcome with grief, grasped the feet of her mothersinlaw and stood before them, her eyes full of tears. ", सीताऽपि चरणांस्तासामुपसङ्गृह्य दुःखिता।श्वश्रूणामश्रुपूर्णाक्षी सा बभूवाग्रतः स्थिता।। ,"<verse>
सीतापि शोकदुःखार्ता श्वश्रूणां पादमग्रहीत् ।
बाष्पाकुलेक्षणा सा तु तस्थौ तासां पुरःस्थिता ॥
</verse>",False
 By the grace of Lord Brahma I was bestowed with this prowess through my penance. In this world none can kill me with a weapon nor split nor cut me to pieces. , तपसा चाभिसम्प्राप्ता ब्रह्मणो हि प्रसादजा।शस्त्रेणावध्यता लोकेऽच्छेद्याभेद्यत्वमेव च।। ,"<verse>
तपसा ब्रह्मणः प्रीत्या प्राप्तमेतन्महद्बलम् ।
न हन्तुं छेत्तुमीशो मां न भेत्तुं शस्त्रतो भुवि ॥
</verse>",False
" O ignoble, cruel Lakshmana, you are a disgrace to your family. I think this great disaster of Rama is a pleasure to you. ", अनार्याकरणारम्भ नृशंस कुलपांसन।।अहं तव प्रियं मन्ये रामस्य व्यसनं महत्। ,"<verse>
अनार्य कृपणारम्भ नृशंस कुलपांसन ।
अहं तव प्रियं मन्ये रामस्य व्यसनं महत् ॥
</verse>",False
" This kind of request arising out of a womans desire may sound terrible, still then the beauty of this animals skin has produced in me a wonder. ", कामवृत्तमिदं रौद्रं स्त्रीणामसदृशं मतम्।वपुषा त्वस्य सत्त्वस्य विस्मयो जनितो मम।। ,"<verse>
कामवृत्तमिदं रौद्रं स्त्रीणामसदृशं मतम् ।
वपुषा त्वस्य सत्त्वस्य विस्मयो जनितो मम ॥
</verse>",False
  They reached a divine tree of great powers known as Satyopayachana tree and having gone round and paid homage they entered the Kulinga city. , निकूलवृक्षमासाद्य दिव्यं सत्योपयाचनम्।अभिगम्याभिवाद्यं तं कुलिङ्गां प्राविशन्पुरीम्।। ,"<verse>
सत्योपयाचनं वृक्षमासाद्य सुमहर्द्धिकम् ।
नत्वा प्रदक्षिणं कृत्वा प्रविविशुः कुलिङ्गिनीम् ॥
</verse>",False
" Sugriva, king of the vanara clan, cast aside his great fear when Lakshmana accepted the words of Tara just as one discards a wet garment from the body. ", तस्मिन्प्रतिगृहीते तु वाक्ये हरिगणेश्वरः।लक्ष्मणात्सुमहत्त्रासं वस्त्रं क्लिन्नमिवात्यजत्।। ,"<verse>
तारावाक्ये गृहीते तु लक्ष्मणेन हरीश्वरः ।
गात्रात् क्लिन्नं यथा वासो मुमोच स महाभयम् ॥
</verse>",False
"  Then all sixty thousand sons having touched the elephant and circumambulated it, penetrated the earth.  ", समालभ्य तत स्सर्वे कृत्वा चैनं प्रदक्षिणम्।।षष्टि: पुत्रसहस्राणि बिभिदुर्वसुधातलम्। ,"<verse>
संस्पृश्य द्विरदं वीराः सर्वे चक्रुः प्रदक्षिणम् ।
ततः षष्टिसहस्राणि विविशुर्धरणीतलम् ॥
</verse>",False
" May that one who counselled the exile of my esteemed brother acquire the sin in the same way as a person who sets fire to human settlements, violates the preceptorss bed and betrays his friend ", यदग्निदायके पापं यत्पापं गुरतल्पगे।मित्रद्रोहे च यत्पापं तत्पापं प्रतिपद्यताम्।। ,"<verse>
वेश्मप्रदीपके यत्स्याद्यत्पापं गुरुतल्पगे।
मित्रद्रोहे च यत्पापं तत्पापं सोऽधिगच्छतु॥
</verse>",False
" Who are you, O auspicious lady ? Who are your people? Why are you here? From where have you come? For what reason are you going about alone in this fierce Dandaka tract, inhabited by demons? ", कासि कस्य कुतश्चित्त्वं किं निमित्तं च दण्डकान्।एका चरसि कल्याणि घोरान्राक्षससेवितान्।। ,"<verse>
का त्वं कस्य कुतो वा त्वं किंनिमित्तमिहागता ।
रक्षोभिर्दण्डके घोरे चरस्येका कथं शुभे ॥
</verse>",False
" I am living only because of hearing about her survival, just as a paddy field without water gets wet by the proximity of a neighboring paddy field with water. ", केदारस्येवकेदारस्सोदकस्यनिरूदकः ।उपस्नेहेनजीवामिजीवन्तींयच्छृणोमिताम् ।। ,"<verse>
जीवन्तीं तां निशम्यैव धारयामि च जीवितम् ।
सजलेन यथा क्षेत्रं शुष्कं क्लिद्यति संनिधौ ॥
</verse>",False
" ""One who fails to protect a refugee who seeks protection from him is ruined in the eyes of the refugee and he takes away all the merit."" ", विनष्टःपश्यतस्तस्यारक्षिणश्शरणागतः ।आदायसुकृतंतस्यसर्वंगच्छेदरक्षित:।।। ,"<verse>
शरणार्थिनमायान्तं यो न रक्षति मानवः।
विनष्टः पश्यता तेन सर्वं पुण्यमपोहति॥
</verse>",False
" Then the strongarmed Hanuman with his head bowed down offered salutations and reported, Divine lady Sita with her constant devotion to Sri Rama is sound in body. ", हनुमांश्च महाबाहुः प्रणम्य शिरसा ततः।।नियतामक्षतां देवीं राघवाय न्यवेदयत्। ,"<verse>
महाबाहुर्हनूमांश्च प्रणम्य शिरसाब्रवीत् ।
श्रीरामभक्तियुक्ता सा सीता देवी निरामया ॥
</verse>",False
" Powerful Jatayu killed in the combat, the splendid, swiftmoving, devilfaced asses with  golden shields yoked to the chariot. ", काञ्चनोरश्छदान्दिव्यान्पिशाचवदनान्खरान्।तांश्चास्य जवसम्पन्नाञ्जघान समरे बली।। ,"<verse>
काञ्चनोरश्छदान् दिव्यान् पिशाचवदनान् खरान्।
जघान समरे वीरो वायुवेगान् महाबलः॥
</verse>",False
" Raghava, the enhancer of the joy of Raghus, lifted up the javelin brought by Matali, esteemed by Indra. ", स तांमातलिनानीतांशक्तिंवासवसम्मताम् ।जग्राहपरमक्रुद्धोराघवोरघुनन्दनः ।। ,"<verse>
मातलिना समानीतां शक्तिं शक्रप्रपूजिताम् ।
राघवस्तु महावीर्यो जग्राह रघुनन्दनः ॥
</verse>",False
 The wind passing through the arm pits of the lionlike vanara crossing the ocean sounded like a thundering cloud. , तस्य वानरसिंहस्य प्लवमानस्य सागरम्।।कक्षान्तरगतो वायुर्जीमूत इव गर्जति। ,"<verse>
कक्षान्तरगतो वायुर्जीमूत इव नर्दति ।
तस्य वानरसिंहस्य प्लवमानस्य सागरे ॥
</verse>",False
" ""Rama, the strongarmed hero has accomplished a difficult task by surviving even for a moment without this Sita who has intoxicating lustre"". ", दुष्करं कुरुते रामो य इमां मत्तकाशिनीम्।सीतां विना महाबाहुर्मुहूर्तमपि जीवति।। ,"<verse>
दुष्करं कुरुते रामो य इमां मत्तकाशिनीम् ।
सीतां विना महाबाहुर्मुहूर्तमपि जीवति ॥
</verse>",False
" The highways of Ayodhya thronged with groups of elegantly attired young men or adults with their majestic gait, do not shine. ", तरुणैश्चारुवेषैश्च नरैरुन्नतगामिभिः। सम्पतद्भिरयोध्यायां नाभिभान्ति महापथाः।। ,"<verse>
अयोध्याराजमार्गा हि न भान्ति गजगामिभिः।
सुवेषैर्जनसङ्घैश्च युवभिः प्रौढकैर्नृभिः॥
</verse>",False
 That Sunless land shines like the radiance of the Sungod with the presence of selfeffulgent ascetics who have attained perfection in penance. , गभस्तिभिरिवार्कस्य स तु देशः प्रकाशते।विश्राम्यद्भिस्तपस्सिद्धैर्देवकल्पैः स्वयंप्रभैः।। ,"<verse>
असूर्योऽपि स देशोऽयं सूर्यवत् सम्प्रकाशते ।
तपःसिद्धैः स्वयंदीप्तैर्मुनिभिः सम्प्रभासितः ॥
</verse>",False
 I guess that at this time I do not have the capacity to fly to that extent. Achieving the objective is out of question with this much of energy. , सम्प्रत्येतावतीं शक्तिं गमने तर्कयाम्यहम्।नैतावता हि संसिद्धिः कार्यस्यास्य भविष्यति।। ,"<verse>
न हि संप्रत्यहं शक्तस्तावतीं गतिमीहितुम् ।
न चैतावत्समापन्ना कार्यसिद्धिरिहोच्यते ॥
</verse>",False
" Sushena of great prowess, who resembled a mountain in form stood there surrounded by many Vanaras who could change their form at their will. ", सुषेणस्तुमहावीर्योगिरिकूटोपमोहरिः ।बहुभिःसम्वृतस्तत्रवानरैःकामरूपिभिः ।। ,"<verse>
सुषेणो हि महावीर्यः शैलसंकाशविग्रहः ।
कामरूपैः प्लवङ्गेन्द्रैस्तस्थौ स बहुभिर्वृतः ॥
</verse>",False
 Then Vanaras and dreadful Rakshasas being strongly inimical to each other started the night battle wishing victory. , अन्योन्यंबद्धवैराणांघोराणांजयमिच्छताम् ।सम्प्रवृत्तंनिशायुद्धंतदावानररक्षसाम् ।। ,"<verse>
ततो भीमा निशाचारा वानराश्च जयैषिणः ।
अन्योन्यवैरसंयुक्ता निशायुद्धं प्रचक्रिरे ॥
</verse>",False
" Then mount Mainaka, assured by Indra became secure. And Hanuman also crossed over the ocean in a short while. ", स वै दत्तवरः शैलो बभूवावस्थितस्तदा।हनुमांश्च मुहूर्तेन व्यतिचक्राम सागरम्।। ,"<verse>
इन्द्रेणाश्वासितो भूत्वा मैनाकोऽभूद् गिरिः स्थिरः ।
हनूमान् सागरं चापि ह्यचिरेण ततार सः ॥
</verse>",False
" On dreadful and mighty serpents, camels, donkeys, horses, lions, antelopes, and birds also the Rakshasas accompanied Kumbhakarna. ", सर्पैरुष्ट्रैःखरैरश्वैस्सिम्हद्विपमृगद्विजैः ।अनुजग्मुश्चतंघोरंकुम्भकर्णंमहाबलम् ।। ,"<verse>
उष्ट्रैः खरैर्भुजङ्गैश्च सिंहैर्मृगविहंगमैः ।
हयैश्च राक्षसा भीमाः कुम्भकर्णं ययुस्तदा ॥
</verse>",False
" Under Dusanas protection, all of them felt relieved from fear and, carrying sal and palm trees and stones as weapons, advanced towards Rama again. ", निवृत्तास्तु पुनस्सर्वे दूषणाश्रयनिर्भयाः।राममेवाभ्यधावन्त सालतालशिलायुधाः।। ,"<verse>
दूषणेन समाश्वास्ताः सर्वे ते विगताभयाः।
धृतसालशिलाताला भूयो राममभिद्रुताः॥
</verse>",False
" On seeing Vasistha, the great ascetic Bharadwaja immediately left his seat and said to his disciples, Bring offerings of water. ", वसिष्ठमथ दृष्ट्वैव भरद्वाजो महातपाः।सञ्चचाऽलासनात्तूर्णं शिष्यानर्घ्यमिति ब्रुवन्।। ,"<verse>
वसिष्ठं सहसा दृष्ट्वा भरद्वाजो महातपाः ।
उत्थायासनतः शिष्यान् अर्घ्यमित्यब्रवीत्तदा ॥
</verse>",False
" Vibheeshana having spoken in that manner, Sugriva accompanied by Lakshmana reached near Rama. ", एवंविभीषणेनोक्तोराक्षसेनविपश्चिता ।अजगामाथसुग्रीवोयत्ररामस्सलक्ष्मणः ।। ,"<verse>
विभीषणे तथा प्रोक्ते सुग्रीवः सहलक्ष्मणः ।
जगाम रामस्याभ्याशं त्वरितं वानरेश्वरः ॥
</verse>",False
 Let the four divisions of the army from all the four quarters with elegant palanquins proceed at my command. , चतुरङ्गबलं चापि शीघ्रं निर्यातु सर्वश:।ममज्ञासमकालं च यानयुग्यमनुत्तमम्।। ,"<verse>
ममाज्ञया प्रयात्वद्य चतुरङ्गं बलं महत् ।
शुभाभिः शिबिकाभिश्च चतसृष्वपि दिक्षु च ॥
</verse>",False
" Come and see  the bodies of ascetics, who had perceived the Supreme Spirit, killed in large numbers in the forest by the fierce demons. ", एहि पश्य शरीराणि मुनीनां भावितात्मनाम्।हतानां राक्षसैर्घोरैर्बहूनां बहुधा वने।। ,"<verse>
एहि पश्य शरीराणि मुनीनां भावितात्मनाम् ।
हतानां राक्षसैर्घोरैर्बहूनां बहुधा वने ॥
</verse>",False
" O Brahmana I along with the maruts grant you long life. May you prosper O Gentle one now you may go happily"". ", दीर्घमायुश्च ते ब्रह्मन् ददामि समरुद्गण:।स्वस्ति प्राप्नुहि भद्रं ते गच्छ सौम्य यथासुखम्।। ,"<verse>
मरुद्भिः सहितश्चाहं दीर्घमायुर्ददामि ते ।
वर्धस्व विप्र सौम्येह गच्छेदानीं यथासुखम् ॥
</verse>",False
" Ready at the altar, I have been awaiting you, O King Without hindrance proceed Why delay?"". ", सज्जोऽहं त्वत्प्रतीक्षोऽस्मि वेद्यामस्यां प्रतिष्ठित:।।अविघ्नं कुरुतां राजा किमर्थमवलम्बते। ,"<verse>
वेद्यां सज्जः प्रतीक्षे त्वां हे राजन् पृथिवीपते ।
निर्विघ्नं गम्यतां शीघ्रं विलम्बः क्रियते कुतः ॥
</verse>",False
" ""Is it appropriate for both of you to praise the enemy this way before war?"" ", रिपूणांप्रतिकूलानांयुद्धार्थमभिवर्तताम् ।उभाभ्यांसदृशंनामवक्तुमप्रस्तवेस्तवम् ।। ,"<verse>
युद्धात् पूर्वं रिपोरेवं क्रियते संस्तुतिः कथम् ।
युवाभ्यामुचितं किं स्यात् शत्रोर्गुणनिरूपणम् ॥
</verse>",False
" ""You are evil minded, think. You are pitiable and to be blamed for you have abandoned your own people and sought the enemys protection."" ", शोच्यस्त्वमसिदुर्बुद्धेनिन्दनीयश्चसाधुभिः ।यस्त्वंस्वजनमुत्सृज्यपरभृत्यत्वमागतः ।। ,"<verse>
विमृश त्वं हि दुर्बुद्धे शोच्यो निन्द्योऽसि सर्वथा ।
त्यक्त्वा स्वजनमात्मीयं शत्रुं शरणमाश्रितः ॥
</verse>",False
" ""Both the mighty brothers, tigers among men, are eager to see you. Both the princes will reduce this Lanka  into ashes.  ", तावुभौ पुरुषव्याघ्रौ राजपुत्रौ महाबलौ।त्वद्दर्शनकृतोत्साहौ लङ्कां भस्मीकरिष्यतः।। ,"<verse>
भ्रातरौ तौ नरव्याघ्रौ त्वां द्रष्टुमुत्सुकौ भृशम् ।
एतां च राजपुत्रौ तौ लङ्कां भस्म विधास्यतः ॥
</verse>",False
 His red face struck by an arrow appeared like a fullblown lotus in autumn season hit  by  the rays of the Sun. , तस्य तच्छुशुभे ताम्रं शरेणाभिहतं मुखम्।शरदीवाम्बुजं फुल्लं विद्धं भास्कररश्मिना।। ,"<verse>
शरेणाभिहतं तस्य रक्तं वक्त्रं व्यराजत ।
सूर्यपादहतं फुल्लं शारदं कमलं यथा ॥
</verse>",False
" O Rama son of Suchandra was Dhumraswa, wellknown Sanjaya was the son of Dhumraswa.  ", सुचन्द्रतनयो राम धूम्राश्व इति विश्रुत:।धूम्राश्वतनयश्चापि सञ्जयस्समपद्यत।। ,"<verse>
सुचन्द्रतनयो राम धूम्राश्व इति विश्रुतः।
धूम्राश्वतनयश्चापि सञ्जयः समपद्यत॥
</verse>",False
" ""If our enemy survives in combat, we too will survive and review as we planned and see."" ", अथजीवतिनश्शत्रुर्वयं च कृतसम्युगाः ।ततस्तदभिपत्स्यामोमनसायत्समीक्षितम् ।। ,"<verse>
रणे जीवति चेच्छत्रुर्जीविष्यामो वयं तथा ।
यथासङ्कल्पितं सर्वं द्रक्ष्यामो हि समीक्ष्य च ॥
</verse>",False
 There all over the wonderful slopes and wide caves look for Vaidehi and Ravana. , तत्र सानुषु चित्रेषु विशालासु गुहासु च।रावणस्सह वैदेह्या मार्गितव्यस्ततस्ततः।। ,"<verse>
विचित्रेषु च प्रस्थेषु विपुलासु गुहासु च ।
मार्गध्वं तत्र वैदेहीं रावणं च समन्ततः ॥
</verse>",False
" O prince O longarmed one, this deer has captivated my mind. Fetch him for  me.This  will be our playmate. ", आर्यपुत्राभिरामोऽसौ मृगो हरति मे मनः।आनयैनं महाबाहो क्रीडार्थं नो भविष्यति।। ,"<verse>
आर्यपुत्राभिरूपोऽसौ मृगो हरति मे मनः ।
आनयैनं महाबाहो क्रीडार्थं नो भविष्यति ॥
</verse>",False
" Vidyunmali seeing Sushena, the monkey leader got a huge rock, and hit him on his chest with the mace. ", लाघवेनतुसंयुक्तोविद्युन्मालीनिशाचरः ।अपक्रम्यरथात्तूर्णंगदापाणिःक्षितौस्थितः ।। ,"<verse>
सुषेणं वानरश्रेष्ठं विद्युन्माली तमैक्षत ।
गृहीतविपुलाश्मानमुरस्यपातयद्गदाम् ॥
</verse>",False
" ""On merely seeing Kumbhakarna, the monkeys are running away. How will they check him who is enraged in war?"" ", कुम्भकर्णंसमीक्ष्यैवहरयोऽद्यप्रविद्रुतुः ।कथमेनंरणेक्रुद्धंवारयिष्यन्तिवानराः ।। ,"<verse>
कुम्भकर्णं प्रदृष्ट्वैव विद्रवन्ति प्लवङ्गमाः।
कथं क्रुद्धं रणे चैनं वारयिष्यन्ति वानराः॥
</verse>",False
" A thousand years passed. The Grandsire of the worlds, Brahma, appeared. He spoke to Viswamitra, the great ascetic, these pleasant words ", पूर्णे वर्षसहस्रे तु ब्रह्मा लोकपितामह:।अब्रवीन्मधुरं वाक्यं विश्वामित्रं तपोधनम्।। ,"<verse>
गते वर्षसहस्रे तु ब्रह्मा लोकपितामहः।
अब्रवीन्मधुरं वाक्यं विश्वामित्रं तपोधनम्॥
</verse>",False
" Thus addressed by the great self Vasishta, Janaka, the exceedingly generous, highly lustrous, eminent in ethics replied. ", इत्युक्त: परमोदारो वसिष्ठेन महात्मना।।प्रत्युवाच महातेजा वाक्यं परमधर्मवित्। ,"<verse>
एवमुक्तो वसिष्ठेन महात्मना महाद्युतिः ।
वदान्यो धर्मविच्छ्रेष्ठो जनको वाक्यमब्रवीत् ॥
</verse>",False
" "" A friend is one who helps when ones fortune is lost and is desperate. Deviating from morals the one who is prepared to help is a relation."" ", स सुहृद्योविपन्नार्थंदीनमभ्यवपद्यते ।।स बन्धुर्योऽपनीतेषुसाहाय्यायोपकल्पते । ,"<verse>
विनष्टविभवे दीने मित्रं स्यात्तु सहायकृत् ।
अधर्मेणापि साहाय्ये उद्यतो यः स बान्धवः ॥
</verse>",False
 Early in the morning Rama set out with Lakshmana and said this to Sita with eyes like lotus petals , ततस्सम्प्रस्थितः काले रामस्सौमित्रिणा सह।सीतां कमलपत्राक्षीमिदं वचनमब्रवीत्।। ,"<verse>
प्रभातसमये रामो जगाम सहलक्ष्मणः ।
पद्मपत्रविशालाक्षीं सीतामेतदुवाच ह ॥
</verse>",False
 Then Rama as well as Lakshmana with their venomous snakelike arrows killed both visible and invisible principal Rakshasas. , लक्ष्मणश्चापिरामश्चशरैराशीविषोपमैः ।।दृश्यादृश्यानिरक्षांसिप्रवराणिनिजघ्नतुः । ,"<verse>
रामश्च लक्ष्मणश्चैव विषसर्पोपमैः शरैः ।
दृश्यादृश्यांश्च मुख्यांस्तान् राक्षसान् वै निजघ्नतुः ॥
</verse>",False
" When Rama had set out to Chitrakuta, king Dasaratha, stricken by the grief over the separation from his son and mourning over him departed to heavens. ", चित्रकूटं गते रामे पुत्रशोकातुरस्तथा ।।राजा दशरथस्स्वर्गं जगाम विलपन्सुतम् । ,"<verse>
चित्रकूटं गते रामे राजा दशरथो नृपः ।
जगाम त्रिदिवं शोकाद्विलपन् पुत्रदुःखितः ॥
</verse>",False
" The male and female elephants wearing golden girths and decorated with pennants,  set forth with their bells sounding like thunderclouds at the end of summer. ", गजकन्या गजाश्चैव हेमकक्ष्याः पताकिनः। जीमूता इव घर्मान्ते सघोषास्सम्प्रतस्थिरे।।  ,"<verse>
हेमकक्षाः पताकाढ्या नागाः सार्धं करेणुभिः ।
सघण्टा निर्ययुः काले घर्मान्ते जलदा इव ॥
</verse>",False
" On hearing the words from Rama, the vanaras requested Hanuman who was aware of  Sitas position to tell Rama all about her. ", रामस्य गदितं श्रुत्वा हरयो रामसन्निधौ।चोदयन्ति हनूमन्तं सीतावृत्तान्तकोविदम्।। ,"<verse>
श्रुत्वा रामवचो वीरा हनूमन्तमचोदयन् ।
सीतावृत्तविदां श्रेष्ठं वक्तुं रामाय सर्वशः ॥
</verse>",False
 The illustrious Hanuman watched the blameless princess Janaki who was seated under that tree. , तस्याधस्ताच्च तां देवीं राजपुत्रीमनिन्दिताम्।।लक्षयामास लक्ष्मीवान् हनुमान् जनकात्मजाम्। ,"<verse>
तस्य वृक्षस्य मूलस्थां राजपुत्रीमनिन्दिताम् ।
ददर्श हनुमान् श्रीमान् जानकीं जनकात्मजाम् ॥
</verse>",False
" Saumithri, son of Sumithra, was not able to inflict injury on that Rakshasa with those arrows, though desiring to kill him. ", असम्भ्रान्तस्ससौमित्रिस्तान्शरानभिलक्षितान् ।मुमोचलक्ष्मणोबाणान्वधार्थंतस्यरक्षसः ।। ,"<verse>
सौमित्रिस्तं जिघांसुश्च राक्षसं तैः शरैस्तदा ।
न शशाक क्षतं कर्तुं सुमित्रातनयो रणे ॥
</verse>",False
" A small work is done, no doubt. But the very root of my achievement has been destroyed in my anger. "," ईषत्कार्यमिदं कार्यं कृतमासीन्न संशयः।

तस्य क्रोधाभिभूतेन मया मूलक्षयः कृतः।।
  ","<verse>
अल्पं कार्यं कृतं नूनं निःसन्देहं मया खलु ।
कोपेन मम सिद्धेश्च मूलमेव विनाशितम् ॥
</verse>",False
" The cruel, ferocious demon heard them talk. He opened his mouth and attempted to eat both of them. ", एतत्सञ्जल्पितं श्रुत्वा तयोः क्रुद्धस्तु राक्षसः।विदार्याऽस्यं तदा रौद्रस्तौ भक्षयितुमारभत्।। ,"<verse>
तयोः सम्भाषणं श्रुत्वा क्रूरो दारुणराक्षसः ।
व्यादाय वदनं घोरं ग्रसितुं तौ प्रचक्रमे ॥
</verse>",False
" Having been entreated, Indra created in me two long arms extending upto a yojana and set my mouth with sharp teeth in the stomach. ", एवमुक्तस्तु मे शक्रो बाहू योजनमायतौ।।प्रादादास्यं च मे कुक्षौ तीक्ष्णदंष्ट्रमकल्पयत्। ,"<verse>
याचितो मे ददौ बाहू शक्रो योजनमायतौ ।
तीक्ष्णदंष्ट्रं मुखं चैव जठरे संन्यवेशयत् ॥
</verse>",False
" ""I shall go myself without thinking to that wonderful battle scene and put an end to the enemy and succeed."" ", सोऽहंरिपुविनाशायविजयायाविचारयन् ।स्वयमेवगमिष्यामिरणशीर्षंतदद्भुतम् ।। ,"<verse>
अविचार्य गमिष्यामि स्वयं तद्रणमद्भुतम् ।
निहत्य च रिपून् सर्वान् प्राप्स्यामि जयमुत्तमम् ॥
</verse>",False
 Once my son came to me without meat after sunset while I was feeling hungry for food. , स कदाचित्क्षुधार्तस्य ममाहाराभिकाङ्क्षिणः।गतसूर्येऽहनि प्राप्तो मम पुत्रो ह्यनामिषः।। ,"<verse>
अस्तं गते सहस्रांशौ उपायान्मे सुतः क्वचित् ।
निरामिषः क्षुधार्तस्य ममाहारमभीप्सतः ॥
</verse>",False
 Ramas task has not been performed. Sugrivas order has not been excuted. And now suddenly this calamity has overtaken the monkeys unawares.  , रामस्य न कृतं कार्यं राज्ञो न च वचः कृतम्।हरीणामियमज्ञाता विपत्तिस्सहसागता।। ,"<verse>
न कृतं रामकार्यं च न सुग्रीवस्य शासनम्।
आपच्च सहसा प्राप्ता वानराणामतर्किता॥
</verse>",False
" Vidhyadhara, the great sage, witnessed Naranthaka moving seated on the horseback firmly. ", ददृशुश्चमहात्मानंहयपृष्ठेप्रतिष्ठितम् ।चरन्तंहरिसैन्येषुविद्याधरमहर्षयः ।। ,"<verse>
विद्याधरो मुनिश्रेष्ठो ददर्श स नरान्तकम् ।
हयारूढं दृढं यान्तं विचरन्तं महाहवे ॥
</verse>",False
 May the one who counselled the exile of my esteemed brother acquire demerit in the same way as an evilhearted person who forever destroys the subtle meaning of the scriptures imparted carefully by a sagacious preceptor , उपदिष्टं सुसूक्ष्मार्थं शास्त्रं यत्नेन धीमता।स नाशयतु दुष्टात्मा यस्याऽर्योऽनुमते गतः।। ,"<verse>
सुसूक्ष्ममपि शास्त्रार्थं गुरुणा प्रतिपादितम्।
नाशयत्वकृतप्रज्ञो यस्यार्योऽनुमते गतः॥
</verse>",False
" The palatial structures with windows of golden meshwork, embedded with pearls and gems and other precious stones tumbled. ", तानि काञ्चनजालानि मुक्तामणिमयानि च।भवनान्यवशीर्यन्त रत्नवन्ति महान्ति च।। ,"<verse>
हेमजालगवाक्षाश्च मुक्तामणिविभूषिताः ।
प्रासादा विविधाकारा न्यपतन् धरणीतले ॥
</verse>",False
"  The king as also the rishi said ""Be it so"". At the words of the sage Viswamitra, he Rama took hold of the bow by the its middle with ease ", बाढमित्येव तं राजा मुनिश्च समभाषत।लीलया स धनुर्मध्ये जग्राह वचनान्मुने:। ,"<verse>
एवमस्त्विति राज्ञा च मुनिना च प्रभाषिते ।
लीलया स धनुर्मध्ये जग्राह वचनान्मुनेः ॥
</verse>",False
" Akampana is a tamer of foes, protector of people, in that way capable, always desirous of welfare, lover of war. ", एषशास्ताचगोप्ताचनेताचयुधिसत्तमः ।भूतिकामश्चमेनित्यंनित्यंचसमरप्रियः ।। ,"<verse>
अकम्पनोऽरिहन्ता च प्रजानां परिपालकः ।
तथा शक्तो हितैषी स सदा वै समरप्रियः ॥
</verse>",False
" ""How can I pillow on somebodys arm after resting on the honourable arm of the great lord of the worlds ? ", उपधाय भुजं तस्य लोकनाथस्य सत्कृतम्।।कथं नामोपधास्यामि भुजमन्यस्य कस्य चित्। ,"<verse>
उपधाय भुजं तस्य लोकनाथस्य सत्कृतम् ।
कथं नामोपधास्यामि भुजमन्यस्य कस्यचित् ॥
</verse>",False
 Ravanas twenty eyes glowed like fire in anger after Jatayu thus rightly said. , इत्युक्तस्य यथान्यायं रावणस्य जटायुषा।क्रुद्धस्याग्निनिभास्सर्वा रेजुर्विंशतिदृष्टयः।। ,"<verse>
श्रुत्वा तथ्यं जटायोस्तु रावणः क्रोधमूर्च्छितः ।
बभूवुर्विंशतिर्नेत्रा दीप्ताग्निसमतेजसः ॥
</verse>",False
" The Vanaras being struck by Rakshasas sought the protection of Rama, the son of Dasharatha. ", राक्षसैर्वध्यमानानांवानराणांमहाचमूः ।शरण्यंशरणंयातारामंदशरथात्मजम् ।। ,"<verse>
राक्षसैस्ताडिता दीना वानरा भयपीडिताः ।
रामं दाशरथिं वीरं प्रपन्नाः शरणं तदा ॥
</verse>",False
" ""You have not grasped that which is the essence of political wisdom in the sastras in spite of waiting upon elders, teachers and parents which was in vain."" ", आचार्यागुरवोवृद्धावृथावांपर्युपासिताः ।सारंयद्राजशास्त्राणामनुजीव्यंनगृह्यते ।। ,"<verse>
वृथा ते गुरुशुश्रूषा पितृवृद्धोपसेवनम् ।
शास्त्रेषु नीतिसारो यः स त्वया नावबोधितः ॥
</verse>",False
"  Your clever thoughts, magic powers and also the skills of kshatriyas are stored in your huge hump which is as wide as the hub of a chariot wheel. ", तवेदं स्थगु यद्दीर्घं रथघोणमिवायतम्।।मतयः क्षत्रविद्याश्च मायाश्चात्र वसन्ति ते। ,"<verse>
बुद्धयो विविधा मायाः क्षात्रं वीर्यं च ते महत् ।
रथाङ्गनाभिसङ्काशे सर्वं ते ककुदि स्थितम् ॥
</verse>",False
" ""Then in the thirteenth year king Dasaratha along with the royal preceptor arranged to  coronate Rama, delight of the Ikshvaku family, in the kingdom. ", तत्र त्रयोदशे वर्षे राज्येनेक्ष्वाकुनन्दनम्।।अभिषेचयितुं राजा सोपाध्यायः प्रचक्रमे। ,"<verse>
ततस्त्रयोदशे वर्षे सगुरुर्दशरथो नृपः।
इक्ष्वाकूनन्दकं रामं राज्येऽभिषेक्तुमैच्छत॥
</verse>",False
" Sporting with the council of ministers surrounding him, resorting to drinking, he shows no compassion to us feeling wretched with grief. ", सामात्यपरिषत्क्रीडन्पानमेवोपसेवते।शोकदीनेषु नास्मासु सुग्रीवः कुरुते दया।। ,"<verse>
मन्त्रिभिः परिवृत्तोऽसौ क्रीडन्मद्यपरायणः ।
शोकदीनेषु चास्मासु न करोति कृपां हि सः ॥
</verse>",False
" Rama muttered the mantras recommended by brahmins for dead mortals as one would do for his father, to help him ascend to heaven.  ", यत्तत्प्रेतस्य मर्त्यस्य कथयन्ति द्विजातयः।।तत्स्वर्गगमनं तस्य पित्र्यं रामो जजाप ह। ,"<verse>
जजाप च तदा रामो मन्त्रान्विप्रप्रचोदितान् ।
मृतानां स्वर्गवासाय पितुर्यद्वत्समाचरन् ॥
</verse>",False
" Mighty Kumbhakarna, duly took the seat. Enraged Ravana with blood shot eyes spoke these words. ", स तदासनमाश्रित्यकुम्भकर्णोमहाबलः ।।संरक्तनयनःक्रोधाद्रावणंवाक्यमब्रवीत् । ,"<verse>
कुम्भकर्णो महावीर्यो निषसाद यथाविधि ।
संरक्तनयनः क्रोधी रावणो वाक्यमब्रवीत् ॥
</verse>",False
 I am indeed son to Jaya. My mother is Satahrada. Verily all the demons on this earth call me Viradha. , पुत्रः किल जयस्याहं माता मम शतह्रदा।विराध इति मामाहुः पृथिव्यां सर्वराक्षसाः।। ,"<verse>
पुत्रः किल जयस्याहं माता मम शतह्रदा।
विराध इति मां प्राहुः पृथिव्यां सर्वराक्षसाः॥
</verse>",False
" In the dream, I beheld my father clad in black clothes and resting on a seat made of iron and the women in dark and brownish complexion laughing at him. ", पीठे कार्ष्णायसे चैनं निषण्णं कृष्णवाससम्।प्रहसन्ति स्म राजानं प्रमदाः कृष्णपिङ्गलाः।। ,"<verse>
स्वप्नेऽपश्यमहं तातं लोहासने समास्थितम् ।
कृष्णवस्त्रं हसन्तीस्तं कृष्णपिङ्गाः स्त्रियस्तथा ॥
</verse>",False
" Bharata, son of Kaikeyi, with his wife will alone enjoy like an emperor this kingdom of Kosala full of happy people.  ", सुखी बत सभार्यश्च भरतः केकयीसुतः।मुदितान् कोसलानेको यो भोक्ष्यत्यधिराजवत्।। ,"<verse>
भरतः कैकयीसूनुः सम्राडिव सभार्यकः ।
कोसलं हृष्टलोकाढ्यमेकैवेदं स भोक्ष्यते ॥
</verse>",False
" O gods in your anxiety to partake your share of the sacrifie, you have failed to provide mine in the sacrificial offerings. Therefore, I shall sever your jewelled heads and beautiful limbs with this bow.   ", यस्माद्भागार्थिनो भागान्नाकल्पयत मे सुरा:।वराङ्गाणि महार्हाणि धनुषा शातयामि व:।।  ,"<verse>
यस्माद्भागार्थिनो भागा न मे कल्पितपूर्वकाः।
वराङ्गानि महार्हाणि धनुषा शातयामि वः॥
</verse>",False
" As inauspicious omens appeared again and again, doubting if all is well with Sita, he said to himself, Can Sita be safe? ", उपालक्ष्य निमित्तानि सोऽशुभानि मुहुर्मुहुः।अपि क्षेमं नु सीताया इति वै व्याजहार च।। ,"<verse>
निमित्तान्यशुभान्येव दृष्ट्वा दृष्ट्वा पुनः पुनः।
सीतां प्रति विचिन्त्यासौ कच्चित् क्षेमं भवेदिति॥
</verse>",False
 What purpose is there to fight in battle or in life with Lakshmana lying in the forefront struck in the battlefield? , किंमेयुद्धेनकिंप्राणैर्युद्धकार्यं न विद्यते ।यत्रायंनिहतश्शेतेरणमूर्धनिलक्ष्मणः ।। ,"<verse>
किं मे युद्धेन कार्यं स्यात्किं प्राणैर्वा ममाधुना।
रणाग्रे पतिते वीरे शयाने लक्ष्मणे हते॥
</verse>",False
 From there they reached a village known as Abhikala and crossed the sacred Ikshumati flowing from Bodhibhavana mountain. This region was enjoyed by fathers and forefathers of Dasaratha.  , आभिकालं ततः प्राप्य ते बोधिभवनाच्च्युताम्।पितृपैतामहीं पुण्यां तेरुरिक्षुमतीं नदीम्।। ,"<verse>
तेऽभिकालं समासाद्य बोधिभवनमन्तिकात् ।
पितृपैतामहीं पुण्यां तेरुरिक्षुमतीं नदीम् ॥
</verse>",False
"  O best among the virtuous O lord of the world, I do not have any use for this army. I am giving away everything to Bharata. Bring the bark only. ", तथा मम सतां श्रेष्ठ किं ध्वजिन्या जगत्पते।सर्वाण्येवानुजानामि चीराण्येवाऽनयन्तु मे।। ,"<verse>
धर्मभृतां जगन्नाथ किमेतेन बलेन मे।
सर्वं हि भरतायेदं चीरमेवानयन्तु मे॥
</verse>",False
" Here is his eldest son, popularly known as Rama. He is the protector of all beings and never failed his fathers instructions. ", तस्यायं पूर्वजः पुत्रो रामो नाम जनैः श्रुतः।।शरण्यस्सर्वभूतानां पितुर्निर्देशपारगः। ,"<verse>
तस्य ज्येष्ठः सुतो रामो नाम्ना लोकेषु विश्रुतः।
रक्षिता सर्वभूतानां न जहाति पितुर्वचः॥
</verse>",False
" When Khara endowed with malicious might was marching towards the hermitage, Rama and his brother saw the same omens of impending calamity the demon had seen. ", आश्रमं प्रति याते तु खरे खरपराक्रमे।तानेवौत्पातिकान्रामस्सह भ्रात्रा ददर्श ह।। ,"<verse>
आश्रमं प्रति याते तु खरे दुष्टपराक्रमे ।
तानेवोत्पातरूपांश्च रामो ददर्श सानुजः ॥
</verse>",False
" ""Everything was favourable to me by the power of Rama, by your goodwill and for the great purpose of Sugriva. ", राघवस्य प्रभावेण भवतां चैव तेजसा।।सुग्रीवस्य च कार्यार्थं मया सर्वमनुष्ठितम्। ,"<verse>
रामस्य च प्रभावेण भवतां सौहृदेन च ।
सुग्रीवमहदर्थाय सर्वं मे हितमाभवत् ॥
</verse>",False
 May the one who counselled the exile of my esteemed brother acquire the same sin like that of a lowbred brahmin who commits an irreversible sin acquires , विप्रलुप्तप्रजातस्य दुष्कृतं ब्राह्मणस्य यत्।तदेव प्रतिपद्येत यस्यार्योऽनुमते गतः।। ,"<verse>
अकृत्वा निष्कृतिं पापे यत्पापं ब्रह्मबन्धुषु ।
तत्पापं प्रतिपद्येत यस्यार्योऽनुमते गतः ॥
</verse>",False
" ""O Glorious maharshi, this king cursed by his spiritual preceptor is not worthy of going to heaven with his physical body"".  ", अयं राजा महाभाग गुरुशापपरिक्षत: ।सशरीरो दिवं यातुं नार्हत्येव तपोधन ।।  ,"<verse>
महर्षे सुमहाभाग गुरुशापहतो नृपः ।
सशरीरो दिवं यातुं नैवार्हति कथञ्चन ॥
</verse>",False
"  O Best among men, O sons I do not the hand of rakshasas in this as this great sacrifice is consecrated by mantras to prevent any interruption and is presided over by eminent priests. ", गतिं पुत्रा: न पश्यामि रक्षसां परुषर्षभा:।मन्त्रपूतैर्महाभागैरास्थितो हि महाक्रतु:।। ,"<verse>
पुत्राः पुरुषशार्दूला राक्षसेभ्यो न मे भयम्।
मन्त्रैः सुरक्षितो ह्येष ऋत्विग्भिः सुसमाहितः॥
</verse>",False
" Viswamitra addressing the son of the Kakusthas Rama with a smile said, ""O Rama hear in detail the story of the magnanimous king Sagara"".  ", विश्वामित्रस्तु काकुत्स्थमुवाच प्रहसन्निव।श्रूयतां विस्तरो राम सगरस्य महात्मन:।। ,"<verse>
काकुत्स्थं सस्मितं रामं विश्वामित्रोऽब्रवीद्वचः ।
सगरस्य कथां राम विस्तरेण शृणु प्रभो ॥
</verse>",False
 Reflecting for a while he addressed Hanuman and the other Vanara leaders in this way. , चिन्तयित्वामुहूर्तंतुवानरांस्तानुवाचह ।हनुमत्प्रमुखान्सर्वानिदंवचनमुत्तमम् ।। ,"<verse>
मुहूर्तं चिन्तयित्वा स कपीन्द्रान् मारुतादिकान् ।
वानराधिपतीन् सर्वान् इत्येवमब्रवीद् वचः ॥
</verse>",False
" Rama was already hurt and on seeing Sita who was dear to his heart nearby, he was burning with the fear of public opinion. ", पश्यतस्तांतुरामस्यसमीपेहृदयप्रियाम् ।जनवादभयाद्राज्ञोबभूवहृदयंद्विधा ।। ,"<verse>
हृदयप्रेयसीं सीतां समीपस्थां विलोक्य सः ।
पूर्वार्तोऽपि ददाहासौ जनापवादभीतितः ॥
</verse>",False
" As directed by sage Agastya, Rama received with extreme delight a bow, a sword and quivers with inexhaustible arrows, given by Indra to Agastya to be passed on to Rama. ", अगस्त्यवचनाच्चैव जग्राहैन्द्रं शरासनम् ।।खड्गं च परमप्रीतस्तूणी चाक्षयसायकौ ।  ,"<verse>
अगस्त्यवचनाद्रामो जग्राह परया मुदा ।
ऐन्द्रं धनुर्वरं चासिं तूणी चाक्षय्यसायकौ ॥
</verse>",False
  You are valiant. You have acquired knowledge in various fields. You are illustrious like  your ancestors. Pursue the track taken by your uncles and by the thief who ran away with the horse.  , शूरश्च कृतविद्यश्च पूर्वैस्तुल्योऽसि तेजसा।पितृ़णां गतिमन्विच्छ येन चाश्वोऽपवाहित:।। ,"<verse>
शूरश्च कृतविद्यश्च पूर्वैश्च सदृशो ह्यसि ।
पितॄणां च गतिं मार्ग तुरगस्यापहारिणः ॥
</verse>",False
" ""O great king You may know that I am not telling like this out of my delusion or greed. You ought not to find fault with me."" ", इदंचयदिवामोहाल्लोभाद्वाव्याहृतंमया ।तत्रापिचमहाराज नदोषंकर्तुमर्हसि ।। ,"<verse>
न मोहान्न च लोभाद्धि ब्रवीम्यहमिदं नृप ।
न मे दोषं महाभाग ग्रहीतुमर्हसि प्रभो ॥
</verse>",False
" There was a great man of religion king Nimi, strongest of men and wellknown in the three worlds by his own acts. ", राजाऽभूत् त्रिषु लोकेषु विश्रुत स्स्वेन कर्मणा।निमि: परमधर्मात्मा सर्वसत्त्ववतां वर:।। ,"<verse>
आसीद्राजा निमिर्नाम धर्मात्मा बलवत्तरः ।
त्रिषु लोकेषु विख्यातः स्वेनैव कर्मणा नृपः ॥
</verse>",False
"  O Devi, I have no desire to live in this world for the sake of wealth. Know me as one with the sages who are devoted only to righteousness. ", नाहमर्थपरो देवि लोकमावस्तुमुत्सहे।विद्धिमामृषिभिस्तुल्यं केवलं धर्ममास्थितम्।। ,"<verse>
नाहमर्थपरो देवि लोकमावस्तुमुत्सहे।
विद्धि मामृषिभिस्तुल्यं केवलं धर्ममास्थितम्॥
</verse>",False
" Since Bharata and Rama have equal claim to the kingdom, Bharata is a  source of fear for Rama. Having thought over this matter, I am dejected. Danger springs from one who is in fear. ", भरतादेव रामस्य राज्यसाधारणाद्भयम्।तद्विचिन्त्य विषण्णाऽस्मि भयं भीताऽद्धि जायते।। ,"<verse>
तुल्याभिजनवीर्यौ हि भरतो राघवस्तथा ।
भरताद्धारयेद्भीतिं तद्विचिन्त्य विदूयते ॥
</verse>",False
" After completing the period of my exile when Janaka , king of Mithila, enquires of her welfare how can I face him? ", निवृत्तवनवासश्च जनकं मिथिलाधिपम्।।कुशलं परिपृच्छन्तं कथं शक्ष्ये निरीक्षितुम्। ,"<verse>
निवृत्ते वनवासे मे पृच्छेन्मैथिलभूपतिः ।
तस्याः कुशलवार्तां चेत्कथं यास्यामि संमुखम् ॥
</verse>",False
 O one  with shapely thighs like the trunk of an elephant follow only the path of righteousness practised earlier by the virtuous as Suvarchala follows the Sun. , धर्मस्तु गजनासोरु सद्भिराचरितः पुरा।तं चाहमनुवर्तेऽद्य यथा सूर्यं सुवर्चला।। ,"<verse>
सतां धर्ममनुगता पूर्वैश्चाप्यनुपालितम् ।
अनुगच्छस्व मां भीरु सूर्यमिव सुवर्चला ॥
</verse>",False
 Angada sat near Sampati surrounded by all monkeys. Sampati who had gained confidence spoke to Angada  once again joyously. , तमङ्गदमुपासीनं तैस्सर्वैर्हरिभिर्वृतम्।जनितप्रत्ययो हर्षात्सम्पातिः पुनरब्रवीत्।। ,"<verse>
सर्ववानरसंवीतः सम्पातेरङ्गदः स्थितः ।
लब्धाश्वासः स सम्पातिर्हृष्टः पुनरुवाच तम् ॥
</verse>",False
" ""He is waking me up like waking up a lion sleeping in the mountain cave. Like waking up death from sleep, he is desiring to instigate me. What sort of a person is he?"" ", कोहिसिंहमिवासीनंसुप्तंगिरिगुहाशये ।क्रुद्धंमृत्युमिवाऽसीनंसम्भोधयितुमिच्छति ।। ,"<verse>
सुप्तं गिरिगुहायां तु सिंहं प्रबोधयन्निव ।
प्रबोध्य शयनान्मृत्युं मां कोपयति कीदृशः ॥
</verse>",False
" Then arrived the heir apparent, Angada, whose prowess is comparable to that of his father with him came a thousand padmas and a hundred sankus of followers. ", ततः पद्मसहस्रेण वृतश्शङ्कुशतेन च।युवराजोऽङ्गदः प्राप्तः पितृतुल्यपराक्रमः।। ,"<verse>
ततः पितृसमो वीर्ये तारापुत्रोऽङ्गदो बली ।
पद्मानां तु सहस्रेण शङ्कूनां च शतेन च ॥
</verse>",False
" Having crossed the vast, beautiful kingdom of Kosala, the sagacious elder brother of Lakshmana stood facing Ayodhya with folded palms and said ", विशालान् कोसलान् रम्यान् यात्वा लक्ष्मणपूर्वजः।अयोध्याभिमुखो धीमान् प्राञ्जलिर्वाक्यमब्रवीत्।। ,"<verse>
व्यतीत्य लक्ष्मणभ्राता रम्यं स्फीतं च कोशलम्।
अयोध्याभिमुखो धीमान् प्राञ्जलिर्वाक्यमब्रवीत्॥
</verse>",False
" Just as people get scared of death, all creatures including gandharvas, gods, evil spirits, birds and snakes run away from me. ", यस्य देवास्सगन्धर्वाः पिशाचपतगोरगाः।विद्रवन्ति भयाद्भीता मृत्योरिव सदा प्रजाः।। ,"<verse>
सुरा गन्धर्वभूतानि पक्षिणः पन्नगास्तथा ।
यथा मृत्योर्बिभेतीह मत्तो धावन्ति सर्वशः ॥
</verse>",False
" A man of indomitable prowess, he took the bow with three curves that was like an ornament to him, tied two quivers at the back and left. ", तत स्त्र्यवनतं चापमादायाऽत्मविभूषणम्।आबध्य च कलापौ द्वौ जगामोदग्रविक्रमः।। ,"<verse>
भूषणाभं धनुर्गृह्य त्रिनतं भीमविक्रमः ।
बद्ध्वा तूणद्वयं पृष्ठे निर्जगाम स वीर्यवान् ॥
</verse>",False
" The dreadful demoness who thus was disfigured. Drenched in blood, she  thundered like a cloud in rainy season. ", सा विरूपा महाघोरा राक्षसी शोणितोक्षिता।ननाद विविधान्नादान्यथा प्रावृषि तोयदः।। ,"<verse>
तथा विरूपिता घोरा राक्षसी रुधिरोक्षिता ।
ननाद भैरवं नादं प्रावृषीव महाघनः ॥
</verse>",False
" ""You are the knower of all sastras, and capable of warding off all calamities. How did death have a chance to meet you and overtake?"" ", अदृष्टंमृत्युमापन्नःकस्मात्त्वंनयशास्त्रवित् ।व्यसनानामुपायज्ञःकुशलोह्यसिवर्जने ।। ,"<verse>
सर्वशास्त्रार्थतत्त्वज्ञ सर्वापद्विनिवारक ।
कथं त्वामस्पृशन्मृत्युः कथं वा समुपस्थितः ॥
</verse>",False
" These bulls were born from my body and they are oppressed by the burden. Having seen their anguish, I am extremely grieved. There is none so dear as a son. ", ममकायात्प्रसूतौ हि दुःखितौ भारपीडितौ।यौ दृष्ट्वा परितप्येऽहं नास्ति पुत्रसमः प्रियः।। ,"<verse>
मद्देहोत्था वृषा ह्येते भारपीडितमानसाः ।
व्यथां दृष्ट्वा भृशार्ताहं न पुत्रात्परमं प्रियम् ॥
</verse>",False
" Rama, the son of the king, a powerful and strong warrior, ordered ten Vanaras to know the whereabouts of Indrajith. ", सतस्यगतिमन्विच्छन्राजपुत्रःप्रतापवान् ।दिदेशातिबलोरामोदशवानरयूथपान् ।। ,"<verse>
राजपुत्रो महावीर्यो रामो वीरो महाबलः ।
इन्द्रजितो गतिं ज्ञातुमादिदेश कपीन् दश ॥
</verse>",False
" Sugriva, of great prowess lifting a mountain peak, whirled it round and round and darted towards Kumbhakarna swiftly. ", स पर्वताग्रमुत्क्षिप्यसमाविध्यमहाबलः ।अभिदुद्राववेगेनकुम्भकर्णंमहाबलम् ।। ,"<verse>
शैलशृङ्गं समुत्पाट्य सुग्रीवः सुमहाबलः ।
भ्रामयित्वा मुहुः शीघ्रं कुम्भकर्णमभिद्रुतः ॥
</verse>",False
" ""Khara was killed in that combat with sunlike arrows, so also Dooshana and Trisira. That example is sufficient proof."" ", खरश्चनिहतःसङ्ख्येदूषणस्त्रिशिरास्तथा ।शरैरादितसङ्काशैःपर्याप्तंतन्निदर्शनम् ।। ,"<verse>
सूर्यवैश्वानरप्रख्यैः शरैः प्रमथितः खरः ।
दूषणस्त्रिशिराश्चैव पर्याप्तं तन्निदर्शनम् ॥
</verse>",False
" On approaching the hermitage of sage Bharadwaja, Bharata  alighted from the chariot,   and prostrated at his feet. ", स तमाश्रममागम्य भरद्वाजस्य बुद्धिमान्।अवतीर्य रथात्पादौ ववन्दे भरतस्तदा।। ,"<verse>
भरद्वाजाश्रमं प्राप्य रथादवरुरोह सः ।
मुनेः पादौ समासाद्य भरतः प्रणनाम ह ॥
</verse>",False
" ""This great soul, night ranger Vibheeshana who knows his conjuring tricks well, will follow behind you with ministers."" ", अयंत्वांसचिवैःसार्थंमहात्मारजनीचरः ।अभिज्ञस्तस्यमायानांपृष्ठतोऽनुगमिष्यति ।। ,"<verse>
अयं च सचिवैः सार्धं महात्मा रजनीचरः ।
विभीषणो महामायः पृष्ठतोऽनुगमिष्यति ॥
</verse>",False
" The arrows tied with peacockfeathers, looking like fire, pierced the body of Viradha which, drenched in blood, fell on the ground. ", ते शरीरं विराधस्य भित्त्वाबर्हिणवाससः।निपेतुश्शोणितादिग्धा धरण्यां पावकोपमाः।। ,"<verse>
मयूरपक्षसंयुक्ताः शरा वह्निशिखोपमाः ।
विराधस्य तनुं भित्त्वा रक्ताक्तो न्यपतद्भुवि ॥
</verse>",False
" That the lotuseyed and highly accomplished Kalindi, offered herself for a son to Chyavana who was glowing like a god. ", तत्रैका तु महाभागा भार्गवं देववर्चसम्।।ववन्दे पद्मपत्राक्षी काङ्क्षन्ती सुतमात्मन:। ,"<verse>
कमलाक्षी महाभागा कालिन्दी सुतकाङ्क्षया ।
च्यवनाय सुराभाय स्वात्मानं सा न्यवेदयत् ॥
</verse>",False
" O destroyer of enemies, I do not find even slightest fault with you. Like a child, it does not behove you to reproach your mother.  ", न दोषं त्वयि पश्यामि सूक्ष्ममप्यरिसूदन।न चापि जननीं बाल्यात्त्वं विगर्हितुमर्हसि।। ,"<verse>
न दोषं तव पश्यामि सूक्ष्ममप्यरिसूदन ।
नार्हसि त्वं यथा बालो मातरं निन्दितुं प्रभो ॥
</verse>",False
" Saarana who speaks sweetly, kept wiping Sitas face covered with tears gently and replied in this manner. ", सात्वेवंब्रुवतींसीतांसरमावल्गुभाषिणी ।उवाचवदनंतस्यास्स्पृशन्तीबाष्पविक्लबम् ।। ,"<verse>
शनैः प्रमृज्य सीताया बाष्पपूर्णं मुखं तदा ।
सारणः प्रियवादी स इत्येवं प्रत्युवाच ताम् ॥
</verse>",False
" By seeing me in this form, sensitive largeeyed Sita will scream loudly thinking that I am Ravana who can assume any form at his free will. ", ततो जातपरित्रासा शब्दं कुर्यान्मनस्विनी।।जानमाना  विशालाक्षी रावणं कामरूपिणम्। ,"<verse>
भूय उद्विग्नचित्ता सा रावणं कामरूपिणम् ।
मत्वा मां व्यथिता भीता विक्रोशेत्पृथुलोचना ॥
</verse>",False
 Feel this sudden astringent smell of ripe figs wafted by the breeze from the forest. , पिप्पलीनां च पक्वानां वनादस्मादुपागतः।।गन्धोऽयं पवनोक्षिप्तस्सहसा कटुकोदयः। ,"<verse>
पक्वोदुम्बरगन्धोऽयं कषायः पवनेरितः ।
अकस्मात्काननाद्यातः त्वया समनुभूयताम् ॥
</verse>",False
" Dwivida whose body was like a thunderbolt to feel, moved about on the mountain peak as Rakshasas were watching. ", वज्राशनिसमस्पर्शोद्विविदोऽप्यशनिप्रभम् ।जघानगिरिशृङ्गेणमिषतांसर्वरक्षसाम् ।। ,"<verse>
द्विविदो वज्रसंस्पर्शो राक्षसानां च पश्यताम् ।
चचार गिरिशृङ्गेऽसौ वानरो भीमविक्रमः ॥
</verse>",False
" The battlefield with strewn armlets, necklaces and clothes, weapons looked like autumnal night decorated all over. ", हारकेयूरवस्स्रैश्चशत्रैश्चसमलङ्कृता ।भूमिर्भातिरणेतत्रशारदीवयथानिशा ।। ,"<verse>
हारकेयूरवस्त्रैश्च शस्त्रैश्च पतितैर्भुवि ।
शरन्निशेव सा भाति रणभूमिर्विभूषिता ॥
</verse>",False
" The king Dasaratha was greatly delighted on being reunited with his sons Rama and Lakshmana. Honoured by Janaka, he spent the night with supreme satisfaction. ", राजा च राघवौ पुत्रौ निशाम्य परिहर्षित:।।उवास परमप्रीतो जनकेन सुपूजित:। ,"<verse>
रामं सलक्ष्मणं वीक्ष्य हृष्टो दशरथोऽभवत्।
जनकेनार्चितो रात्रौ परां तृप्तिमवाप सः॥
</verse>",False
" Great heroes, endowed with speed with a network of arrows pierced on the bodies shone like mountains overgrown with trees. ", बाणजालैश्शरीरस्थैरवगाढैस्तरस्विनौ ।।शुशुभातेमहावीर्यौप्ररूढाविवपर्वतौ । ,"<verse>
शरजालाचिताङ्गास्ते महावेगा महाबलाः ।
विरेजुर्हि महावीरा वृक्षाकीर्णा नगा इव ॥
</verse>",False
" ""Even for Brihaspati who is proclaimed to be highly intelligent, it is not possible to surpass you as you are the foremost in capability and eloquence."" ", नभवन्तंमतिश्रेष्ठंसमर्थंवदतांवरम् ।अतिशाययितुंशक्तोबृहस्पतिरपिब्रुवन् ।। ,"<verse>
प्रख्यातस्य महाबुद्धेरप्यलङ्घ्यो बृहस्पतेः ।
सामर्थ्ये वाक्पटुत्वे च त्वमेव प्रवरो ह्यसि ॥
</verse>",False
 He released an exceedingly formidable weapon called Taamasa which consumed all the monkeys all over and had fallen. , तामसंसुमहाघोरंचकारास्त्रंसुदारुणम् ।निर्ददाहकपीन् सर्वांस्तेप्रपेतुःसमन्ततः ।। ,"<verse>
ससर्ज परमास्त्रं तु तामसं घोरदर्शनम् ।
व्यधमत्तत्समासाद्य समन्तात्सर्ववानरान् ॥
</verse>",False
 To accomplish this great task I will have to assume an inconspicious form and enter the city of Lanka in the night as that is the appropriate time. , लक्ष्यालक्ष्येण रूपेण रात्रौ लङ्का पुरी मया।प्रवेष्टुं प्राप्तकालं मे कृत्यं साधयितुं महत्।। ,"<verse>
महतः कार्यसिद्ध्यै मे रात्रौ लङ्काप्रवेशनम् ।
सूक्ष्मं रूपं समास्थाय युक्तः कालो ह्ययं भवेत् ॥
</verse>",False
" Rama, lord of the earth, reached the door of the leafhut and took Bharata and Lakshmana in his arms. ", ततः पर्णकुटीद्वारमासाद्य जगतीपतिः।परिजग्राह बाहुभ्यामुभौ भरतलक्ष्मणौ।। ,"<verse>
पर्णशालामुखं प्राप्य राघवः पृथिवीपतिः ।
भरतं लक्ष्मणं चैव बाहुभ्यां परिषस्वजे ॥
</verse>",False
" You have witnessed the cry of agony raised by the citizens at the time of your banishment. Now when they see the empty chariot, they will make it raise their cry a hundredfold.  ", आर्तनादो हि यः पौरैर्मुक्तस्त्वद्विप्रवासने।सरथं मां निशाम्यैव कुर्युः शतगुणं ततः।। ,"<verse>
दृष्टं त्वया हि पौराणां क्रन्दितं निष्क्रमे कृतम् ।
दृष्ट्वा शून्यं रथं यातं तत्पुनः शतधा भवेत् ॥
</verse>",False
 O distinguished monkey you both are so similar in form that I was puzzled and did not release my swift arrow that could have destroyed the enemy. , ततोऽहं रूपसादृश्यान्मोहितो वानरोत्तम।नोत्सृजामि महावेगं शरं शत्रुनिबर्हण।। ,"<verse>
अहं तु रूपसादृश्यान्मोहितो वानरोत्तम ।
रिपुघ्नः शीघ्रगो बाणो न मुक्तो हि मया तदा ॥
</verse>",False
" I will be happy only after killing the destroyer of Khara and Dusana, just as a poor man feels happy only on acquiring wealth. ", तं त्विदानीमहं हत्वा खरदूषणघातिनम्।रामं शर्मोपलप्स्यामि धनं लब्ध्वेव निर्धनः।। ,"<verse>
खरदूषणहन्तारं निहत्याहं प्रमोदिष्ये ।
यथा वित्तमवाप्यासौ निर्धनो हर्षमृच्छति ॥
</verse>",False
" When Rama was thus speaking in a state of excitement in the middle of war, the choleric Khara  started abusing him in a harsher tone. ", तमेवमभिसंरब्धं ब्रुवाणं राघवं रणे।खरो निर्भर्त्सयामास रोषात्खरतरस्वरः।। ,"<verse>
तथा ब्रुवाणं संरब्धं रामं क्लिष्टतरं खरः ।
अधिक्षिपन्पुनः क्रुद्धः परुषं वाक्यमब्रवीत् ॥
</verse>",False
" The amazed monkeys stopped there. Hanuman enquired, Who are you? Whose cave is this? ", विस्मिता हरयस्तत्र व्यवतिष्ठन्त सर्वशः।।पप्रच्छ हनुमांस्तत्र काऽसि त्वं कस्य वा बिलम्। ,"<verse>
विस्मिताः प्लवगाः सर्वे तत्र तस्थुः ससंभ्रमाः ।
पृच्छति स्म हनूमान् तां कासि कस्य बिलं त्विदम् ॥
</verse>",False
"  ""O descendant of Raghu, burnt down by his fierce third eye, all the limbs of the body of that evilminded Kama were consumed. ", अवदग्धस्य रौद्रेण चक्षुषा रघुनन्दन।व्यशीर्यन्त शरीरात्स्वात्सर्वगात्राणि दुर्मते:।। ,"<verse>
कामस्योग्रेण नेत्रेण तृतीयेनाथ राघव ।
दुर्मतेः सर्वगात्राणि व्यशीर्यन्त शरीरतः ॥
</verse>",False
"  Without you Sita or I will not survive even for a moment like a fish taken out of water, O Rama ", न च सीता त्वया हीना न चाहमपि राघव।मुहूर्तमपि जीवावो जलान्मत्स्याविनोद्धृतौ।। ,"<verse>
न च सीता त्वया हीना न चाहमपि राघव।
मुहूर्तमपि जीवावो जलान्मत्स्याविवोद्धृतौ॥
</verse>",False
" If Rama goes to the forest, the god of death will conduct me to his abode, for condemned by the entire world, I shall not be forgiven even by Yama.  ", राघवे हि वनं प्राप्ते सर्वलोकस्य धिक्कृतम्।।मृत्युरक्षमणीयं मां नयिष्यति यमक्षयम्। ,"<verse>
रामे वनं प्रयाते तु मां मृत्युर्नयते गृहम् ।
सर्वलोकैर्विगर्ह्योऽहं यमोऽपि न क्षमिष्यति ॥
</verse>",False
" Standing on the ground that Rakshasa who created fear among all beings shone like fire at the time of dissolution of the universe, seized his pike in hand. ", तत्तिष्ठद्वसुधांरक्षश्शूलंजग्राहपाणिना ।त्रासनंसर्वभूतानांयुगान्ताग्निसमप्रभम् ।। ,"<verse>
स भूमौ राक्षसो धीरः सर्वभूतभयावहः ।
शूलपाणिर्बभौ दीप्तो युगान्ताग्निरिव ज्वलन् ॥
</verse>",False
" Thereafter, flashed in the mind of that aged king who had already lived long this pleasant thought as to how Rama will become king while he was alive. "," अथ राज्ञो बभूवैवं वृद्धस्य चिरजीविनः।।

प्रीतिरेषा कथं रामो राजा स्यान्मयि जीवति।
  ","<verse>
तस्य चैतदभूद् राज्ञो जीर्णस्य चिरजीविनः ।
कथं राजा भवेद् रामो मयि जीवति मे सुतः ॥
</verse>",False
" O best of brahmins be pleased to know I am Sita by name, daughter of the great Janaka, king of Mithila and wife of Rama. ", दुहिता जनकस्याहं मैथिलस्य महात्मनः।सीता नाम्नास्मि भद्रं ते रामभार्या द्विजोत्तम।। ,"<verse>
दुहिता जनकस्याहं मैथिलस्य महात्मनः ।
सीता नाम च भद्रं ते भार्या रामस्य धीमतः ॥
</verse>",False
" The brilliant king, Dasaratha, father of Rama, overcome by passion,  did not consecrate Rama in order to please Kaikeyi. ", कामार्तस्तु महातेजाः पिता दशरथस्स्वयम्।।कैकेय्याः प्रियकामार्थं तं रामं नाभ्यषेचयत्। ,"<verse>
राजा दशरथो धीमान् रामतातः स्मरातुरः ।
कैकेय्याः प्रियकामार्थं नाभ्यषिञ्चत् स राघवम् ॥
</verse>",False
 Here at the foot of the ingudi tree and upon that bed of grass both Rama and Sita rested that night. , एतत्तदिङ्गुदीमूलमिदमेव च तत्तृणम्।यस्मिन्रामश्च सीता च रात्रिं तां शयितावुभौ।। ,"<verse>
इङ्गुदीवृक्षमूलेऽस्मिंस्तृणशय्यागतावुभौ ।
सीता रामश्च तां रात्रिं सुषुपतुर्यथासुखम् ॥
</verse>",False
"  That lustful king, having come under the hold of Kaikeyi, has been deprived of my presence. What can that forlorn and aged king do?  ", अनाथश्च हि वृद्धश्च मया चैव विनाकृतः।किं करिष्यति कामात्मा कैकेयी वशमागतः।। ,"<verse>
कैकेयीवशगो राजा कामवृत्तो मया विना ।
वृद्धो दीनोऽप्यनाथोऽसौ किं नु कुर्यान्महीपतिः ॥
</verse>",False
"  O Lakshamana of auspicious qualities, since my mother is not aware of the significance of truth and selfrestraint, she is overcome with grief, great and incomparable. ", मम मातुर्महद्दुःखमतुलं शुभलक्षण।अभिप्रायमविज्ञाय सत्यस्य च शमस्य च।। ,"<verse>
सौमित्रे शुभसम्पन्न माता मे सत्यसंयमौ ।
अज्ञात्वा महता युक्ता शोकेनाप्रतिमेन सा ॥
</verse>",False
 Virtuous Nandivardhana was the son of Udavasu whose son was Suketu. , उदावसोस्तु धर्मात्मा जातो वै नन्दिवर्धन:।नन्दिवर्धनपुत्रस्तु सुकेतुर्नाम नामत:।।  ,"<verse>
उदावसोस्तु धर्मात्मा जातो वै नन्दिवर्धनः ।
सुकेतुर्नाम तत्सूनुर्बभूव नृपसत्तमः ॥
</verse>",False
" Madhuvan has come down to us from our forefathers time. Dear to the king, its entry is prohibited even to the gods.  ", इष्टं मधुवनं ह्येतत्पार्थिवस्य महात्मनः।पितृपैतामहं दिव्यं देवैरपि दुरासदम्।। ,"<verse>
पितृपैतामहं ह्येतन्मधुवनं नृपप्रियम् ।
सुराणामपि दुष्प्रापं प्रवेशो यत्र वारितः ॥
</verse>",False
"  The king who was aware of the right place and time summoned hurriedly the treaury officer, who was firm and honest and said to him ", राजा सत्वरमाहूय व्यापृतं वित्तसंञ्चये।उवाच देशकालज्ञो निश्चितं सर्वत श्शुचिम्।। ,"<verse>
देशकालविभागज्ञो राजा कोशाधिकारिणम् ।
शुचिं दृढव्रतं शीघ्रं समाहूयेदमब्रवीत् ॥
</verse>",False
" Resting for a while, the frustrated monkeys resumed their search throughout the southern direction.  ", ते मुहूर्तं समाश्वस्ताः किञ्चिद्भग्नपरिश्रमाः।पुनरेवोद्यताः कृत्स्नां मार्गितुं दक्षिणां दिशम्।। ,"<verse>
विश्रम्य च मुहूर्तं ते विषण्णाः कपयस्तथा ।
पुनर्याम्यां दिशं सर्वां व्यचिन्वंस्ते समन्ततः ॥
</verse>",False
 Sugriva the bull among vanaras having heard the words of Raghava ordered the heroic vanaras to start. , राघवस्य वचश्श्रुत्वा सुग्रीवो वाहिनीपतिः ।व्यादिदेश महावीर्यो वानरान्वानरर्षभ ः ।। ,"<verse>
श्रुत्वा तु राघवस्योक्तं सुग्रीवो वानरर्षभः ।
स समाज्ञापयद् वीरान् प्रस्थानाय कपींस्तदा ॥
</verse>",False
 I also see manifestations of good omens to start the journey. I shall get Janakas daughter Sita on killing Ravana. , निमित्तानि च पश्यामि यानि प्रादुर्भवन्ति च ।निहत्य रावणं सीतामानयिष्यामि जानकीम् ।। ,"<verse>
निमित्तानि च पश्यामि प्रशस्तान्युत्थितानि च ।
हत्वा रावणमद्येह प्राप्स्यामि जनकात्मजाम् ॥
</verse>",False
 I want you to get  both of them along with that notorious woman killed. This sister of mine will drink their blood.  , तौ हत्वा तां च दुर्वृत्तामपावर्तितुमर्हथ।इयं च रुधिरं तेषां भगिनी मम पास्यति।। ,"<verse>
तां स्त्रियं च दुराचारां तावुभौ च विघातय ।
इयं मे भगिनी तेषां रुधिरं चापि पास्यति ॥
</verse>",False
" To the words of Janaka, king of Videha, king Dasaratha, the descendant of Raghu cheerfully replied ", तथा ब्रुवति वैदेहे जनके रघुनन्दन:।राजा दशरथो हृष्ट: प्रत्युवाच महीपतिम्।। ,"<verse>
वैदेहजनकस्यैव वाक्यं श्रुत्वा नृपो मुदा ।
राजा दशरथः प्रीत्या प्रत्युवाच च राघवः ॥
</verse>",False
" In the battlefield surrounded by Rakshasa heroes, enraged valiant Ravana took up the trident holding it in the middle. ", तच्छूलंपरमक्रुद्धोमध्येजग्राहवीर्यवान् ।अनेकैःसमरेश्शूरैराक्षसैःपरिवारितः ।। ,"<verse>
रणे राक्षसवीरैस्तु संवृतः क्रुद्धरावणः ।
शूलं जग्राह मध्ये स महावीर्यो महाबलः ॥
</verse>",False
 Hanuman of immeasurable strength hurled the iron spear after turning it round and round at high speed on the broad chest of Jambumali.  , अतिवेगोऽतिवेगेन भ्रामयित्वा बलोत्कटः।परिघं पातयामास जम्बुमालेर्महोरसि।। ,"<verse>
भ्रामयित्वा महावेगाच्चिक्षेप परिघं बली ।
हनूमानप्रमेयोऽसौ जम्बुमालिमहोरसि ॥
</verse>",False
" Charity, sacrifice, libations, mortifications, asceticism and the Vedas have truth as their foundation. Therefore, every one should be an adherent of truth. ", दत्तमिष्टं हुतं चैव तप्तानि च तपांसि च।वेदा स्सत्यप्रतिष्ठाना स्तस्मात्सत्यपरो भवेत्।। ,"<verse>
दत्तमिष्टं हुतं चैव तप्तानि च तपांसि च।
सत्ये वेदाः स्थिताश्चैव तस्मात्सत्यपरो भवेत्॥
</verse>",False
 O Slayer of enemy heroes you have the ability to accomplsh this task singlehanded. By succeeding in accomplishing the objective you will become renowned and not Rama. , काममस्य त्वमेवैकः कार्यस्य परिसाधने।पर्याप्तः परवीरघ्न यशस्यस्ते बलोदयः।। ,"<verse>
काममस्य त्वमेवैकः कार्यस्य परिसाधने ।
पर्याप्तः परवीरघ्न यशस्यस्ते बलोदयः ॥
</verse>",False
"  Hearing the words of Rama, Lakshmana was abashed and said I think it is our father, king Dasaratha who has come here personally to see you.  ", तद्वाक्यं लक्ष्मण श्श्रुत्वा व्रीलितः प्रत्युवाच ह।त्वां मन्ये द्रष्टुमायातः पिता दशरथ स्स्वयम्।। ,"<verse>
श्रुत्वा रामस्य वाक्यं स व्रीडितो लक्ष्मणोऽब्रवीत् ।
मन्ये त्वां द्रष्टुमायातः तातो दशरथो नृपः ॥
</verse>",False
 Since I was looking for food I resolved to seize both of them. But he asked me in a gentle and courteous manner to make way since I was blocking the aerial path. , सोऽहमभ्यवहारार्थी तौ दृष्ट्वा कृतनिश्चयः।तेन साम्ना विनीतेन पन्थानमभियाचितः।। ,"<verse>
आहारार्थं प्रवृत्तेन तौ ग्रहीतुं मतिः कृता ।
खे रुन्धन्तं स सान्त्वेन मां मार्गं समयाचत ॥
</verse>",False
" ""He is all vedas, as well as all the sacrifices as also the fruits of all sacrifices. He is the supreme controller of all actions in all worlds. ", वेदश्चक्रतवश्चैवक्रतूनांफलमेव च ।यानिकृत्यानिलोकेषुसर्वेषुपरमप्रभुः ।। ,"<verse>
वेदाः सर्वे च यज्ञाश्च यज्ञानां च फलं तथा ।
सर्वलोकेषु सर्वेषां कर्मणामीश्वरः प्रभुः ॥
</verse>",False
" Bring with honour king of Anga, Romapada, famous and prosperous. He is an intimate friend of the king Dasaratha. ", अङ्गेश्वरम् महाभागं रोमपादं सुसत्कृतम्।वयस्यं राजसिंहस्य समानय यशस्विनम्।। ,"<verse>
अङ्गराजं महाभागं रोमपादं सुसत्कृतम् ।
आनयस्व वयस्यं तं राज्ञो दशरथस्य च ॥
</verse>",False
" ""Wise kings of the land, having known about enemies from the spies destroy enemies in war with little effort."" ", चारेणविदितश्शत्रुःपण्डितैर्वसुधाधिपैः ।युद्धेस्वल्पेनयत्नेनसमासाद्यनिरस्यते ।। ,"<verse>
विज्ञा नृपा महीपालाश्चारैर्विदितशत्रवः ।
अल्पेनैव प्रयत्नेन नाशयन्ति रिपून् रणे ॥
</verse>",False
" Alliance is not possible between Rakshasas and army of Bears and Vanaras, just as alliance is not possible between gods and demons. ", राक्षसानांबलौघस्यवानरेन्द्रबलस्यच ।नैतयोर्विद्यतेसन्धिर्देवदानवयोरिव ।। ,"<verse>
यथा देवासुराणां च सन्धिर्नैवोपपद्यते ।
तथा राक्षससैन्यस्य ऋक्षवानरसेनया ॥
</verse>",False
" Then Dadhimukha, the guardian of the garden became furious on the vanaras. Having heard from the guards that the garden was destroyed, he said soothing words to them. ", ततो दधिमुख: क्रुद्धो वनपस्तत्र वानरः।हतं मधुवनं श्रुत्वा सान्त्वयामास तान् हरीन्।। ,"<verse>
ततो दधिमुखः क्रोधी वनपालः कपीन् प्रति।
श्रुत्वा भग्नं वनं तेभ्यः सान्त्वयामास रक्षिणः॥
</verse>",False
" You are the son of Arishtanemi sage Kasyapa and Vinata, and your gurulike elder brother is Garuda, the greatest among birds. He is powerful and and famous. ", अरिष्टनेमिनः पुत्रो वैनतेयो महाबलः।गरुत्मानिति विख्यात उत्तमस्सर्वपक्षिणाम्।। ,"<verse>
अरिष्टनेमिपुत्रोऽसि विनतायाश्च नन्दनः ।
गरुडस्ते गुरुर्भ्राता खगेन्द्रो बलविश्रुतः ॥
</verse>",False
" When Anaranya, the best of the virtuous, was ruling the kingdom, there was no drought, no famine and not even a thief in his kingdom. ", नानावृष्टिर्बभूवास्मिन्नदुर्भिक्षं सतां वरे।अनरण्ये महाराजे तस्करो नापि कश्चन।। ,"<verse>
अनरण्ये सतां श्रेष्ठे राज्यं सम्यक् प्रशासति ।
दुर्भिक्षं नाभवद् राज्ये नावृष्टिर्न च तस्करः ॥
</verse>",False
" Totally exhausted I slept on your lap for a long time, and in turn you slept on my lap later. ", परिश्रमात्प्रसुप्ता च राघवाङ्केऽप्यहं चिरम्।पर्यायेण प्रसुप्तश्च ममाङ्के भरताग्रजः।। ,"<verse>
नितान्तश्रान्तचित्तोऽहं त्वदङ्के सुप्तवांश्चिरम् ।
ततः पश्चान्ममोत्सङ्गे सुप्ता त्वमभवस्तथा ॥
</verse>",False
 O powerful king an evilminded vanara has destroyed the inaccessible pleasure garden not knowing your valour. , राजस्वनमिदं दुर्गं तव भग्नं दुरात्मना।वानरेण ह्यविज्ञाय तव वीर्यं महाबल।। ,"<verse>
हे महाबल भूपाल अज्ञात्वा तव विक्रमम् ।
दुर्गमं प्रमदोद्यानं कुधीः कपिरनाशयत् ॥
</verse>",False
" Knowing all these reasonsmany violations of dharma, it is proper for you as a king to approve of the punishment accorded to you in consonance with dharma. ", तदेभिः कारणैस्सर्वैर्महद्भिर्धर्मसंहित।।शासनं तप यद्युक्तं तद्भवाननुमन्यताम्। ,"<verse>
तदेतत् कारणं ज्ञात्वा धर्मदोषान् बहून् नृप ।
दण्डं धर्मेण सम्प्राप्तम् अनुमन्तुं त्वमर्हसि ॥
</verse>",False
 The people had no joy in life nor did they find cheer in anything. The merchants did not offer their wares for sale. The marketplace looked graceless lifeless. The stocks were empty. The householders did not cook their food. , न चाहृष्यन् नचामोदन् वणिजो न प्रसारयन्।न चाशोभन्त पण्यानि नापचन् गृहमेधिनः।। ,"<verse>
न मुदं लेभिरे लोका न विक्रयं वणिक्करोत् ।
गृहे न पच्यते चान्नं विपणिर्न प्ररोचते ॥
</verse>",False
" Certainly splendour has left along with my brother. Like the night when the rain pours down during the waning of the Moon, Ayodhya shines not. ", सह नूनं मम भ्रात्रा पुरस्यास्य द्युतिर्गता। न हि राजत्ययोध्येयं सासारेवार्जुनी क्षपा।।  ,"<verse>
नूनं भ्रात्रा गता सार्धं श्रीरयोध्या न भासते।
कृष्णपक्षे प्रवृष्टेव निशा घनसमावृता॥
</verse>",False
" O Manthara, when my objective is accomplished and I am fully satisfied, I will smear your hump with the best of refined liquid gold. ", जात्येन च सुवर्णेन सुनिष्टप्तेन मन्थरे।।लब्धार्था च प्रतीता च लेपयिष्यामि ते स्थगु। ,"<verse>
सिद्धार्था तुष्टचित्ताहं मन्थरे तव कुब्जकम् ।
जातरूपेण मुख्येन प्रलेपं च करोम्यहम् ॥
</verse>",False
" On hearing the great Sugrivas miserable and moving words, Rama again said ", तस्य चैवं ब्रुवाणस्य सुग्रीवस्य महात्मनः।करुणं दीनया वाचा राघवः पुनरब्रवी।। ,"<verse>
श्रुत्वा तु वचनं तस्य सुग्रीवस्य महात्मनः ।
दीनं सकरुणं चैव रामः पुनरुवाच ह ॥
</verse>",False
" The tenheaded Ravana heard his brother, the greatsoul Vibhishanas timely advice which was in keeping with the laws of the land and replied. ", तस्य तद्वचनं श्रुत्वा दशग्रीवो महात्मनः।देशकालहितं वाक्यं भ्रातुरुत्तरमब्रवीत्।। ,"<verse>
तस्य तद्वचनं श्रुत्वा दशग्रीवो महात्मनः।
देशकालहितं वाक्यं भ्रातुरुत्तरमब्रवीत्॥
</verse>",False
" O son of Kakusthas  all the sons of Sagara were reduced to a heap of ashes, by that magnanimous Kapila, whose power was beyond imagination"".      Thus ends the fortieth sarga of Balakanda of the holy Ramayana the first epic composed by sage Valmiki. ", ततस्तेनाप्रमेयेन कपिलेन महात्मना।भस्मराशीकृतास्सर्वे काकुत्स्थ सगरात्मजा:।। ,"<verse>
भस्मीकृता महात्मानः कपिलेनामितौजसा ।
सगरस्यात्मजाः सर्वे काकुत्स्थ कुलवर्धन ॥
</verse>",False
 I intend to provide hospitality for which I am invoking Visvakarma and Tvastara who builds houses. Let adequate arrangements be made. , आह्वये विश्वकर्माणमहं त्वष्टारमेव च।आतिथ्यं कर्तुमिच्छामि तत्र मे संविधीयताम्।। ,"<verse>
विश्वकर्माणमेवाहं त्वष्टारमपि चाह्वये।
आतिथ्यं कर्तुमिच्छामि तन्मे संप्रतिपद्यताम्॥
</verse>",False
" Having heard the great Lakshmana Sugriva said to Hanuman, the minister who stood by his side ", एवमुक्तस्तु सुग्रीवो लक्ष्मणेन महात्मना।हनूमन्तं स्थितं पार्श्वे सचिवन्त्विदमब्रवीत्।। ,"<verse>
श्रुत्वा तु लक्ष्मणं श्रेष्ठं सुग्रीवः समुवाच ह ।
हनूमन्तं स्थितं पार्श्वे मन्त्रिणं मन्त्रकोविदम् ॥
</verse>",False
" ""Therefore, count the days and rest assured. Let it be auspicious to you. You will shortly see Rama burning like fire. ", तदाश्वसिहि भद्रं ते भव त्वं कालकाङ्क्षिणी।नचिराद्द्रक्ष्यसे रामं प्रज्वलन्तमिवानलम्।। ,"<verse>
तस्माद् दिनानि सङ्ख्याय भद्रं तेऽस्तु समाश्वस ।
नचिराद् द्रक्ष्यसे रामं ज्वलन्तमिव पावकम् ॥
</verse>",False
" O Best among men O Descendant of Kakustha one of these broken by you, was given by the gods to the threeeyed Siva, who, wishing to fight the demon Tripura with this bow, destroyed him. ", अतिसृष्टं सुरैरेकं त्र्यम्बकाय युयुत्सवे।त्रिपुरघ्नं नरश्रेष्ठ भग्नं काकुत्स्थ यत्त्वया।। ,"<verse>
तत्रैकं त्रिदशैर्दत्तं शैवाय शितिकण्ठिने ।
त्रिपुरघ्नं नरश्रेष्ठ भग्नं काकुत्स्थ यत्त्वया ॥
</verse>",False
" Then the leader of the monkeys, rained trees and rocks. Angry Trisira attacked all of them with sharp arrows. ", स ववर्षततोवृक्षान् शैलाश्चकपिकुञ्जरः ।तान् प्रचिच्छेदसङ्कृद्धस्त्रिशिरानिशितैश्शरैः ।। ,"<verse>
ततो द्रुमशिलावर्षं ववर्ष कपियूथपः ।
क्रुद्धस्तु त्रिशिरास्तानि विव्याध निशितैः शरैः ॥
</verse>",False
 At the advent of each new season men feel delighted to see the newly blossomed flowers and fruits. But with the change of the scasons the life span also diminishes. , हृष्यन्त्यृतुमुखं दृष्ट्वा नवं नवमिहागतम्।ऋतूनां परिवर्तेन प्राणिनां प्राणसङ्क्षयः।। ,"<verse>
हृष्यन्त्यृतुमुखं दृष्ट्वा नवं नवमिहागतम् ।
ऋतूनां परिवर्तेन प्राणिनां क्षीयते वयः ॥
</verse>",False
" ""O Descendant of Raghu Rama Indra, gratified with the secret hymn granted Sunassepha long life. ", तत: प्रीत स्सहस्राक्षो रहस्यस्तुतितर्पित:।दीर्घमायुस्तदा प्रादाच्छुनश्शेफाय राघव ।। ,"<verse>
ततः प्रीतः सहस्राक्षो रहस्यस्तुतितोषितः।
दीर्घमायुस्तदा प्रादाच्छुनःशेफाय राघव॥
</verse>",False
" Then in accordance with their rank and surrounded by aged guards, the wives of  king Dasaratha departed for that place from the city in palanquins and other carriages. ", शिबिकाभिश्च यानैश्च यथार्हं तस्य योषितः।नगरा न्निर्ययुस्तत्र वृद्धैः परिवृता स्तदा।। ,"<verse>
वृद्धैस्तु रक्षिता नार्यो दशरथस्य भूभुजः ।
शिविकाभिस्तथा यानैर्यथाज्येष्ठं ययुः पुरात् ॥
</verse>",False
" On hearing Hanumans words, Tara, tormented by the death of her husband said to Hanuman who was waiting for her reply ", सा तस्य वचनं श्रुत्वा भर्तृव्यसनपीडिता।अब्रवीदुत्तरं तारा हनूमन्तमवस्थित।। ,"<verse>
सा तस्य वचनं श्रुत्वा भर्तृशोकपराजिता।
तारा प्रत्युत्तरं वाक्यं हनूमन्तमथाब्रवीत्॥
</verse>",False
" O innocent lady with the intention of doing good like a mother to your husband who is your enemy, you are holding on your lap a venomous serpent. ", शत्रुः पतिप्रवादेन मात्रेव हितकाम्यया।आशीविष इवाङ्केन बाले परिधृतस्त्वया।। ,"<verse>
पत्यौ शत्रौ हितोद्योगा मातृवन्मुग्धचेतने ।
उत्सङ्गे धार्यते नागस्त्वया चाशीविषो महान् ॥
</verse>",False
 Why have you come here when you ought to be ruling the kingdom? Tell me everything about this. My mind is not clear in this matter. , किमिहाऽगमने कार्यं तव राज्यं प्रशासतः।एतदाचक्ष्व मे सर्वं न हि मे शुद्ध्यते मनः।। ,"<verse>
राज्यं प्रशासता वीर किमर्थं त्वमिहागतः ।
तत्सर्वं ब्रूहि मेऽशेषं न मे चेतः प्रसीदति ॥
</verse>",False
  , भविष्यति हि मे रूपं प्लवमानस्य सागरे।विष्णोर्विक्रममाणस्य पुरा त्रीन्विक्रमानिव।। ,"<verse>
वागर्थाविव संपृक्तौ वागर्थप्रतिपत्तये।
जगतः पितरौ वन्दे पार्वतीपरमेश्वरौ॥
</verse>",False
" With his heart fixed on Sita to whom he was always devoted, Rama, the wise went about enjoying with her the beauty of all the seasons.   ", रामस्तु सीतया सार्धं विजहार बहूनृतून् ।मनस्स्वी तद्गतस्तस्याः नित्यं हृदि समर्पित:।। ,"<verse>
सीतायामनुरक्तोऽसौ नित्यं तद्गतमानसः ।
धीमान् रामस्तया सार्धं सर्वानृतूनसेवत ॥
</verse>",False
" ""The unassailable rulers of the world and even celestial beings have been shattered by Ravana accompanied by the Rakshasas."" ", सतैस्तुसहितोराजालोकपालानयोधयत् ।सहदेवैस्तुतेभग्नारावणेनमहात्मना ।। ,"<verse>
अधृष्या लोकपालाश्च देवाश्चापि विमर्दिताः ।
सहैव राक्षसैर्घोरैर् रावणेन बलीयसा ॥
</verse>",False
" Thus Hanuman, the chief of the vanaras set fire to Indrajits residence and then to Jambumalis and Sumalis building. ", तथा चेन्द्रजितो वेश्म ददाह हरियूथपः।जम्बुमाले स्सुमालेश्च ददाह भवनं ततः।। ,"<verse>
ददाहेन्द्रजितो वेश्म जम्बुमालेस्तथालयम् ।
सुमालिभवनं चैव हनूमान् कपिसत्तमः ॥
</verse>",False
" Thus lamenting, Bharata fainted. Seeing him in this state all the women of the inner apartment at once cried aloud piteously. ", इत्येवं भरतं प्रेक्ष्य विलपन्तं विचेतनम्।कृपणं रुरुदुस्सर्वास्सस्वरं योषित स्तदा।।। ,"<verse>
इत्येवं विलपन् दीनो भरतो मोहमागमत् ।
तं दृष्ट्वा नृपतेर्नार्यश्चुक्रुशुः करुणं भृशम् ॥
</verse>",False
 When the cruel demons collected together and bound him once again the heroic Hanuman thought what was appropriate to the moment. , स भूयः सङ्गतैः क्रूरैर्राक्षसैर्हरिसत्तमः।।निबद्धः कृतवान्वीरस्तत्कालसदृशीं मतिम्। ,"<verse>
समेत्य क्रूररक्षोभिः पुनर्बद्धे हनूमति ।
दध्यौ कालोचितं कार्यं स वीरो मारुतात्मजः ॥
</verse>",False
" After consecration, you too return to rule Ayodhya along with all of us like Indra who went back to heaven, accompanied by Maruts after conquering all the worlds with his prowess. ", अभिषिक्तस्त्वमस्माभिरयोध्यां पालने व्रज।विजित्य तरसा लोकान्मरुद्भिरिव वासवः।। ,"<verse>
अभिषिक्तः सहास्माभिरयोध्यां प्रतिपालय।
यथा जित्वा स्ववीर्येण लोकान् मरुत्सखो दिवम्॥
</verse>",False
" Lakshmana heard him and in turn honoured the word of Rama, knower of the self. ", वाक्यमेतत्ततश्श्रुत्वा रामस्य विदितात्मनः।तथेति लक्ष्मणो वाक्यं रामस्य प्रत्यपूजयत्।। ,"<verse>
तच्छ्रुत्वा लक्ष्मणो वाक्यं रामस्यात्मवतः शुभम् ।
प्रतिगृह्य महातेजा गौरवात्प्रत्यपूजयत् ॥
</verse>",False
" Having heard these words, his senses reeling, he became unconscious, lamented profusaly and fell at her feet. And on regaining his senses, he stood motionless. ", पपात चरणौ तस्यास्तदा सम्भ्रान्तचेतनः।विलप्य बहुधाऽसंज्ञो लब्धसंज्ञस्ततः स्थितः।। ,"<verse>
तच्छ्रुत्वा विह्वलो मोहाद् रुदन् पपात पादयोः ।
ततः स लब्धसंज्ञोऽथ तूष्णीं तस्थौ स निश्चलः ॥
</verse>",False
" Meanwhile, I shall get into this river and offer libations with water to the departed king for the good of his life in the other world. ", दातुं च तावदिच्छामि स्वर्गतस्य महीपतेः।और्ध्वदेहनिमित्तार्थमवतीर्योदकं नदीम्।। ,"<verse>
अवतीर्य नदीमेतां तावत्तोयं ददाम्यहम्।
प्रेतस्य परलोकाय राज्ञः कल्याणहेतवे॥
</verse>",False
" Now Sita turns to Hanuman and says ""In war serpents, gandharvas, demons or Marutas cannot withstand the speed of Ramas arrows and hit back. ", न नागा नाऽपि गन्धर्वा नासुरा न मरुद्गणाः।रामस्य समरे वेगं शक्ताः प्रतिसमाधितुं।। ,"<verse>
मरुतो राक्षसा नागा न गन्धर्वा रणे स्थिताः ।
रामेषूणां गतिं सोढुं प्रहर्तुं नैव शक्नुयुः ॥
</verse>",False
" Born of Riksharaja, he is the offspring of the Sungod. He has developed enmity with Vali, and is roaming about the banks of Pampa, suspecting danger from Vali. ", स ऋक्षरजसः पुत्रः पम्पामटति शङ्कितः।।।भास्करस्यौरसः पुत्रो वालिना कृतकिल्बिषः। ,"<verse>
ऋक्षरजोद्भवः सूर्यपुत्रो वालिभयान्वितः ।
कृतवैरोऽथ पम्पायास्तीरे चरति शङ्कितः ॥
</verse>",False
" Having heard these words, the controller of the sense organs, Visnu, assumed the form of a tortoise reclined in the ocean supporting the mountain on its back. ", इति श्रुत्वा हृषीकेश: कामठं रूपमास्थित:।  पर्वतं पृष्ठत: कृत्वा शिश्ये तत्रोदधौ हरि:।। ,"<verse>
इति श्रुत्वा हृषीकेशः कूर्मरूपमधारयत् ।
दधार पृष्ठतः शैलं शयानो लवणार्णवे ॥
</verse>",False
" ""Oh Hanuman is always successful. If he has not, he would not make sounds in this manner"".  ", सर्वथा कृतकार्योऽसौ हनुमान्नात्र संशयः।।न ह्यस्याकृतकार्यस्य नाद एवंविधो भवेत्। ,"<verse>
सर्वथा कृतकृत्योऽसौ हनूमान्नात्र संशयः ।
न ह्यसिद्धार्थनादोऽयं भवेदेवंविधः क्वचित् ॥
</verse>",False
" ""The twilight appears like red sander trees, the burning fire falling from the sun is like a mass of fire and frightening."" ", रक्तचन्दनसङ्काशासन्ध्यापरमदारुणा ।ज्वलच्चनिपतत्येतदादित्यादग्निमण्डलम् ।। ,"<verse>
रक्तचन्दनसङ्काशा सन्ध्या सन्दृश्यते भृशम् ।
सूर्यात् पतञ्ज्वलद्वह्निरग्निपिण्डो भयङ्करः ॥
</verse>",False
" Impelled by the time spirit, Ravana set forth without thinking of the terrific portents that had appeared in delusion for his destruction. ", एतानचिन्तयन्घोरानुत्पातान्समवस्थितान् ।निर्ययौरावणोमोहाद्वधार्थंकालचोदितः ।। ,"<verse>
विनाशाय स्वमोहेन प्रादुर्भूतान् सुदारुणान् ।
तानुत्पातानचिन्त्यैव निर्ययौ कालचोदितः ॥
</verse>",False
 From every pore of the great Vasishtas body flames resembling rays of light with smoke emerged.  , रोमकूपेषु सर्वेषु वसिष्ठस्य महात्मन:।मरीच्य इव निष्पेतुरग्नेर्धूमाकुलार्चिष:।। ,"<verse>
रोमकूपेषु सर्वेषु वसिष्ठस्य महात्मनः ।
मरीच्य इव निष्पेतुः सधूमाः पावकार्चिषः ॥
</verse>",False
" On seeing the ocean, the mightyarmed Rama, tormented by the abduction of Sita in that way, ordered about the quartering of the vanaras. ", इतीव स महाबाहुस्सीताहरणकर्शितः ।रामस्सागरमासाद्य वासमाज्ञापयत्तदा ।।  ,"<verse>
तथा सीतापहारेण महाबाहुः स राघवः ।
समुद्रं च समालोक्य वासायाज्ञापयद्धरीन् ॥
</verse>",False
" Even though Kausalya was filled with distress, she appeared as if she was very much happy. She uttered  mere words in a confusing tone without applying her mind.   ", उवाचातिप्रहृष्टेव सा दुःखवशवर्तिनी।वाङ्ग्मात्रेण न भावेन वाचाऽसंसज्जमानया।। ,"<verse>
कौसल्या दुःखसंतप्ता प्रहृष्टेव बभौ तदा ।
असंलक्ष्य मनोऽव्यक्तं शब्दमात्रमुवाच सा ॥
</verse>",False
" With drought prevailing, the griefstricken king, would summon all those grown old with learning and tell them. ", अनावृष्ट्यां तु वृत्तायां राजा दु:खसमन्वित:।ब्राह्मणान्श्रुतवृद्धांश्च समानीय प्रवक्ष्यति।।।  ,"<verse>
अनावृष्टौ भृशं तप्तो दुःखातः स महीपतिः ।
विद्यावृद्धान् समाहूय तान्सर्वानब्रवीद्वचः ॥
</verse>",False
" With her bewitching eyes and beautiful face, Sita, went about plucking flowers from karnikara, ashoka and mango trees. ", कर्णिकारानशोकांश्च चूतांश्च मदिरेक्षणा।।कुसुमान्यवचिन्वन्ती चचार रुचिरानना। ,"<verse>
अशोककर्णिकाराणां चूतानां कुसुमानि च ।
चिन्वती चारुनेत्रा सा सीता सुरुचिरानना ॥
</verse>",False
" Jatayu, shot with arrows on all sides in the combat, shone like the bird that returned to its nest. ", शरैरावारितस्तस्य संयुगे पतगेश्वरः।कुलायमुपसम्प्राप्तः पक्षीव प्रबभौ तदा।। ,"<verse>
जटायुः समरे विद्धः सर्वतः सायकैर्भृशम् ।
शुशुभे पतितैर्बाणैर्नीडं प्राप्तः खगो यथा ॥
</verse>",False
" On knowing that Lanka is occupied, the night ranger Ravana, became very furious and doubled the forces of Lanka for the protection and went to the top of Lanka palace. ", रुद्धांतुनगरींश्रुत्वाजातक्रोधोनिशाचरः ।विधानंद्विगुणंश्रुत्वाप्रासादंसोऽध्यरोहत ।। ,"<verse>
लङ्कां रुद्धां पुरीं ज्ञात्वा क्रुद्धोऽभूद् रजनीचरः ।
द्विगुणीकृत्य रक्षां वै प्रासादाग्रं समारुहत् ॥
</verse>",False
" ""The divine queens mind is firmly fixed on Rama and his mind, fixed on her. For this reason she and the righteous self Rama are able to survive till this moment. ", अस्या देव्या मनस्तस्मिंस्तस्य चास्यां प्रतिष्ठितम्।तेनेयं स च धर्मात्मा मुहूर्तमपि जीवति।। ,"<verse>
अस्या देव्या मनस्तस्मिंस्तस्य चास्यां प्रतिष्ठितम्।
तेनेयं स च धर्मात्मा मुहूर्तमपि जीवति॥
</verse>",False
" ""The two brothers, Rama and Lakshmana, who slayed Dushana and Khara have been struck."" ", दूषणस्यचहन्तारौखरस्यचमहाबलौ ।।सादितौमामकैर्बाणैर्भ्रातरौरामलक्ष्मणौ । ,"<verse>
खरदूषणहन्तारौ भ्रातरौ रामलक्ष्मणौ ।
रणे विद्धौ महावीर्यौ निहतौ पतितावुभौ ॥
</verse>",False
" The rakshasi and also Trijata came and waited there by the order. Lowly Rakshasa, Ravana, full of joy addressed rakshasi. ", राक्षस्यस्त्रिजटाचैवशासनात्समुपस्थिताः ।ताउवाचततोहृष्टोराक्षसीराक्षसाधमः ।। ,"<verse>
आज्ञया तत्र सम्प्राप्य राक्षसी त्रिजटापि च।
प्रहृष्टो राक्षसो नीचो राक्षसीं रावणोऽब्रवीत्॥
</verse>",False
  If you do not transgress the word given by the king I shall tell you everything. The king on his own will not tell you. , यदि त्वभिहितं राज्ञा त्वयि तन्न विपत्स्यते।ततोऽहमभिधास्यामि न ह्येष त्वयि वक्ष्यति।। ,"<verse>
यदि त्वं न विवर्तेथा राजा यत्त्वां प्रवक्ष्यति ।
अहं तत्ते प्रवक्ष्यामि न ह्येष त्वयि वक्ष्यति ॥
</verse>",False
" ""Though he is richly endowed with prowess, he is a tyranny to the world, who has performed a hundred sacrifices like Indra and never got defeated, I heard."" ", शतक्रतुमुखैर्वीरैःश्रूयते न पराजितः ।।महात्माबलसम्पन्नोरावणोलोकरावणः । ,"<verse>
शतक्रतुसमो वीर्ये सर्वलोकप्रतापनः ।
अजेयः समरे चैव श्रूयते चापराजितः ॥
</verse>",False
" ""Thereafter both the princes together arrived at Kishkinda and killed Vali, king of vanaras in a combat. ", ततस्ताभ्यां कुमाराभ्यां वीराभ्यां स हरीश्वरः।किष्किन्धां समुपागम्य वाली युद्धे निपातितः।। ,"<verse>
ततो गत्वा तु किष्किन्धां सहितौ राजपुत्रकौ ।
वानरेन्द्रं तदा वालिं निजघ्नतुर्महाहवे ॥
</verse>",False
" Holding astonishing maces decorated with gold, iron crowbars and sharp arrows resembling the rays of the Sun the ogres hit Hanuman, the foremost of vanaras.  ", ते गदाभिर्विचित्राभिः परिघैः काञ्चनाङ्गदैः।आजघ्नुर्वानरश्रेष्ठं बाणैश्चादित्यसन्निभैः।। ,"<verse>
गदाभिर्हेमचित्राभिः परिघैश्चायसैः शितैः ।
आजघ्नुर्वानरश्रेष्ठं शरैश्चादित्यसन्निभैः ॥
</verse>",False
" ""You are capable of flying through the sky or even going to the underworld. For my sake you will do what cannot be done also and that it is your bounden duty, is also known to me."" ", समर्थागगनंगन्तुमपिवात्वंरसातलम् ।अवगच्छाम्यकर्तव्यंकर्तव्यंतेमदन्तरे ।। ,"<verse>
त्वं हि खं चोत्पतेर्द्यां च पातालमपि संविशेः।
अकार्यमपि कार्यं ते मदर्थे मन्मते स्थितम्॥
</verse>",False
" By the rain of arrows of Mahaparsva, the Vanaras were dejected and wore a sad look on their face and lost senses. ", तेऽर्दिताबाणवर्षेणमहापार्श्वेनवानराः ।।विषादविमुखाःसर्वेबभूवुर्गतचेतसः । ,"<verse>
महापार्श्वशरासारैर्दीनवक्त्राः प्लवङ्गमाः।
विषण्णा नष्टसंज्ञाश्च बभूवुर्भ्रान्तचेतसः॥
</verse>",False
"  How is it that welladorned ministers, citizens from towns and villages, heads of guilds and others do not follow you? ", न त्वां प्रकृतय स्सर्वा श्श्रेणीमुख्याश्च भूषिताः।अनुव्रजितुमिच्छन्ति पौरजानपदास्तथा।। ,"<verse>
कथं नु मन्त्रिवर्यास्त्वां नानुयान्ति स्वलङ्कृताः ।
पौरा जानपदाश्चैव श्रेणिमुख्यास्तथापरे ॥
</verse>",False
" ""O monkey! Indeed, you monkey being fickle minded, hope you have not resorted to your nature. I am not seeing noble Rama, the tormentor of enemies."" ", कच्चिन्नखलुकापेयीसेव्यतेचकचित्तता ।न हिपश्यामिकाकुत्स्थंराममार्यंपरन्तपम् ।। ,"<verse>
कच्चिन्न चपलो भूत्वा कपे स्वप्रकृतौ स्थितः ।
न पश्यामि महात्मानं रामं शत्रुनिबर्हणम् ॥
</verse>",False
" ""O vanaras, you are known for your valour. I think, to tell Rama that we have seen Sita but not brought her is not proper"". ", दृष्टा देवी न चानीता इति तत्र निवेदनम्।।अयुक्तमिव पश्यामि भवद्भिः ख्यातविक्रमैः। ,"<verse>
दृष्टा सीतेति वक्तुं नो न चानीतेति वानराः ।
रामाय शूरविख्याता न युक्तमिति मे मतिः ॥
</verse>",False
" There they conversed this way with one another One said hit me and another one offered to hit,, again another intervened and said, Why are you crying? meaning I offer resistance, one said Why are you suffering like this?. ", देहीत्यन्योददात्यन्योददामीत्यपरःपुनः ।।किंक्लेशयसितिष्ठेतितत्रान्योन्यंबभाषिरे । ,"<verse>
तत्रान्योन्यमुपाभाषन् जहीत्येकोऽपरोऽहनत् ।
किं रोदिषीत्यथान्योऽपि किं क्लिश्यसि तथेत्यसौ ॥
</verse>",False
" ""O son, a highly virtuous son named Gadhi, similar to you will be born. Because of him you will obtain everlasting fame throughtout this world"". ", पुत्रस्ते सदृश: पुत्र भविष्यति सुधार्मिक:।गाधिं प्राप्स्यसि तेन त्वं कीर्तिं लोके च शाश्वतीम्।। ,"<verse>
वत्स गाधिः सुतस्तेऽस्तु त्वत्समो धार्मिको वरः ।
येन ते शाश्वती कीर्तिर्लोकेऽस्मिन् भविता ध्रुवा ॥
</verse>",False
" Then Bharatas mothers, who were emaciated due to fasting and afflicted by the calamity of the death of their husband were desolate, rushed towards him. ", ततस्सर्वास्समापेतुर्मातरो भरतस्य ताः।उपवासकृशा दीना भर्तृव्यसनकर्शिताः।। ,"<verse>
उपवासकृशा दीना भर्तृव्यसनकर्शिताः ।
अभ्यधावन्त वेगेन ततो भरतमातरः ॥
</verse>",False
" ""I had no control over myself. I was helpless and my husband was not present when I had to bear the touch of Ravanas limbs. What can I do? ", यदहं गात्रसंस्पर्शं रावणस्य बलाद्गता।अनीशा किं करिष्यामि विनाथा विवशा सती।। ,"<verse>
अनीश्वरा पराधीना असन्निधौ पतेर्मम ।
स्पृष्टा चेद्रावणाङ्गेन तत्र किं नु करोम्यहम् ॥
</verse>",False
" To these words spoken by Rama, maharshi Viswamitra who was patient practitioner of vows and pure taught the withdrawl mantra. ", एवं ब्रुवति काकुत्स्थे विश्वामित्रो महामुनि:।संहारं व्याजहाराथ धृतिमान् सुव्रतश्शुचि:।। ,"<verse>
एवमुक्तस्तु रामेण शुचिर्धृतिमतां वरः ।
मुदा परमया प्रीतः संहारान् व्याजहार ह ॥
</verse>",False
" At the words of the sages son, the king, eager with delight hastened towards the sacrificial ground. ", तद्वाक्यमृषिपुत्रस्य श्रुत्वा हर्षसमुत्सुक: ।जगाम नृपति श्शीघ्रं यज्ञवाटमतन्द्रित:।। ,"<verse>
मुनिपुत्रवचः श्रुत्वा प्रहृष्टो नृपतिस्तदा ।
यज्ञवाटं ययौ तूर्णं हर्षौत्सुक्यसमन्वितः ॥
</verse>",False
 Then the tips of the intense flame appeared steadily moving to the fawneyed Sita indicating the firegods auspiciousness and safety to Hanuman. , ततस्तीक्ष्णार्चिरव्यग्रः प्रदक्षिणशिखोऽनलः।।जज्वाल मृगशाबाक्ष्या श्शंसन्निव शिवं कपेः। ,"<verse>
ततस्तीक्ष्णार्चिरव्यग्रः प्रदक्षिणशिखोऽनलः ।
जज्वाल मृगशाबाक्ष्याः शंसन्निव शिवं कपेः ॥
</verse>",False
" If I cannot see Rama of redcoloured eyes, the mightyarmed one and wearing earrings bedecked with precious stones I shall surely go to the abode of Yama, the god of death. ", लोहिताक्षं महाबाहुमामुक्तमणिकुण्डलम्।रामं यदि न पश्येयं गमिष्यामि यमक्षयम्।। ,"<verse>
लोहिताक्षं महाबाहुं मणिकुण्डलधारिणम् ।
अपश्यंस्तमहं रामं प्रवेक्ष्यामि यमक्षयम् ॥
</verse>",False
" O Sita, adorn yourself in my presence. Dear child, permit me the pleasure of  adorning  you with these divine ornaments.  ", अलङ्कुरु च तावत्त्वं प्रत्यक्षं मम मैथिलि।प्रीतिं जनय मे वत्से दिव्यालङ्कारशोभिता।। ,"<verse>
सीते मत्सन्निधौ साधु कुरुष्वाङ्गेषु मण्डनम् ।
वत्से दिव्यैर्विभूषाभिः प्रीतिं मे जनयातुलाम् ॥
</verse>",False
 When the earth is being ruled righteously by me why indeed you intend to see my son as prince regent? , कथं नु मयि धर्मेण पृथिवीमनुशासति।भवन्तो द्रष्टुमिच्छन्ति युवराजं ममात्मजम्।। ,"<verse>
कथं नु मयि धर्मेण पृथिवीमनुशासति ।
भवन्तो द्रष्टुमिच्छन्ति युवराजं ममात्मजम् ॥
</verse>",False
" On hearing about the enumeration of his son Indrajiths dreadful, frightening and ghastly end, Ravana gave way to swoon. ", स तंप्रतिभयंश्रुत्वावधंपुत्रस्यदारुणम् ।।घोरमिन्द्रजितःसङ्ख्येकश्मलंप्राविशन्महत् । ,"<verse>
इन्द्रजित्कदनं श्रुत्वा घोरं राक्षसपुङ्गवः।
दारुणं शोकमापन्नो मोहं जगाम रावणः॥
</verse>",False
" Your son, that young Bharata, is accustomed to comforts. He is a born enemy of Rama. How will he, deprived of all wealth, live under the control of Rama? ", स ते सुखोचितो बालो रामस्य सहजो रिपुः।समृद्धार्थस्य नष्टार्थो जीविष्यति कथं वशे।। ,"<verse>
सुखोचितः सुतस्तेऽयं रामस्य सहजो रिपुः ।
बालोऽयं भरतो हीनः कथं रामवशे वसेत् ॥
</verse>",False
 You may make arrangement in such a way that the exalted hero Rama exhibits his might according to his stature. , तद्यथा तस्य विक्रान्तमनुरूपं महात्मनः।भवेदाहवशूरस्य तथा त्वमुपपादय।। ,"<verse>
तथा कुरु महाप्राज्ञ यथा रामः प्रदर्शयेत् ।
स्वमानसदृशं वीर्यं महावीरो महाबलः ॥
</verse>",False
" One can endure an unexpected blow from the enemys hand but to endure unexpected  grief, however slight it may be, is impossible. ", शक्य आपतित स्सोढुं प्रहारो रिपुहस्ततः।सोढुंमापतितश्शोकस्सुसूक्ष्मोऽपि न शक्यते।। ,"<verse>
सहेत रिपुघातं हि सहसा समुपस्थितम् ।
अकस्मात्पतितं शोकं सोढुं स्वल्पं न शक्यते ॥
</verse>",False
 The trees of that region deliver beds with colourful spreads. Some trees yield garlands of flowers pleasing to the heart. , शयनानि प्रसूयन्ते चित्रास्तरणवन्ति च।मनःकान्तानि माल्यानि फलन्त्यत्रापरे द्रुमाः।। ,"<verse>
महार्हाणि विचित्राणि शयनानि फलन्ति च।
मनःकान्तानि माल्यानि फलन्त्यन्ये नगोत्तमाः॥
</verse>",False
 In this delightful forest region strewn with fallen flowers the peacock is responding to the screaming of natyuha bird. , एष क्रोशति नत्यूहस्तं शिखी प्रतिकूजति।रमणीये वनोद्देशे पुष्पसंस्तरसङ्कटे।। ,"<verse>
पतितैः कुसुमैः कीर्णे रम्येऽस्मिन् वनमण्डले ।
नत्यूहस्य रुतेनासौ मयूरः प्रतिनर्दति ॥
</verse>",False
" ""O Hanuman, tell us in detail  the entire thing. On hearing it, we will think about the next course of action. ", तत्त्वतस्सर्वमेतन्नः प्रब्रूहि त्वं महाकपे।श्रुतार्थाश्चिन्तयिष्यामो भूयः कार्यविनिश्चयम्।। ,"<verse>
वद सर्वमशेषेण हनूमन्कपिसत्तम ।
तच्छ्रुत्वा चिन्तयिष्यामो यत्तत्कार्यमनन्तरम् ॥
</verse>",False
" ""You have acquired the merit of righteousness by prolonged hardships experienced during your penance. It is not proper to forfeit your own life in this way.   ", तपस्सन्तापलब्धस्ते योऽयं धर्मपरिग्रहः।न स नाशयितुं न्याय्य आत्मप्राणपरिग्रहः।। ,"<verse>
कृच्छ्रं कृत्वा तपो घोरं प्राप्तं धर्मफलं महत् ।
न युक्तं हि त्वया चैवं स्वप्राणस्य विसर्जनम् ॥
</verse>",False
" ""Seated here happily reveals to me truly that cruel and evil minded Ravanas intention."" ", इहासीनासुखंसर्वमाख्याहिममतत्त्वतः ।क्रूरस्यनिश्चयंतस्यरावणस्यदुरात्मनः ।। ,"<verse>
इहैव सुखमासीना शंस मे तत्त्वतोऽनघे ।
क्रूरस्य दुष्टबुद्धेस्तु रावणस्य चिकीर्षितम् ॥
</verse>",False
" ""Oh Sugriva Who is rich in spirit and endowed with mighty prowess What should I convey to Ravana who makes the world cry?"" ", सुग्रीव:स त्त्वसम्पन्न: महाबलपराक्रम: ।किंमयाखलुवक्तव्योरावणोलोकरावणः ।। ,"<verse>
हे सुग्रीव महासत्त्व महाबलपराक्रम ।
लोकरावणनामानं किं निवेद्यं मया भवेत् ॥
</verse>",False
" ""The advice given to you in the past by your brother alone is good. That is good for you. Or you may do what you wish."" ", यदुक्तमिहतेपूर्वंक्रियतामनुजेन च ।तदेवनोहितंवाक्यंयदिच्छसि च तत्कुरु ।। ,"<verse>
भ्रात्रा यत्पूर्वमुक्तं ते तदेव हि हितं तव।
अथवा यदभीष्टं ते तत्कुरुष्व यथेच्छसि॥
</verse>",False
" Then when they Sugriva and Lakshmana said so to Rama, he sat on Kusa grass mat on the shore of the ocean just as fire stayed in the sacrificial altar.  This is the end of the nineteenth sarga of Yuddha Kanda of the first epic the holy Ramayana composed by sage Valmiki. ", एवमुक्तःकुशास्तीर्नोतीरेनदनदीपतेः ।संविवेशतदारामोवेद्यामिवहुताशनः ।। ,"तौ तीरे`?
                   e.g., `स तत्र तीरे`?
                   Let's scan `स तत्र तीरे`:
                   5: स (L - short a, followed by single t)
                   6: त (followed by tr -> GURU!)
                   7: त्र (tra - short a -> LAGHU!) -> 7 is tra (L).

                 - What about `तदा स तीरे`?
                   Let's scan `तदा स तीरे`:
                   5: त (L - short a, followed by d)
                   6: दा (G - long ā)
                   7: स (sa - short a -> LAGHU!)

                 - What about `तदार्णवतीरे`?
                   त (5: L)
                   दार् (6: G)
                   ण (7: L) -> no.

                 - What about `स वारितीरे`?
                   5: स (sa - L)
                   6: वा (vā - G)
                   7: रि (ri - L) -> no.

                 - What about `स सिन्धुतीरे`?
                   5: स (sa - L)
                   6: सिन् (sin - G)
                   7: धु (dhu - L) -> no.

                 - What about `स सागरान्ते`?
                   5: स (sa - L)
                   6: सा (sā - G)
                   7: ग (ga - L) -> no.

                 - What about `नदीशकूले`?
                   5: न (na - L)
                   6: दी (dī - G)
                   7: श (śa - L) -> no.

                 - What about `नदीशतीरे`? (śa is L).
                 - What about `स तीरतारे`?
                 - What about `नदीशतारे`?
                 - What about `वनेऽब्धितीरे`? (5: व [L], 6: ने [G], 7: ब्धि [L]).
                 - What about `तटे महोदौ`?
                 - What about `पयोधितीरे`? (5: प [L], 6: यो [G], 7: धि [L]).
                 - What about `तटेऽम्बुराशेः`?
                   Let's scan `तटेऽम्बुराशेः`:
                   5: त (L)
                   6: टेम् (G)
                   7: बु (L) -> no.
                 - What about `तटेऽर्णवस्य`?
                   5: त (L), 6: टेर् (G), 7: ण (L) -> no.

                 - Look at: 7th HAS TO BE A LONG VOWEL (आ, ई, ऊ, ए, ऐ, ओ, औ).",False
"  Thinking that Sugriva is only a vanara king, he should not be disrespected. He has a sense of gratitude. He can take any form at will. He is in need of your help although he is very strong. ", स च ते नावमन्तव्यस्सुग्रीवो वानराधिपः।।कृतज्ञः कामरूपी च सहायार्थी च वीर्यवान्। ,"<verse>
न च ते सोऽवमन्तव्यः सुग्रीवो वानरेश्वरः।
कृतज्ञः कामरूपी च सहायार्थी च वीर्यवान्॥
</verse>",False
" Will any kshatriya, setting aside his first duty, follow an uncertain course of piety which is contrary to his dharma and whose impact may be felt in a remote future. ", कश्च प्रत्यक्षमुत्सृज्य संशयस्थ मलक्षणम्।आयतिस्थं चरे द्धर्मं क्षत्रबन्दुरनिश्चितम्।। ,"<verse>
कः क्षत्रियः स्वकं मुख्यं त्यक्त्वा कर्म समाश्रयेत् ।
विरुद्धमध्रुवं धर्ममदृष्टफलमुत्तरम् ॥
</verse>",False
" His energy subdued by Ramas prowess, the paralysed, Parasurama, son of Jamadagni spoke in gentle words to him whose eyes resembled the lotus petals ", तेजोभिहतवीर्यत्वाज्जामदग्न्यो जडीकृत:।रामं कमलपत्राक्षं मन्दं मन्दमुवाच ह।। ,"<verse>
तेजोभिर्हतवीर्योऽसौ जामदग्न्यो जडीकृतः ।
रामं कमलपत्राक्षं मन्दं मन्दमुवाच ह ॥
</verse>",False
" The dreadful, carnivorous demons aggrieved over my murder of Khara must have undoubtedly killed Sita. ", दुःखिताः खरघातेन राक्षसाः पिशिताशनाः।तैस्सीता निहता घोरैर्भविष्यति न संशय।। ,"<verse>
खरस्य वधशोकेन घोरैश्च पिशिताशनैः ।
नूनं सा भक्षिता सीता रक्षोभिर्नात्र संशयः ॥
</verse>",False
" I have come to this lonely forest accompanied by Lakshmana and Sita, bent upon upholding the truth of our unrivalled fathers words. ", सोऽहं वनमिदं प्राप्तो निर्जनं लक्ष्मणान्वितः।सीतया चाप्रतिद्वन्द्व स्सत्यवादे स्थितः पितुः।। ,"<verse>
सीतया लक्ष्मणेनैव प्रविष्टो विजने वने ।
सत्यं कर्तुं वचः श्रेष्ठमतुल्यस्य पितुर्मम ॥
</verse>",False
" He Hanuman endowed with great splendour, seizing a huge trunk of Aswakarana tree with great delight, whirled it round on the ground laughing. ", तंगृहीत्वामहास्कन्धंसोऽश्वकर्णंमहाद्युतिः ।प्रहस्यपरयाप्रीत्याभ्रामयामासभूतले ।। ,"<verse>
स प्रगृह्य महातेजा अश्वकर्णं महाद्रुमम् ।
भूमौ सम्भ्रामयन् हासाद् हनूमान् स मुदान्वितः ॥
</verse>",False
" The valiant Sumantra, conversant with ways of modesty, observed Guha approaching them and humbly informed Bharata.  ", तमायान्तं तु सम्प्रेक्ष्य सूतपुत्रः प्रतापवान्।भरतायाऽचचक्षेऽथ विनयज्ञो विनीतवत्।। ,"<verse>
तं तु दृष्ट्वा समायान्तं निषादाधिपतिं गुहम् ।
भरतायाचचक्षेऽथ सुमन्त्रः परवीरहा ॥
</verse>",False
 O Saumitri look at the pleasant forest around Pampa where trees stand splendid like mountainpeaks. , सौमित्रे पश्य पम्पायाः काननं शुभदर्शनम्।यत्र राजन्ति शैला वा द्रुमास्सशिखरा इव।। ,"<verse>
सौमित्रे पश्य रम्यं तद्वनं पम्पासमीपगम् ।
यत्र वृक्षा विराजन्ते नगशृङ्गोपमास्तथा ॥
</verse>",False
" The one who counselled the exile of my noble, longarmed and broadchested brother be banished like the one who commited the sin of leaving the ministration to his mother and engaging himself in purposeless acts ", अपास्य मातृशुश्रूषामनर्थे सोऽवतिष्ठताम्।दीर्घबाहुर्महावक्षा: यस्यार्योऽनुमते गतः।। ,"<verse>
मातुः शुश्रूषणं त्यक्त्वा वृथाचेष्टः प्रवर्तताम् ।
तस्य पापेन युज्येत यस्यार्योऽनुमते गतः ॥
</verse>",False
" With my head bowed down, I beseech you along with all these ministers to show favour to me who is your brother, disciple and slave. "," एभिश्च सचिवैस्सार्धं शिरसा याचितो मया।

भ्रातु  शिष्यस्य दासस्य प्रसादं कर्तुमर्हसि।।
  ","<verse>
शिरसा त्वाभियाचेऽहं सह सर्वैश्च मन्त्रिभिः ।
भ्राता दासश्च शिष्योऽहं प्रसादं कुरु मे विभो ॥
</verse>",False
" Having heard the words uttered by his brother, Rama of virtuous disposition, Lakshmana who was devoted to his brothers welfare, shrank. ", तथोक्तो धर्मशीलेन भ्रात्रा तस्य हिते रतः।लक्ष्मणः प्रविवेशेव स्वानि गात्राणि लज्जया।। ,"<verse>
श्रुत्वा वाक्यं तथा भ्रातू रामस्य धर्मचारिणः ।
सदा भ्रातृहितैषी स लक्ष्मणः संचुकोच ह ॥
</verse>",False
" Enjoying the seasonal flowers and fruits in the forest, I will not remember my mother or father or home. ", न मातुर्न पितुस्तत्र स्मरिष्यामि न वेश्मनः।आर्तवान्युपभुञ्जाना पुष्पाणि च फलानि च।। ,"<verse>
ऋतुजानि वने भुक्त्वा फलानि कुसुमानि च ।
मातरं पितरं वापि न स्मरामि गृहं तथा ॥
</verse>",False
" To the auspicious Sita,the beloved of Rama, the lord of the world, this Ashoka grove is a befitting place. ", तस्याश्चाप्यनुरूपेयमशोकवनिका शुभा।शुभा या पार्थिवेन्द्रस्य पत्नी रामस्य सम्मता।। ,"<verse>
लोकनाथस्य रामस्य सीताया दयितं वनम् ।
अशोकवनिका युक्ता शुभायाः स्थानमुत्तमम् ॥
</verse>",False
" My skin is not fit to be worn by the virtuous, my hair and bones are also prohibited from any use. My flesh is also not at all fit to be eaten by righteous people like you ", अधार्यं चर्म मे सद्भी रोमाण्यस्थि च वर्जितम्।अभक्ष्याणि च मांसानि त्वद्विधैर्धर्मचारिभ।। ,"<verse>
त्वङ् मे सद्भिर्न धार्या च रोमास्थि च विवर्जितम् ।
मांसं मे न हि भुञ्जीत त्वद्विधो धर्मवान्नरः ॥
</verse>",False
 The apsaras lived happily with the sage who remained youthful by virtue of his penance. , तथैवाप्सरसः पञ्च निवसन्त्यो यथासुखम्।।रमयन्ति तपोयोगान्मुनिं यौवनमास्थितम्। ,"<verse>
तपसा यौवनस्थेन ऋषिणा सह सुन्दरी ।
अप्सरा न्यवसत्प्रीत्या मोदमाना सुखं चिरम् ॥
</verse>",False
" On hearing the monkeys, Vali went to the sage and begged forgiveness with folded hands. ", एतच्छ्रुत्वा तदा वाली वचनं वानरेरितम्।स महर्षिंतदाऽसाद्य याचते स्म कृताञ्जल।। ,"<verse>
कपीनां वचनं श्रुत्वा वाली मुनिमुपागमत् ।
प्रणम्य प्राञ्जलिर्भूत्वा क्षमां तं समयाचत ॥
</verse>",False
" ""Having said so, the noble lady delivered a wonderful jewel with supreme message to me in a sorrowful mood. ", इत्युक्त्वा तु वरारोहा मणिप्रवरमद्भुतम्।प्रायच्छत्परमोद्विग्ना वाचा मां सन्दिदेशह।। ,"<verse>
इत्युक्त्वा सा वरारोहा दीना दिव्यं मणिं ददौ ।
सन्देशं परमोदारं मह्यं शोकेन दुःखिता ॥
</verse>",False
" ""The people in the vast island of Lanka are very delighted. Lanka is filled with chariots and innumerable rakshasas."" ", हृष्टप्रमुदितालङ्कामत्तद्विपसमाकुला ।महतीरथसंपूर्णारक्षोगणसमाकुला ।। ,"<verse>
लङ्काद्वीपे विशालेऽस्मिन् भृशं प्रमुदिता जनाः ।
रथाकीर्णा त्वसंख्यातै राक्षसैः संवृता पुरी ॥
</verse>",False
 Look at that Rama whom all the gods and demons cannot face in war sleeps so comfortably on the grass with Sita. , यो न देवासुरैः सर्वैः शक्यः प्रसहितुं युधि।तं पश्य सुखसंविष्टं तृणेषु सह सीतया।। ,"<verse>
यं न देवा न दैत्या वा सोढुं शक्ता रणाजिरे ।
सीतया सह संशेते तृणेषु पश्य राघवम् ॥
</verse>",False
" A charioteer and knower of controlling the horses, the whip slipped many times from his hand. ", सारथेर्भहुशश्चास्यसङ्ग्राममवगाहतः ।प्रतोदोन्यपतद्धस्तात्सूतस्यहयसादिनः ।। ,"<verse>
सूतश्च हयसंयन्ता वाजिज्ञानविशारदः ।
तस्य हस्तात्प्रतोदोऽपि प्रभ्रष्टश्च मुहुर्मुहुः ॥
</verse>",False
" ""I, son of the Windgod, destroyer of hostile armies, am a servant of Rama, the lord of Kosala kingdom, a man of unwearied action. ", दासोऽहं कोसलेन्द्रस्य रामस्याक्लिष्टकर्मणः।हनुमान्शत्रुसैन्यानां निहन्ता मारुतात्मजः।। ,"<verse>
दासोऽहं कोसलेन्द्रस्य रामस्याक्लिष्टकर्मणः ।
हनुमान् शत्रुसैन्यानां निहन्ता मारुतात्मजः ॥
</verse>",False
" Seeing those women lying together Hanuman imagined them to be numerous meteors dropped from heaven after enjoying their merits, enjoyed and exhausted. ", याश्च्यवन्तेऽम्बरात्ताराः पुण्यशेषसमावृताः।इमास्तास्सङ्गताः कृत्स्ना इति मेने हरिस्तदा।। ,"<verse>
पुण्योपभोगसङ्क्षीणास्तारा इव दिवश्च्युताः ।
दृष्ट्वा सङ्घप्रसुप्तास्ता मेने स हरियूथपः ॥
</verse>",False
" Lakshmana, brother of Rama, hurt by the harsh words of Sita, hastened with Ramas wellbeing in mind. ", तया परुषमुक्तस्तु कुपितो राघवानुजः।स विकाङ्क्षन्भृशं रामं प्रतस्थे नचिरादिव।। ,"<verse>
सीतायाः परुषैर्वाक्यैर्व्यथितो राघवानुजः ।
रामस्य कुशलं ध्यायंस्त्वरितं समुपाद्रवत् ॥
</verse>",False
" ""Why are you, who performed all kinds of sacrificial rituals of fire with all offerings deserve sanctification without doing fire sacrifice?"" ", अग्निष्टोमादिभिर्यज्ञैरिष्टवानाप्तदक्षिणैः ।अग्निहोत्रेणसंस्कारंकेनत्वंनतुलप्स्यसे ।। ,"<verse>
हुताग्निः सर्वहव्यैस्त्वमनाहिताग्निसंस्कृतिम्।
सर्वयज्ञविधानैश्च कथं प्राप्तुं त्वमर्हसि॥
</verse>",False
" Ravana then placed his crown, wonderful fragrant garlands and rich suspended earrings on Kumbhakarna. ", दिव्यानि च सुगन्धीनिमाल्यदामानिरावणः ।।श्रोत्रिचासञ्जयामासश्रीमतीचास्यकुण्डले । ,"<verse>
किरीटं कुम्भकर्णाय ततो रावण आदधात्।
विचित्राः सुरभीर्माला महार्हे लम्बकुण्डले॥
</verse>",False
" He experienced an unparalleled delight seeing wings with red feathers growing on his body, and said to the monkeys  ", स दृष्ट्वा स्वां तनुं पक्षैरुद्गतैररुणच्छदैः।।प्रहर्षमतुलं लेभे वानरांश्चेदमब्रवीत्। ,"<verse>
स्वशरीरे समुद्भूतौ रक्तपक्षौ विलोक्य सः ।
अतुलं हर्षमासाद्य वानरानिदमब्रवीत् ॥
</verse>",False
 The night rangers were able to see Ramas terrible action which was difficult for others only after he had performed not otherwise as they could not see his quick movement. , कृतान्येवसुघोराणिरामेणरजनीचराः ।ददृशुस्ते न वैरामंकर्माण्यसुकराणिते ।। ,"<verse>
कृतं कृतं हि पश्यन्ति रामस्याक्लिष्टकर्मणः ।
कर्म चाप्रतिमं घोरं शीघ्रत्वान्न तु कुर्वतः ॥
</verse>",False
" ""Respecting the kings order and determined firmly, we entered the impenetrable forest. ", ते वयं भर्तुरादेशं बहुमान्य दृढव्रताः।।प्रविष्टास्स्म पुरादृष्टं वनं गम्भीरदर्शनम्। ,"<verse>
नृपाज्ञां परिपाल्यैव दृढसङ्कल्पमानसाः ।
काननं दुर्गमं घोरं प्राविशाम वयं तदा ॥
</verse>",False
 The tiger among vanaras saw at the great Ravanas palace a drinking place where everything one desires was provided.  , सर्वकामैरुपेतां च पानभूमिं महात्मनः।।ददर्श हरिशार्दूलस्तस्य रक्षःपतेर्गृहे। ,"<verse>
ददर्श कपिशार्दूलः पानभूमिं महात्मनः ।
सर्वकामोपपन्नां च रावणस्य निवेशने ॥
</verse>",False
" ""Tasks carried out without proper plan and contrary to the right principles are spoilt like inauspicious oblations offered into sacrificial fire."" ", अनुपायेनकर्माणिविपरीतानियानिच ।क्रियमाणानिदुष्यन्तिहवींष्यप्रयतेष्विव ।। ,"<verse>
अविधिना कृतं कर्म यच्चानुपायतो भवेत् ।
विनश्यति तथा सर्वं यथामेध्यं हुतं हविः ॥
</verse>",False
" You should spare your dear son, the lotuseyed Rama, impartial and detached, for ten nights. ", अभिप्रेतमसंसक्तमात्मजं दातुमर्हसि।।दशरात्रं हि यज्ञस्य रामं राजीवलोचनम्। ,"<verse>
दशरात्राय यज्ञेऽस्मिन् रामं राजीवलोचनम् ।
निःसङ्गं समभावेन प्रियं पुत्रं विसर्जय ॥
</verse>",False
  , पुत्रान्मृतान्समीक्ष्याथ न भविष्यन्ति मातरः।।कौसल्या च सुमित्रा च कैकेयी च न संशयः। ,"<verse>
सदा भवतु कल्याणी सर्वमङ्गलकारिणी ।
शुभं करोतु सा देवी प्रसन्ना सर्वदा भवेत् ॥
</verse>",False
" As the mansions were burning, they shone like the peaks of Himalayas glowing at a distance. ", तानिनिर्दह्यमानानिदूरतःप्रचकाशिरे ।हिमवच्छिखराणीवदीप्तौषदिवनानिच ।। ,"<verse>
दह्यमानानि हर्म्याणि व्यराजन्त समन्ततः ।
हिमवच्छिखराणीव दूरे दीप्तानि सर्वशः ॥
</verse>",False
" Filled with immense joy and wonder at the news, Kaikeyi gifted a beauthful ornament to that hunchback.  ", अतीव सा तु संहृष्टा कैकेयी विस्मयान्विता।एकमाभरणं तस्यै कुब्जायै प्रददौ शुभम्।। ,"<verse>
तच्छ्रुत्वा सा प्रहर्षेण कैकेयी विस्मयान्विता ।
कुब्जायै प्रददौ प्रीता दिव्यमाभरणं शुभम् ॥
</verse>",False
 Born in the family of saint Bhrigu versed in the study of the Vedas and  observance of vows. You have promised in the name of  the thousandeyed Indra to renounce the arms. , भार्गवाणां कुले जात: स्वाध्यायव्रतशालिनाम्।सहास्राक्षे प्रतिज्ञाय शस्त्रं निक्षिप्तवानसि।। ,"<verse>
भृगुवंशे प्रसूतोऽसि वेदव्रतपरायणः ।
सहस्राक्षे प्रतिज्ञाय त्वया शस्त्रं विवर्जितम् ॥
</verse>",False
" ""Then Surasa assumed her natural form again in a moment and said this to me ", अभिपत्याशु तद्वक्त्रं निर्गतोऽहं ततः क्षणात्।अब्रवीत्सुरसा देवी स्वेन रूपेण मां पुनः।। ,"<verse>
ततः सा सुरसा भूयो धृत्वा रूपं निजं क्षणात् ।
मामुवाच तदा वाक्यमिदं सा मधुराक्षरम् ॥
</verse>",False
"  O Rama, my sinless Lord, it is possible to attain even the kingdom of the gods with your help, what  to speak of my own kingdom? ", शक्यं खलु भवेद्राम सहायेन त्वयाऽनघ।सुरराज्यमपि प्राप्तुं स्वराज्यं किं पनः प्रभ।। ,"<verse>
अनघ त्वत्सहायेन देवराज्यमपि प्रभो ।
प्राप्तुं शक्यं हि हे राम किं पुनर्निजराज्यकम् ॥
</verse>",False
" ""Well done, Lakshmana! I am glad. A difficult deed has been done. By the fall of Indrajith success has been achieved."" ", साधुलक्ष्मणतुष्टोऽस्मिकर्मचासुकरंकृतम् ।रावणेर्हिविनाशेनजितमुत्यपधारय ।। ,"<verse>
साधु लक्ष्मण तुष्टोऽस्मि कृतं कर्म सुदुष्करम्।
इन्द्रजित्पतनेनैव सिद्धिश्चाधिगताधुना॥
</verse>",False
" ""Or else, the pious, blackeyed Sita might have been eaten by the the cruelnatured wives of the lord of demons. ", अथवा राक्षसेन्द्रस्य पत्नीभिरसितेक्षणा।।अदुष्टा दुष्टभावाभिर्भक्षिता सा भविष्यति। ,"<verse>
अथवा राक्षसेन्द्रस्य पत्नीभिः क्रूरकर्मभिः।
भक्षिता साधुवृत्ता सा तपस्विन्यसितेक्षणा॥
</verse>",False
"  Let there be no fear from rakshasas who are fearful to look at and commit cruel acts, from pisachas evil spirits and from flesheating animals, O my child ", राक्षसानां पिशाचानां रौद्राणां क्रूरकर्मणाम्।क्रव्यादानां च सर्वेषां मा भूत्पुत्रक ते भयम्।। ,"<verse>
राक्षसेभ्यः करालेभ्यः पिशाचेभ्यो न ते भयम् ।
क्रव्यादेभ्यो नृशंसेभ्यो भूतेभ्योऽपि च पुत्रक ॥
</verse>",False
" O king, the wish that arose in your mind is just and right. You will definitely obtain sons as desired by you. ", सर्वथा प्राप्स्यसे पुत्रानभिप्रेतांश्च पार्थिव।यस्य ते धार्मिकी बुद्धिरियं पुत्रार्थमागता।।  ,"<verse>
यस्य ते धार्मिकी बुद्धिर् इयं पुत्रार्थमुत्थिता ।
प्राप्स्यसे त्वं सुतान् राजन् यथा सङ्कल्पितं त्वया ॥
</verse>",False
" Looking forward to my return, spend your time this way with moderate intake, a mind under control and a life devoted to the service of your husband.  ", एवं कालं प्रतीक्षस्व ममागमनकाङ्क्षिणी।नियता नियताहारा भर्तृशुश्रूषणे रता।। ,"<verse>
मदागममवेक्षन्ती पतिसेवापरायणा ।
मिताहारा यतचित्ता एवं कालं नय प्रिये ॥
</verse>",False
" After killing the demon in the figure of a deer and hearing his voice, Rama was overtaken by intense fear born of despair. ", तत्र रामं भयं तीव्रमाविवेश विषादजम्।राक्षसं मृगरूपं तं हत्वा श्रुत्वा च तत्स्वरम्।। ,"<verse>
हत्वा मृगवपुर्दैत्यं श्रुत्वा तस्य च तं स्वरम् ।
विषादजं तु रामोऽथ तीव्रं भयमुपागमत् ॥
</verse>",False
 And Hanuman showed up surrounded by a thousand crore vanaras of frightful valour. They looked like the peaks of Kailasa mountain. , कैलासशिखराकारैर्वानरैर्भीमविक्रमैः।वृतः कोटिसहस्रेण हनुमान्प्रत्यदृश्यत।। ,"<verse>
ततः कोटिसहस्रैस्तु वृतो भीमपराक्रमैः ।
कैलासशिखराकारैर्हनूमान् समुपागतः ॥
</verse>",False
 Sugriva instantly gave four golden pots decorated well to the four Vanara leaders. , सौवर्णान्वानरेन्द्राणांचतुर्णांचतुरोघटान् ।।ददौक्षिप्रंससुग्रीवस्सर्वरत्नविभूषितान् । ,"<verse>
सुग्रीवः सपदि प्रादात् कपीन्द्रेषु चतुर्ष्वपि ।
चतुरो हेमकुम्भांश्च सम्यगेव सुभूषितान् ॥
</verse>",False
" Rama, his throat choked, shed propuse tears, sighing, O my darling. ", बहुलं स तु निश्श्वस्य रामो राजीवलोचनः।हा प्रियेति विचुक्रोश बहुशो बाष्पगद्गदः।। ,"<verse>
हा प्रियेति विनिःश्वस्य शोकगद्गदकण्ठवान् ।
स रामो भूरिशो बाष्पं मुमोच दुःखितो भृशम् ॥
</verse>",False
 Most brilliant rajarshi Bhagiratha also mounting the divine chariot moved forward and Ganga followed him. , भगीरथोऽपि राजार्षिर्दिव्यं स्यन्दनमास्थित:।प्रायादग्रे महातेजास्तं गङ्गा पृष्ठतोऽन्वगात्। ,"<verse>
भगीरथोऽपि राजर्षिर्दिव्यं स्यन्दनमास्थितः ।
प्रायादग्रे महातेजा गङ्गा चाप्यन्वगच्छत ॥
</verse>",False
" You are both young and able to do the work he wants. Whether his work is done or not, he will fulfil your task. ", शक्तौह्यद्य युवां कर्तुं कार्यं तस्य चिकीर्षितम्।।कृतार्थो वाऽकृतार्थो वा कृत्यं तव करिष्यति। ,"<verse>
युवां हि तरुणौ योग्यौ तस्य कार्ये यथेप्सिते ।
कृतकार्योऽकृतार्थो वा तव कार्यं करिष्यति ॥
</verse>",False
" Ravana, son of sage Paulasti, was followed by a hundred women, just as Indra is trailed by the females of gods and gandharvas. ", अङ्गनाशतमात्रं तु तं व्रजन्तमनुव्रजत्।महेन्द्रमिव पौलस्त्यं देवगन्धर्वयोषितः।। ,"<verse>
प्रमदानां शतेनासौ पौलस्त्योऽनुगतस्तदा ।
सुरगन्धर्वकन्याभिर्महेन्द्रमिव योषितः ॥
</verse>",False
" ""Why does not your tongue drop down while you speak such words against this consort of the righteous king Rama and daughterin law of Dasaratha? ", तस्य धर्मात्मनः पत्नीं स्नुषां दशरथस्य च।कथं व्याहरतो मां ते न जिह्वा व्यवशीर्यते।। ,"<verse>
स्नुषां दशरथस्यैतां भार्यां रामस्य धर्मिणः ।
वदतस्तादृशं वाक्यं कथं जिह्वा न ते पतेत् ॥
</verse>",False
 There are monkeys wandering in the forest sent away by Vali. Some of them have made others wives their own and some have been separated from their wives. They are a great cause of fear. , अभार्याश्च सभार्याश्च सन्त्यत्र वनचारिणः।लुब्धेभ्यो विप्रयुक्तेभ्यस्तेभ्यो नस्तुमुलं भय।। ,"<verse>
वालिना प्रहिता भीमा वने भ्रमन्ति वानराः ।
परदाररताः केचित् केचिद्दारवियोजिताः ॥
</verse>",False
 Are your servants provided well with their requirements? Do they abide by your command? O Destroyer of foes have all your enemies been conquered ? , कच्चित्ते सम्भृता भृत्या: कच्चित्तिष्ठन्ति शासने।कच्चित्ते विजितास्सर्वे रिपवो रिपुसूदन ।। ,"<verse>
कच्चिद् भृत्या यथाकामं कच्चिदाज्ञाकरास्तव ।
कच्चित्ते निर्जिता भूमौ शत्रवः शत्रुसूदन ॥
</verse>",False
" O best among men for the successful completion of a sacrifice I took up a selfimposed  religious observance. Two rakshasas, capable of assuming forms at will, are creating impediments to that sacrifice. ", अहंनियममातिष्ठे सिध्यर्थं पुरुषर्षभ।तस्य विघ्नकरौ द्वौ तु राक्षसौ कामरूपिणौ।। ,"<verse>
अहं नियममातिष्ठे सिद्धयर्थं यज्ञकर्मणः।
तस्य विघ्नकरौ द्वौ तु राक्षसौ कामरूपिणौ॥
</verse>",False
" O Rama, help Sita enjoy herself in whatever manner she likes. By following you into the forest, she has accomplished the most difficult task ", यथैषा रमते राम इह सीता तथा कुरु। दुष्करं कृतवत्येषा वने त्वामनुगच्छती।। ,"<verse>
दुष्करं कृतवत्येषा वने त्वामभिसंगता।
यथा सा रमते राम तथा त्वं कुरु राघव॥
</verse>",False
" When he took off, numerous trees on the mountain drawing together the branches all over flew along with him.  ", समुत्पतति तस्मिंस्तु वेगात्ते नगरोहिणः।संहृत्य विटपान् सर्वान् समुत्पेतुः समन्ततः।। ,"<verse>
तस्मिन्नुत्पतमाने तु नगस्था बहवो द्रुमाः ।
संहृत्य परितः शाखास्तेनैव सह चोत्पतुः ॥
</verse>",False
" ""We do not belong to their clan. Among Rakshasas there are some learned ones. Vibheeshana has come because of his desire for their Rakshasa kingdom, perhaps ?"" ", नवयंतत्कुलीनाश्चराज्यकाङ् क्षीचराक्षसः ।पण्डिताहिभविष्यन्तितस्माद्ग्राह्योविभीषणः ।। ,"<verse>
विजातीया वयं तस्य राक्षसाश्च बहुश्रुताः ।
अनुज्ञातोऽथवा तेन राज्यलुब्धो विभीषणः ॥
</verse>",False
" ""By your efforts alone my husband will try for my release. You may tell these words to my heroic husband, Rama, again and again. ", राघवस्त्वत्समारम्भान्मयि यत्नपरो भवेत्।इदं ब्रूयाश्च मे नाथं शूरं रामं पुनः पुनः।। ,"<verse>
त्वदुद्योगेन मोक्षाय पतिर्यत्नं करिष्यति ।
इदं ब्रूयाः पुनर्वीरं रामं मे वचनं पुनः ॥
</verse>",False
" O Lakshmana, while preparing for war, those whose faces look pale are, for sure, going to die.  ", उद्यतानां हि युद्धार्थं येषां भवति लक्ष्मण।निष्प्रभं वदनं तेषां भवत्यायुः परिक्षयः।। ,"<verse>
युद्धोद्योगे हि सौमित्रे येषां म्लानं मुखं भवेत् ।
मृत्युं यान्ति ध्रुवं ते वै न संशयोऽत्र विद्यते ॥
</verse>",False
 Rama After killing Ravana and attaining the desired object of recovering Vaidehi you would go to Ayodhya having accomplished your objective.   , हृतामवाप्य वैदेहीं क्षिप्रं हत्वा च रावणम् ।समृद्धार्थस्समृद्धार्थमयोध्यां प्रतियास्यसि ।। ,"<verse>
रावणं समरे हत्वा प्राप्य वैदेहिमीप्सिताम् ।
कृतार्थस्त्वं रणे राम अयोध्यामभियास्यसि ॥
</verse>",False
"  O Indra among kings O lord of Mithila here is the great bow, worshipped by all kings, which you intend to show to Rama. ", इदं धनुर्वरं राजन् पूजितं सर्वराजभि:।मिथिलाधिप राजेन्द्र दर्शनीयं यदिच्छसि।। ,"<verse>
राजेन्द्र मिथिलाधीश सर्वराजार्चितं महत् ।
रामायैतद् धनुर्दिव्यं यद् दर्शयितुमुद्यतः ॥
</verse>",False
" O prince of great renown I shall follow you, wellprepared with these fishermen, armed with bows.  ", दाशास्त्वाऽनुऽगमिष्यन्ति धन्विनस्सुसमाहिताः।अहं त्वानुगमिष्यामि राजपुत्र महायशः।। ,"<verse>
धन्विभिः सह कैवर्तैरेतैश्चापि समावृतः ।
राजपुत्रानुयास्यामि सन्नद्धस्त्वां महायशः ॥
</verse>",False
 Those monkey commanders created heroic monkeys among the chief monkey clans who later proved the best among clanleaders. , ते प्रधानेषु यूथेषु हरीणां हरियूथपा:।बभूवुर्यूथपश्रेष्ठा वीरांश्चाजनयन् हरीन्।। ,"<verse>
ते वानरप्रवीरास्तु ससृजुर्वीरवानरान् ।
मुख्येषु कपिवंशेषु यूथपानां वरा हि ये ॥
</verse>",False
" I do not have any knowledge of this sinful demons dwelling , his capability, his valour or his clan or his despicable lineage. ", न जाने निलयं तस्य सर्वथा पापरक्षसः।सामर्थ्यं विक्रमं वापि दौष्कुलेयस्य वा कुल।। ,"<verse>
न जाने निलयं तस्य सर्वथा पापरक्षसः ।
सामर्थ्यं विक्रमं वापि दौष्कुलेयस्य वा कुलम् ॥
</verse>",False
" Sweettongued, they visited with folded hands the best of ascetics Viswamitra who was shining like a flaming fire and addressed him  thus in sweet and generous words ", अभिवाद्य मुनिश्रेष्ठं ज्वलन्तमिव पावकम्।ऊचतुर्मधुरोदारं वाक्यं मधुरभाषिणौ।। ,"<verse>
विश्वामित्रं मुनिश्रेष्ठं ज्वलन्तमिव पावकम् ।
कृताञ्जलिपुटाः प्रोचुर्मधुरोदारया गिरा ॥
</verse>",False
" Then an ogress called Surpanakha said, I too like the proposal of Ajamukhi. ", ततः शूर्पणखा नाम राक्षसी वाक्यमब्रवीत्।अजामुख्या यदुक्तं हि तदेव मम रोचते।। ,"<verse>
ततः शूर्पणखा नाम राक्षसी गिरमीरयत् ।
अजामुख्या वचो यत्तु तन्ममापि हि रोचते ॥
</verse>",False
" ""Pretending to be friendly forever the relatives rejoice in them is fortunes of their relatives. They create terrible fear like desperadoes and covertly ones."" ", नित्यमन्योन्यसम्हृष्टाव्यसनेष्वाततायिनः ।प्रच्छन्नहृदयाघोराज्ञातयस्तुभयावहाः ।। ,"<verse>
नित्यं मित्रप्ररूपास्ते ज्ञातीनां व्यसने रताः ।
कुर्वन्ति च महद्भीतिं प्रच्छन्ना ह्याततायिनः ॥
</verse>",False
  O son of Raghus dynasty that king Brahmadatta resembling Indra received the hands of those maidens in due order. , यथाक्रमं तत: पाणीन् जग्राह रघुनन्दन।ब्रह्मदत्तो महीपालस्तासां देवपतिर्यथा।। ,"<verse>
यथाज्येष्ठं चकाराथ हस्तग्राहं महीपतिः ।
ब्रह्मदत्तो नरश्रेष्ठ सहस्राक्ष इवापरः ॥
</verse>",False
"  O bestower of honour, receive this bow, the two quivers, the sword and the arrow for your victory just like Indra accepts the thunderbolt. ", तद्धनुस्तौ च तूणीरौ शरं खङ्गं च मानद।।। जयाय प्रतिगृह्णीष्व वज्रं वज्रधरो यथा।  ,"<verse>
इदं धनुश्च तूणी च खड्गं बाणं च मानद ।
जयाय प्रतिगृह्णीष्व वज्रं वज्रधरो यथा ॥
</verse>",False
 This wild forest with which we have not been acquainted earlier is difficult  to pass. Hence let us proceed quickly to sage Sarabhanga. , कष्टं वनमिदं दुर्गं न च स्म वनगोचराः।।अभिगच्छामहे शीघ्रं शरभङ्गं तपोधनम्। ,"<verse>
अविज्ञातमिदं घोरं दुस्तरं गहनं वनम् ।
ततः शीघ्रं मुनिं यामः शरभङ्गं तपोधनम् ॥
</verse>",False
" Covered with dirt and mud and shorn of adornments even though she deserved them, she looked wretched like the radiance of the Moon muffled by dark clouds. ", मलपङ्कधरां दीनां मण्डनार्हाममण्डिताम्।प्रभां नक्षत्रराजस्य कालमेघैरिवावृताम्।। ,"<verse>
मलपङ्कधरा दीना मण्डनार्हा नमण्डिता ।
प्रभा नक्षत्रराजस्य कालमेघैरिवावृता ॥
</verse>",False
" ""O noble one! We have come to you assigned by Ravana. O delight of Raghu race, thus we arrived here to know about the entire strength of your army."" ", आवामिहागतौसौम्य रावणप्रहितावुभौ ।परिज्ञातुंबलंसर्वंतवेदंरघुनन्दन:।।। ,"<verse>
आवामिहागतौ सौम्य रावणप्रहितौ नृप ।
परिज्ञातुं बलं सर्वं तवेदं रघुनन्दन ॥
</verse>",False
" You will undoubtedly see Lanka filled with arrows, surrounded by flames of fire and its buildings on fire. ", शरजालपरिक्षिप्तामग्निज्वालासमावृताम्।प्रदग्धभवनां लङ्कां द्रक्ष्यसि त्वं न संशयः।। ,"<verse>
शरैः प्रपूरितां लङ्कां वह्निज्वालासमावृताम् ।
प्रदीप्तभवनां चैव द्रक्ष्यसि त्वं न संशयम् ॥
</verse>",False
" Energetic Indrajith, who is ever victorious in battle dispersed the deadly rain of rocks and trees capable of taking out life. ", तद्रुमाणांशिलानां च वर्षंप्राणहरंमहत् ।व्यपोहतमहातेजारावणिस्समितिंजयः ।। ,"<verse>
स वीर्यवान् महातेजा इन्द्रजित् समितौ जयी ।
प्राणघ्नीं शैलवृक्षाणां वृष्टिं व्यधमदोजसा ॥
</verse>",False
" Bowing with reverence as enjoined by tradition and having enquired of his well being, Valmiki worshipped the immutable Brahma by falling at his feet and welcoming him with a seat and water to wash his feet with. ", पूजयामास तं देवं पाद्यार्घ्यासनवन्दनै: ।प्रणम्य विधिवच्चैनं पृष्ट्वाऽनामयमव्ययम् ।।    ,"<verse>
पूजयामास ब्रह्माणं पाद्यार्घ्यासनवन्दनैः।
प्रणम्य विधिवच्चैनं पृष्ट्वा चानामयं विभुम्॥
</verse>",False
" Rama, the subduer of enemies, proceeded while the wellattired women standing at the windows of their mansions showered heaps of flowers on him from every side. ", हर्म्यवातायनस्थाभिर्भूषिताभिस्समन्ततः।।कीर्यमाण स्सुपुष्पौघैर्ययौ स्त्रीभिररिन्दमः। ,"<verse>
हर्म्यवातायनस्थाभिः सुवेषाभिः समन्ततः ।
पुष्पवृष्ट्या समाकीर्णो ययौ रामः परन्तपः ॥
</verse>",False
" But all the priests said to the king purged of his sins, ""O Lord of men you alone are capable of protecting this earth"". ", ऋत्विजस्त्वब्रुवन्सर्वे राजानं गतकल्मषम्।भवानेव महीं कृत्स्नामेको रक्षितुमर्हति।। ,"<verse>
तमूचुर्ऋत्विजः सर्वे मुक्तपापं महीपतिम् ।
त्वमेव पृथिवीं पातुं समर्थोऽसि नरेश्वर ॥
</verse>",False
" Sita, deeply attached to her duty, and with her desire fulfilled is following her husband like a shadow just as the sunlight which never leaves mount Meru. ", कृतकृत्या हि वैदेही छायेवानुगता पतिम्। न जहाति रता धर्मे मेरुमर्कप्रभा यथा।। ,"<verse>
सा सीता कृतकामा च धर्ममेवान्ववेक्षती ।
अनुगच्छति भर्तारं मेरुमर्कप्रभा यथा ॥
</verse>",False
" Having heard Sita, Hanuman endowed with fearsome power placed his folded hands on his head and said this ", सीताया वचनं श्रुत्वा मारुतिर्भीमविक्रमः।शिरस्यञ्जलिमाधाय वाक्यमुत्तरमब्रवीत्।। ,"<verse>
सीताया वचनं श्रुत्वा हनूमान् भीमविक्रमः ।
शिरस्यञ्जलिमाधाय इदं वचनमब्रवीत् ॥
</verse>",False
" Then, having seen the bird struck down by the fowler, the pious sage Valmiki was filled with compassion. ", तदा तु तं द्विजं दृष्ट्वा निषादेन निपातितम् ।ऋषेर्धर्मात्मनस्तस्य कारुण्यं समपद्यत ।।   ,"<verse>
निषादेन हतं भूमौ तं विलोक्य खगं तदा ।
धर्मात्मा मुनिवाल्मीकिः कृपाविष्टो बभूव सः ॥
</verse>",False
" On the concluding day of the fortnight full moon day while the sacrifice was being performed, Vasava Indra assuming the form of rakshasa, had stolen away Sagaras sacrificial horse.  ", तस्य पर्वणि तं यज्ञं यजमानस्य वासव:।राक्षसीं तनुमास्थाय यज्ञीयाश्वमपाहरत्।। ,"<verse>
सगरस्य प्रवृत्तेऽस्मिन् हयमेधे च पर्वणि ।
राक्षसीं तनुमास्थाय जहार वासवो हयम् ॥
</verse>",False
 Rama stretched the formidable bow and lifted the arrows from his quiver to kill the demons and assumed intense anger. , वितत्य च धनुर्भीमं तूण्याश्चोद्धृत्य सायकान्।क्रोधमाहारयत्तीव्रं वधार्थं सर्वरक्षसाम्।। ,"<verse>
विकृष्य कार्मुकं घोरं तूणीराद् बाणमाददे ।
हन्तुं निशाचरान् रामस्तीव्रं क्रोधं समादधे ॥
</verse>",False
" O senseless lady, you are always accustomed to comfort. With deceitful words of appeasement that vicious one King Dasaratha is going to install Rama in the kingdom. You along with your son have been surely ruined.  ", पापेनानृतसान्त्वेन बाले नित्यसुखोचिते।रामं स्थापयता राज्ये सानुबन्धा हता ह्यसि।। ,"<verse>
नित्यं सुखोचिते मूढे छलसान्त्वैर्नृपोऽधमः ।
रामं राज्येऽभिषेक्ता हि सपुत्रा त्वं विनाशिता ॥
</verse>",False
" O Arjuna tree, tell me if you know a timid lady, daughter of Janaka and my beloved, fond of Arjuna tree. Is the living or not ? ", अथवाऽर्जुन शंस त्वं प्रियां तामर्जुनप्रियाम्।जनकस्य सुता भीरुर्यदि जीवति वा न वा।। ,"<verse>
कच्चिदर्जुन जानीषे भीरुमर्जुनवल्लभाम् ।
जीवती वा न वा सीता जनकस्य सुता प्रिया ॥
</verse>",False
" After meeting Vasistha and greeted by Bharata, the radiant Bharadwaja could recognize he was the son of Dasaratha. ", समागम्य वसिष्ठेन भरतेनाभिवादितः।अबुद्ध्यत महातेजास्सुतं दशरथस्य तम्।। ,"<verse>
समागम्य वसिष्ठेन नतेन भरतेन च ।
भरद्वाजो महातेजा मेने दशरथात्मजम् ॥
</verse>",False
" The lotuseyed, sinless and prosperous king Dasaratha, O Devi will not render false the promise given you he will fulfil it in another form.  ", न हि मिथ्या प्रतिज्ञातं करिष्यति तवानघः। श्रीमान्दशरथो राजा देवि राजीवलोचनः।। ,"<verse>
राजीवलोचनो राजा श्रीमान् दशरथोऽनघः।
न ते देवि मृषा वाक्यमन्यथैव करिष्यति॥
</verse>",False
" And then the night ranger Ravana taking up, fitting the arrow charged with fire, looked at Neela resting on top of the bow. ", आग्नेयेनाधसंयुक्तंगृहीत्वारावणश्शरम् ।ध्वजशीर्षस्थितंसीलमुदैक्षतनिशाचरः ।। ,"<verse>
ततः पावकसंकाशमाग्नेयमभिसंदधे।
धनुःशिरसि तं दृष्ट्वा नीलं राक्षसपुङ्गवः॥
</verse>",False
" Even after scaling up the peak, the exhausted, heroic monkeys could not find Vaidehi, the dear queen of Rama. ", तस्याग्रमधिरूढास्ते श्रान्ता विपुलविक्रमाः।न पश्यन्ति स्म वैदेहीं रामस्य महिषीं प्रियाम्।। ,"<verse>
आरुह्यापि गिरेश्चूडां श्रान्ता वीराः प्लवङ्गमाः ।
वैदेहीं दयितां देवीं रामस्य नालभन्त ते ॥
</verse>",False
" O Lakshmana, bull among men I shall only join him along with others when he leads the army to kill Ravana. ", अनुयात्रां नरेन्द्रस्य करिष्येऽहं नरर्षभ।गच्छतो रावणं हन्तुं वैरिणं सपुरस्सरम्।। ," + visarga)
    3. स (sa) - Laghu (a)
    4. ह (ha) - Laghu (a)
    5. न (na) - LAGHU (vowel 'a', followed by single consonant 'r') -> 5th is LAGHU [CORRECT]
    6. र (ra) - GURU (vowel 'a', followed by conjunct 'rṣ') -> 6th is GURU [CORRECT]
    7. ष (ṣa) - HRASVA (vowel 'a', followed by single consonant 'bh') -> 7th is HRASVA [CORRECT]
    8. भ (bha) - Laghu (a)
    Syllable count = exactly 8.
    Grammar: सर्वैः सह (along with all/others), नरर्षभ (O bull among men, vocative singular).

    **Line 2 Total Syllables:** 8 + 8 = 16.

    ---
    **Total verse syllables:** 32 (4 padas of 8 syllables each).
    **Meter:** Anuṣṭubh (Pathyā cadence in both hemistichs).
    - Pada 1: ⏑ – – ⏑ (tu-me-ṣo-tha: 5th Laghu, 6th Guru, 7th Deergha)
    - Pada 2: ⏑ – ⏑ ⏑ (ti-la-kṣma-ṇa: 5th Laghu, 6th Guru, 7th Hrasva)
    - Pada 3: ⏑ – – ⏑ (ga-mi-ṣyā-mi: 5th Laghu, 6th Guru, 7th Deergha)
    - Pada 4: ⏑ – ⏑ ⏑ (na-ra-rṣa-bha: 5th Laghu, 6th Guru, 7th Hrasva)

    **Translation match check:**
    - ""O Lakshmana"": लक्ष्मण (in Pada 2)
    - ""bull among men"": नरर्षभ (in Pada 4)
    - ""I shall only join him"": तमेवानुगमिष्यामि (in Pada 3)
    - ""along with others"": सर्वैः सह (in Pada 4)
    - ""when he leads the army"": यदा/अथ सेनां नेष्यति (in Pada 1-2)
    - ""to kill Ravana"": रावणं हन्तुम् (in Pada 1)

    Every single semantic element is present, precisely expressed, and metrically flawless.

9.  **Format Output:**
    The system prompt states:
    - ""Do not output explanations, syllable analysis, transliteration, reasoning, labels",False
 O Jatayu narrate to Rama and Lakshmana the exact facts of my abduction and all the details without any omission.     Thus ends the fortyninth sarga of Aranyakanda of the holy Ramayana the first epic composed by sage Valmiki. , रामाय तु यथातत्त्वं जटायो हरणं मम।।लक्ष्मणाय च तत्सर्वमाख्यातव्यमशेषतः। ,"<verse>
रामाय तु यथातत्त्वं जटायो हरणं मम ।
लक्ष्मणाय च शंस त्वं प्रवृत्तिमपि चाखिलाम् ॥
</verse>",False
" Similarly, you may personally escort king of Kasi who is always affectionate and sweettongued. He is a friend to our king who is a lion among rulers. ", तथा काशीपतिं स्निग्धं सततं प्रियवादिनम्।वयस्यं राजसिंहस्य स्वयमेवानयस्व ह।। ,"<verse>
तथा काशीपतिं स्निग्धं सततं प्रियवादिनम् ।
स्वयमानय सत्कृत्य मित्रं नो नृपसिंहस्य ॥
</verse>",False
" On hearing the lamentation of Ravana seized with passion, enraged Kumbhakarna uttered these words. ", तस्यकामपरीतस्यनिशम्यपरिदेवितम् ।कुम्भकर्णःप्रचुक्रोधवचनंचेदमब्रवीत् ।। ,"<verse>
विलापं रावणस्यैवं काममोहितचेतसः ।
श्रुत्वा स कुम्भकर्णोऽथ क्रुद्धो वचनमब्रवीत् ॥
</verse>",False
 Those boats adorned with flags were propelled by the fishermen occupying them. They sailed with men rowing on board fast. , पताकिन्यस्तु ता नावस्स्वयं दाशैरधिष्ठिताः।वहन्त्यो जनमारूढं तदा सम्पेतुराशुगाः।। ,"<verse>
ताः स्म ध्वजवतीर्नावः कैवर्ताः समधिष्ठिताः ।
प्रजह्रुः सर्वतो वेगाद्वाह्यमाना नरैस्तदा ॥
</verse>",False
" After eating the meat and feeling thirsty, the enemy of Indra drank blood, pails of fat and wine. ", आददुन्भुक्षितोमांसंशोणितंतृषितःपिबन् ।मेदःकुम्भांश्चमद्यांश्चपपौशक्ररिपुस्तदा ।। ,"<verse>
मांसं भुक्त्वा तृषार्तो ऽसौ पपाविन्द्ररिपुः स्वयम् ।
शोणितं च वसापूर्णान् घटान् मद्यं सुरामपि ॥
</verse>",False
 O wicked Mythili! we have tolerated many unpleasant words uttered by you due to our kindness and mildness.. ," बहून्यप्रियरूपाणि वचनानि सुदुर्मते।।

अनुक्रोशान्मृदुत्वाच्च सोढानि तव मैथिलि।
  ","<verse>
अस्माकं मृदुभावेन सान्त्वेनापि च मैथिलि।
मर्षितान्यप्रियाण्येव त्वयोक्तानि बहूनि नः॥
</verse>",False
" O mean Ravana, are you not ashamed of kidnapping me when I was separated from my husband? ", न व्यपत्रपसे नीच कर्मणानेन रावण।ज्ञात्वा विरहितां यन्मां चोरयित्वा पलायसे।। ,"<verse>
वियुक्तां पतिना दीनां मां हृत्वा रावणाधम ।
कथं मूढ न लज्जा ते हृदये संप्रजायते ॥
</verse>",False
" Then, gods in a state of excitement in their aerial chariots as large as cities, on horses and on big elephants were stationed there in the sky. ", विमानैर्नगराकारैर्हयैर्गजवरैस्तदा।। पारिप्लवगतैश्चापि देवतास्तत्र विष्ठिता:। ,"<verse>
विमानैर्नगरप्रख्यैर्हयैर्नागैश्च सम्भ्रमात् ।
ततो देवाः समभ्येत्य स्थितास्तत्र नभस्तले ॥
</verse>",False
" On reaching the vanara kings extensive, delightful garden all the vanaras highly rejoiced. ", ते तद्वनमुपागम्य बभूवुः परमोत्कटाः।वानरा वानरेन्द्रस्य मनः कान्ततमं महत्।। ,"<verse>
वानरेन्द्रस्य विस्तीर्णं रम्यमुद्यानमुत्तमम् ।
प्राप्य सर्वे कपीन्द्रास्ते मुमुदुः परया मुदा ॥
</verse>",False
" ""Hanuman the son of the Windgod, who is like a mountain, with extraordinary might  intends to cross the ocean, the abode of crocodiles"". ", एष पर्वतसङ्काशो हनुमान् मारुतात्मजः।तितीर्षति महावेगस्समुद्रं मकरालयम्।। ,"<verse>
हनूमान्पर्वताकारो मारुतिर्भीमविक्रमः ।
नक्रावासं समुद्रं च लङ्घयितुं समीहते ॥
</verse>",False
" O king It is because of your heartless action, my Rama and my relatives who deserve to enjoy pleasures at this age have been banished and are miserably wandering in wilderness. ", यत्त्वयाऽकरुणं कर्म व्यपोह्य मम बान्धवाः।निरस्ताः परिधावन्ति सुखार्हाः कृपणा वने।। ,"<verse>
भोगयोग्ये वयोभागे त्वया राजन् नृशंसतः ।
रामो मे बान्धवैः सार्धं विवासितो वनेऽटति ॥
</verse>",False
" On hearing those words, Bharata who knew his duty was overwhelmed with distress and, resolved to abide by righteousness, reached Rama through his mind thought of Rama. ", तच्छ्रुत्वा भरतो वाक्यं शोकेनाभिपरिप्लुतः।जगाम मनसा रामं धर्मज्ञो धर्मकाङ्क्षया।। ,"<verse>
तच्छ्रुत्वा भरतो वाक्यं शोकेनाभिपरिप्लुतः ।
जगाम मनसा रामं धर्मज्ञो धर्मवत्सलः ॥
</verse>",False
" As Guha was thus conversing with Bharata, the rays of the Sun diminished and the night set in. ", एवं सम्भाषमाणस्य गुहस्य भरतं तदा।बभौ नष्टप्रभस्सूर्यो रजनी चाभ्यवर्तत।। ,"<verse>
भरतेन गुहस्यैवं संभाषं कुर्वतस्तदा ।
रवेरंशुषु मन्देषु निशा समभिपद्यत ॥
</verse>",False
" By virtue of her power of asceticism, power of truthfulness and exclusive devotion towards her husband, she may consume the fire. Fire will not burn her. ", तपसा सत्यवाक्येन अनन्यत्वाच्च भर्तरि।अपि सा निर्दहेदग्निं न तामग्निः प्रधक्ष्यति।। ,"<verse>
तपसा सत्यवाक्येन अनन्यत्वाच्च भर्तरि ।
दहेदपि हुताशं सा न तामग्निरधक्ष्यति ॥
</verse>",False
" At these words of his mother who was deeply afflicted Rama, best among men replied  ", तथा निगदितं मात्रा तद्वाक्यं पुरुषर्षभः।श्रुत्वा रामोऽब्रवीद्वाक्यं मातरं भृशदुःखिताम्।। ,"<verse>
मातुः शोकाभितप्ताया निशम्य वचनं तदा ।
प्रत्युवाच ततो रामो धीरः पुरुषसत्तमः ॥
</verse>",False
" As for me, without deliberating on the propriety of my fathers orders, I shall go from here at once to Dandaka forest to live there for fourteen years. ", दण्डकारण्यमेषोऽहमितो गच्छामि सत्वरः।अविचार्य पितुर्वाक्यं समा वस्तुं चतुर्दश।। ,"<verse>
अविचार्य पितुराज्ञां यास्याम्यद्यैव दण्डकान् ।
चतुर्दश समाश्चैव वत्स्यामि तत्र कानने ॥
</verse>",False
" Without foreseeing the fruits of his action, he who runs after action only will regret at the time of fruition like the one who waters the palasa tree.  ", अविज्ञाय फलं यो हि कर्म त्वेवानुधावति।स शोचेत्फलवेलायां यथा किंशुकसेचकः।। ,"<verse>
अदृष्ट्वा फलमायत्यां यः कर्माणि प्रवर्तते ।
शोचते स फले काले पलाशं सिञ्चतीव सः ॥
</verse>",False
" Otherwise with none to protect me, I will live only  for two months.I will die like an orphan and he will not see me.   ", यद्यन्यथा भवेदेतद्द्वौ मासौ जीवितं मम।न मां द्रक्ष्यति काकुत्स्थो म्रिये साहमनाथवत्।। ,"<verse>
अन्यथा त्रातृहीनाऽहं जीविष्यामि द्विमासकम् ।
अनाथवद् विनङ्क्ष्यामि न मां द्रक्ष्यति चाप्यसौ ॥
</verse>",False
" Whoever has desecrated this forest, protected by me, with drops of blood is forbidden to enter this place. Once he does it, he will die. ", इह तेनाप्रवेष्टव्यं प्रविष्टस्य वधो भवेत्।वनं मत्संश्रयं येन दूषितं रुधिरस्रव।। ,"<verse>
मत्पालितं वनं येन रक्तबिन्दुभिराविलम् ।
प्रवेशो वारितोऽत्रास्य प्रविश्य स मरिष्यति ॥
</verse>",False
" He saw a banyan tree with its branches spread on all sides measuring a hundred yojanas, looking like a cloud and providing shelter to the sages. ", तत्रापश्यत्स मेघाभं न्यग्रोधमृषिभिर्वृतम्।।समन्ताद्यस्य ताश्शाखाश्शतयोजनमायताः। ,"<verse>
मुनीनामाश्रयोदारं मेघतुल्यं ददर्श सः ।
शतयोजनविस्तीर्णं शाखाभिः सर्वतो वटम् ॥
</verse>",False
" The younger brother of Vaisravana Ravana, like a massive comet, carried Sita, who was glowing in the radiance of her own beauty, and entered the sky. ", तां महोल्कामिवाकाशे दीप्यमानां स्वतेजसा।जहाराऽकाशमाविस्य सीतां वैश्रवणानुजः।। ,"<verse>
वैश्रवणानुजो रक्षो रावणः खमुपागमत् ।
दीप्तां स्वतेजसा सीतां महाकेतुरिवोद्वहन् ॥
</verse>",False
" O bull among the Ikshvakus, weigh your divine and human prowess before you try to kill your enemies. ", दिव्यं च मानुषं च त्वमात्मनश्च पराक्रमम्।इक्ष्वाकुवृषभावेक्ष्य यतस्व द्विषतां वधे।। ,"<verse>
इक्ष्वाकुवृषभ श्रीमञ्छत्रूणां तु वधेच्छया ।
दैवं च मानुषं वीर्यं तुलयस्व पुरैव तत् ॥
</verse>",False
  Rama placed robes and ornaments on the float by the side of Sita and a spade and a basket along with weapons. , पार्श्वे च तत्र वैदेह्या वसने भूषणानि च।प्लवे कठिनकाजं च रामश्चक्रे सहायुधैः।। ,"<verse>
तस्याः पार्श्वे च वस्त्राणि भूषणानि च राघवः ।
न्यदधात्प्लवमालम्ब्य खनित्रपिटके तथा ॥
</verse>",False
" You who are equal to Rama in valour and strength, will continue to be the gift of gods to us for long. ", सदृशश्चासि रामस्य विक्रमेण बलेन च।सहायो दैवतैर्दत्तश्चिराय हरिपुङ्गव।। ,"<verse>
रामेण सदृशस्त्वं हि वीर्येण च बलेन च ।
देवानां वरदानं त्वमस्माकं हि चिरं भव ॥
</verse>",False
" ""Who is he, gleaming like the tongues of time spirit Kala spirit, with flashes of javelins, encircled with lightning and looking like a cloud shining very bright?"" ", कालजिह्वाप्रकाशाभिर्यएषोऽतिविराजते ।आवृतोरथशक्तीभिर्विद्युद्भिरिवतोयदः ।। ,"<verse>
कालरसनसंकाशैः शक्तिभिर्भासिताम्बरः ।
विद्युद्भिरिव जीमूतः कोऽसौ दीप्तः प्रकाशते ॥
</verse>",False
" There you should explore the dwelling of Ravana and Vaidehi, in the thickets of lodhra and lotuses and in the woods of devadaru. ", लोध्रपद्मकषण्डेषु देवदारुवनेषु च।रावणस्सह वैदेह्या मार्गितव्यस्ततस्ततः।। ,"<verse>
लोध्रकाननखण्डेषु पद्मकप्रसवेषु च ।
देवदारुवनेष्वेव रावणः सह सीतया ॥
</verse>",False
 Even among them the brilliant Rama was a source of delight to his father like the Selfborn Brahma to all living beings.  , तेषामपि महातेजा रामो रतिकरःपितुः।स्वयम्भूरिव भूतानां बभूव गुणवत्तरः।। ,"<verse>
तेषामपि महातेजा रामो रतिकरः पितुः ।
स्वयम्भूरिव भूतानां बभूव गुणवत्तरः ॥
</verse>",False
" King of Rakshasas knocked back, became enraged and covered Rama with a terrific shower of shafts. ", अस्त्रेप्रतिहतेक्रुद्धोरावणोराक्षसाधिपः ।अभ्यवर्षत्तदारामंघोराभिःशरवृष्टिभिः ।। ,"<verse>
प्रतिघातात्तु संरब्धो राक्षसाधिपतिस्तदा ।
ततो रामं शरव्रातैर्भीमैराच्छादयद्रणे ॥
</verse>",False
 O hero! My obsequies should have been done by you. It is peculiar that I have to perform. , ममनामत्वयावीरगतस्ययमसादनम् ।।प्रेतकार्याणिकार्याणिविपरीतेहिवर्तसे । ,"<verse>
त्वया वीर मम प्रेतकृत्यं कर्तव्यमादितः ।
विचित्रं यन्मया चैतत् क्रियतेऽद्य तवाधुना ॥
</verse>",False
 He entertained thoughts befitting his great dynasty and honoured the code of conduct of a kshatriya. He believed one could attain heavenly abode through his great achievements. , कुलोचितमतिः क्षात्रं धर्मं स्वं बहुमन्यते।मन्यते परया कीर्त्या महत्स्वर्गफलं ततः।। ,"<verse>
कुलोचितं मनो धृत्वा क्षत्रधर्ममपालयत् ।
महद्भिः कर्मभिः स्वर्गं प्राप्यं मेने स बुद्धिमान् ॥
</verse>",False
  , यथोद्दिष्टानि सर्वाणि सुग्रीवेण महात्मना।विचिन्वन्तु वनं सर्वे गिरिदुर्गाणि सर्वशः।। ,"<verse>
नमोऽस्तु ते महाभाग प्रसन्नो भव सर्वदा ।
यथा त्वं लोककल्याणं करोषि सततं विभो ॥
</verse>",False
" While the missile was being invoked and fire sacrifice was done, all planets, moon, Sun, and Stars in the sky shook in fear. ", तस्मिन्नाहूयमानेस्त्रेहूयमाने च पावके ।।सार्धंग्रहेन्दुनक्षत्रैर्वितत्रासनभस्थ्सलम् । ,"<verse>
अस्त्रे संमन्त्रिते चैव हुते हव्ये हुताशने ।
सूर्यचन्द्रग्रहास्तारा व्योम्नि भीताः प्रकम्पिताः ॥
</verse>",False
  Fortunate indeed are the men who will behold my sons fragrant countenance camparable to the autmnal Moon and the fullblown lotus. , सदृशं शारदस्येन्दोः पुल्लस्य कमलस्य च।सुगन्धि मम नाथस्य धन्या द्रक्ष्यन्ति तन्मुखम्।। ,"<verse>
धन्या द्रक्ष्यन्ति मे सूनोः शरच्चन्द्रनिभं मुखम् ।
फुल्लपद्मप्रतीकाशं सुगन्धि खलु मानवाः ॥
</verse>",False
 Hearing that tumult the distressed Dasaratha lost faith in his own life and in his righteousness.  , तेन तत्र प्रणादेन दुःखितस्स महीपतिः। चिच्छेद जीविते श्रद्धां धर्मे यशसि चात्मनः।। ,"<verse>
श्रुत्वा तु तुमुलं शब्दं दशरथः सुदुःखितः ।
स्वजीविते तथा धर्मे नैराश्यं समपद्यत ॥
</verse>",False
" On hearing the pathetic words from the monkeys who had given up hope of life, the loudvoiced vulture wailing replied ", इत्युक्तः करुणं वाक्यं वानरैस्त्यक्तजीवितैः।सबाष्पो वानरान्गृध्रः प्रत्युवाच महास्वनः।। ,"<verse>
इत्युक्तः करुणं वाक्यं वानरैस्त्यक्तजीवितैः ।
सबाष्पः प्रत्युवाचेदं गृध्रराजो महास्वनः ॥
</verse>",False
 Mahodara shattered those trees with the iron clubs. Trisira attacked brave Angada with arrows. , परिघाग्रेणतान् वृक्षान्बभञ्ज च महोदरः ।त्रिशिराश्चाङ्गदंवीरमभिदुद्रावसायकैः ।। ,"<verse>
द्रुमांस्तांश्च बिभेदाशु परिघैस्तु महोदरः ।
निशितैस्त्रिशिरा बाणैर्वीरमङ्गदमार्दयत् ॥
</verse>",False
 Lotuses and blue asokas are also in bloom. Lodhra trees on the mountainslopes look golden like the lions mane. , पद्मकाश्चैव शोभन्ते नीलाशोकाश्च पुष्पिताः। लोध्राश्च गिरिपृष्ठेषु सिंहकेसरपिञ्जराः।। ,"<verse>
फुल्लानीह च पद्मानि नीलाशोकास्तथैव च ।
गिरेः सानुषु लोध्राश्च सिंहकेसरसंनिभाः ॥
</verse>",False
" One who neglects dharma and artha and pursues only kama sensuous enjoyment is like a man asleep on top of the tree, waking up only to realize that he has fallen down. ", हित्वा धर्मं तथाऽर्थं च कामं यस्तु निषेवते।।स वृक्षाग्रे यथा सुप्तः पतितः प्रतिबुध्यते। ,"<verse>
धर्ममर्थं परित्यज्य कामं यस्तु निषेवते ।
स वृक्षाग्रे यथा सुप्तः पतितः प्रतिबुध्यते ॥
</verse>",False
 The troop leaders of the monkeys instructed by Sugriva searched in all places including mountains and forests. , सुग्रीवेण समाख्यातास्सर्वे वानरयूथपाः।प्रदेशान्प्रविचिन्वन्ति सशैलवनकाननान्।। ,"<verse>
सुग्रीवेण समादिष्टाः सर्वे ते हरियूथपाः ।
वनेषु पर्वतेष्वेव विचिन्वन्ति स्म सर्वशः ॥
</verse>",False
" Ordered by him again and again, the Rakshasa warriors went from Lanka with glowing weapons offering salutations to him. ", ततस्तुचोदितास्तेनराक्षसाज्वलितायुधाः ।लङ्कायानिर्ययुर्वीराःप्रणदन्तःपुनःपुनः ।। ,"<verse>
मुहुराज्ञापितास्तेन तं प्रणम्य निशाचराः ।
दीप्तायुधा महावीर्या लङ्काया निर्गतास्तदा ॥
</verse>",False
" Prahastha emerged in rage surrounded by his forces which was like an ocean that resembled Kala time spirit, Anthaka death and Yama God of death. ", सागरप्रतिमौघेनवृतस्तेनबलेनसः ।।प्रहस्तोनिर्ययौक्रुद्धःकालान्तकयमोपमः । ,"<verse>
प्रहस्तो निर्ययौ क्रुद्धः सबलः सागरोपमः ।
कालान्तकसमाकारः साक्षादिव यमो बली ॥
</verse>",False
" I tell you this because the lord of the earth Dasaratha, is in deep distress. He is old. And he is under the control of his passion. ", शोकोपहतचेताश्च वृद्धश्च जगतीपतिः।कामभावावसन्नश्च तस्मादेतद्ब्रवीमि ते।। ,"<verse>
एतत् ते कथितं तात दीनो हि पृथिवीपतिः ।
वृद्धश्चैव हि कामार्तः कामस्य वशमागतः ॥
</verse>",False
" Sarabhanga then emerged youthful from that heap of fire, shining like a flame and looking very elegant ", स च पावकसङ्काशः कुमारस्समपद्यत।उत्थायाग्निचयात्तस्माच्छरभङ्गो व्यरोचत।। ,"<verse>
स च पावकसङ्काशः कुमारः समपद्यत ।
तस्मादग्निसमूहाच्च शरभङ्गः सुरूपवान् ॥
</verse>",False
" ""Mythili! See the wonderful woods bordering beautiful Yamuna. Glorious hermitage of Bharadwaja is seen there."" ", एषासायमुनारम्यादृश्यतेचित्रकानना ।भरद्वाजाश्रमःश्रीमान्दृश्यतेचैषमैथिलि ।। ,"<verse>
मैथिलि पश्य कालिन्द्याः कूले चित्रं वनं महत् ।
भरद्वाजस्य पुण्योऽयमाश्रमोऽत्र प्रदृश्यते ॥
</verse>",False
" ""Oh Brahma! Cutting a golden tree at the stage of fruiting is not fair. It is not proper for you to curse your great grandson in that way."" ", विवृद्धःकाञ्चनोवृक्षःफलकालेनिकृत्यते ।न नप्तारंस्वकंन्यायंशप्तुमेवंप्रजापते ।। ,"<verse>
फलकाले सुवर्णद्रोश्छेदनं नैव युज्यते ।
प्रपौत्रं शप्तुमेवं हि न युक्तं ते प्रजापते ॥
</verse>",False
"  I consider myself blessed and favoured by a great sage like you, bestower of boons as you have been pleased with me, my brother and my life. ", धन्योऽस्म्यनुगृहीतोऽस्मि यस्य मे मुनिपुङ्गवः। गुणैस्सभ्रातृभार्यस्य वरदः परितुष्यति।। ,"<verse>
धन्योऽस्म्यनुगृहीतोऽस्मि भवता मुनिपुङ्गव।
सानुजे मयि जीवे च प्रीते त्वयि वरप्रद॥
</verse>",False
" Whatever wealth one dreams of in sleep on top of that mountain he will get on waking up, O Rama  ", शयानः पुरुषो राम तस्य शैलस्य मूर्धनि।।यत्स्वप्ने लभते वित्तं तत्प्रबुद्धोऽधिगच्छति। ,"<verse>
तस्मिन् शैले नरः सुप्त्वा स्वप्ने यद् विन्दते धनम् ।
प्रबुद्धस्तदवाप्नोति तत् सर्वं रघुनन्दन ॥
</verse>",False
" ""Janaki did not care for their words of threat, as though they were a blade of grass and of no use to her. ", तृणवद्भाषितं तासां गणयामास जानकी।।गर्जितं च तदा तासां सीतां प्राप्य निरर्थकम्। ,"<verse>
जानकी तृणवन्मेने तासां भयङ्करं वचः ।
न हि सा गणयामास तर्जनं निष्फलं तथा ॥
</verse>",False
" The princess from Mithila heard this cry of pain and, wild with fear, urged me out of her love for you to go. ", सा तमार्तस्वरं श्रुत्वा तव स्नेहेन मैथिली।गच्छ गच्छेति मामाह रुदन्ती भयविह्वला।। ,"<verse>
श्रुतेऽस्मिन्नार्तनादे सा मैथिली भयविह्वला ।
त्वत्स्नेहेन समाक्रान्ता गच्छेति मामचोदयत् ॥
</verse>",False
 Smitten with grief and my heart throbbing with fear I reached the hermitage and my sorrow became manifold.  , शोकोपहतचित्तश्च भयसन्त्रस्तचेतनः।तच्चाऽश्रमपदं गत्वा भूयश्शोकमहं गतः।। ,"<verse>
शोकोपहतचित्तोऽहं भयकम्पितमानसः ।
तमाश्रमपदं प्राप्य बहुशोकमवाप्नुवम् ॥
</verse>",False
 Then Jambavan observed the worries of several hundred thousands of the monkey army and said to Hanuman , अनेकशतसाहस्रीं विषण्णां हरिवाहिनीम्।जाम्बवान्समुदीक्ष्यैवं हनूमन्तमथाब्रवीत्।। ,"<verse>
कपिसैन्ये विषादार्ते शतसाहस्रसङ्कुले ।
विलोक्याथ महाप्राज्ञो जाम्बवान् मारुतिं जगौ ॥
</verse>",False
" ""For what reason do you say that a wretched human being, alone, forsaken by a father who has taken asylum in the forest, who is taking the help of vanaras is capable?"" ", मानुषंकृपणंराममेकंशाखामृगाश्रयम् ।समर्थंमन्यसेकेनत्यक्तंपित्रावनालयम् ।। ,"<verse>
पित्रा त्यक्तं वनावासं दीनं मानुषमेककम् ।
कपीन् समाश्रितं चैव समर्थं किं प्रभाषसे ॥
</verse>",False
" ""Today loosed from my mighty bow, the arrows will split his fierce body and kill him."" ", अद्यैवतस्यरौद्रस्यशरीरंमामकाश्शराः ।विधमिष्यन्तिभित्त्वातंमहाचापगुणच्युताः ।। ,"<verse>
मन्महाकार्मुकोत्सृष्टा हनिष्यन्त्यद्य तं शराः ।
विदार्य तद्वपुर्घोरं पातयिष्यन्ति भूतले ॥
</verse>",False
" ""If I should return to Kishkindha without reassuring Sita, whose understanding has been clouded in grief I would be blamed. ", यद्यप्यहमिमां देवीं शोकोपहतचेतनाम्।अनाश्वास्य गमिष्यामि दोषवद्गमनं भवेत्।। ,"<verse>
अनाश्वास्य तु वैदेहीं शोकसंमूढचेतनाम् ।
किष्किन्धां यदि गच्छामि निन्दां प्राप्स्यामि सर्वशः ॥
</verse>",False
" When Sugriva spoke thus, Hanuman the great monkey, submitted in the presnce of the monkeyministers, applying his own logic ", सुग्रीवेणैवमुक्तस्तु हनुमान्हरिपुङ्गवः।उवाच स्वेन तर्केण मध्ये वानरमन्त्रिणा।। ,"<verse>
एवं ब्रुवति सुग्रीवे हनूमान् कपिसत्तमः ।
संसदि कपिमुख्यानां स्वयुक्त्या प्रत्यवेदयत् ॥
</verse>",False
" I invoke the gandharvas, Visvavasu, Ha Ha and Hu Hu, and also goddesses like gandharvas heavenly musicians and apsaras nymphs from all regions. ", आह्वये देवगन्धर्वान्विश्वावसुहहाहुहून्।तथैवाप्सरसो देवीर्गन्धर्वीश्चापि सर्वशः।। ,"<verse>
विश्वावसुं च गन्धर्वं हाहाहूहूंस्तथैव च ।
दिव्याश्चाप्सरसः सर्वाः सर्वदिक्षु समाह्वये ॥
</verse>",False
" ""O King! By conjuring her like this, helpless Sita overtaken by fear and sorrow having lost her husband will submit to you in spite of no desire to you."" ", अनयोपधयाराजन् भयशोकानुबन्धया ।अकामात्वद्वशंसीतानष्टनाथाभविष्यति ।। ,"<verse>
एवं प्रतारिता राजन्भयाच्छोकेन चावृता ।
नष्टभर्त्रा त्वकामापि विवशा त्वामुपैष्यति ॥
</verse>",False
" O Bharata, having determined on an endeavour involving a little effort and yielding great results, I trust you commence to execute it quickly without procrastination?  ", कच्चिदर्थं विनिश्चित्य लघुमूलं महोदयम्।क्षिप्रमारभसे कर्तुं न दीर्घयसि राघव।। ,"<verse>
कच्चिदल्पव्ययं कर्म महाफलमवेक्षसे।
क्षिप्रमारभसे कर्तुं न दीर्घयसि भारत॥
</verse>",False
 Among the Devas and Danavas such brilliance is not there. He shines so brightly. , देवदानववीराणांवपुर्नैवंविधंभवेत् ।यादृशंराक्षसेन्द्रस्यवपुरेतत्प्रकाशते ।। ,"<verse>
न देवेषु न दैत्येषु तादृशं तेज ईक्ष्यते ।
अयं तु भासते दीप्त्या विभात्येष सुतेजसा ॥
</verse>",False
 Rama is a shortlived human. I do not care for his valour. His life span will be shortened he will be killed now for his own misdeeds.  , न रामं गणये वीर्यान्मानुषं क्षीणजीवितम्।आत्मदुश्चरितैः प्राणान्हतोयोऽद्य विमोक्ष्यते।। ,"<verse>
अल्पायुर्मानुषो रामो न मे गण्यं हि तद्बलम् ।
स्वदोषैः क्षीणतामायुर्गमिष्यति हतोऽद्य सः ॥
</verse>",False
" He is impatient, invincible, victorious, bold, intelligent and strong. He is even the right hand of Rama, his outer life. ", अमर्षी दुर्जयो जेता विक्रान्तो बुद्धिमान्बली।रामस्य दक्षिणो बाहुर्नित्यं प्राणो बहिश्चरः।। ,"<verse>
अमर्षी दुर्जयो जेता विक्रान्तो मतिमान् बली ।
रामस्य दक्षिणो बाहुर्नित्यं प्राणो बहिश्चरः ॥
</verse>",False
" Heroic Rakshasa, Dhumraksha surrounded by rakshasas set forth laughing to the west gate where Hanuman stood. ", सनिर्यातोमहावीर्योधूम्राक्षोराक्षसैर्वृतः ।प्रहसन्पश्चिमद्वारंहनुमान्यत्रयूथपः ।। ,"<verse>
स निर्ययौ महावीर्यो धूम्राक्षो राक्षसैर्वृतः ।
प्रहसन् पश्चिमं द्वारं यत्र तिष्ठति मारुतिः ॥
</verse>",False
" ""Think that my advice is beneficial to you for you present, past and future. It is righteous. It will provide you material wealth too. Hence return Sita to the lord of the people. ", तत् त्रिकालहितं वाक्यं धर्म्यमर्थानुबन्धि च।मन्यस्व नरदेवाय जानकी प्रतिदीयताम्।। ,"<verse>
त्रिकालेषु हितं वाक्यं धर्म्यमर्थप्रदं मम ।
तस्मात् सीतां प्रदेहीमां जनानामधिपाय च ॥
</verse>",False
" It is I heard that Indra and other deities are also governed by the principle of justice. Therefore, you should not bewail, O tiger among men. ", शक्रादिष्वपि देवेषु वर्तमानौ नयानयौ।श्रूयेते नरशार्दूल न त्वं शोचितुमर्हसि।। ,"<verse>
श्रूयते हि सुराः सेन्द्रा न्यायेनैवानुशासिताः ।
तस्मात् त्वं हृदि संतापं पुरुषव्याघ्र मा कृथाः ॥
</verse>",False
" Ah, Kausalya, Ah, pitiable Sumitra, Ah, cruel Kaikeyi, my enemy and defiler of my race, I am going to die. ", हा कौसल्ये नशिष्यामि हा सुमित्रे तपस्विनि।हा नृशंसे ममामित्रे कैकेयि कुलपांसनि।। ,"<verse>
हा कौसल्ये सुमित्रे हा हा कैकेयि नृशंसिनि ।
मम शत्रो कुलघ्नि त्वं यास्याम्यद्य यमालयम् ॥
</verse>",False
" The Rakshasa king humbly offered salutation to Raghava with joined palms, quickly approached, and said, What is to be done? ", स तुबद्धाञ्जलि: प्रह्वोविनीतोराक्षसेश्वरः ।अब्रवीत्त्वरयोपेतःकिंकरोमीतिराघवम् ।। ,"<verse>
प्रणम्य राघवं शीघ्रं राक्षसेन्द्रः कृताञ्जलिः ।
उपेत्य च विनीतात्मा किं करोमीति चाब्रवीत् ॥
</verse>",False
" O Bharata, O tiger among men, O scion of the Raghu race give up this formidable vow. Arise and quickly return to Ayodhya, the best of cities. ", उत्तिष्ठ नरशार्दूल हित्वैतद्दारुणं व्रतम्।पुरवर्यामितः क्षिप्रमयोध्यां याहि राघव।। ,"<verse>
हे भरत नरव्याघ्र त्यज घोरमिदं व्रतम् ।
उत्तिष्ठ राघव शीघ्रं गच्छाऽयोध्यां पुरोत्तमाम् ॥
</verse>",False
 The men I served have ascended heaven on aerial chariots of incomparable radiance the moment you touched Chitrakuta. , चित्रकूटं त्वयि प्राप्ते विमानैरतुलप्रभैः।इतस्ते दिवमारूढा यानहं पर्यचारिषम्।। ,"<verse>
चित्रकूटं त्वयि प्राप्ते विमानैरतुलप्रभैः ।
गता दिवं ते पुरुषा मया ये पर्युपासिताः ॥
</verse>",False
 The king Sagara accompanied by his wives reached Himavat mountain and engaged  himself in severe austerities on a peak called Bhriguprasravana.   , ताभ्यां सह महाराज: पत्नीभ्यां तप्तवांस्तप:।हिमवन्तं समासाद्य भृगुप्रस्रवणे गिरौ।। ,"<verse>
सगरः सह भार्याभ्यां जगाम हिमवद्गिरिम् ।
भृगुप्रस्रवणे शृङ्गे तपस्तेपे सुदारुणम् ॥
</verse>",False
" Our father, king Dasaratha, abandoned the wornout mortal body, and obtained divine prosperity of wandering in the world of Brahma. ", स जीर्णं मानुषं देहं परित्यज्य पिता हि नः।दैवीमृद्धिमनुप्राप्तो ब्रह्मलोकविहारिणीम्।। ,"<verse>
त्यक्त्वा देहं जरार्तं नः पिता दशरथो नृपः ।
गतोऽसौ ब्रह्मलोकं च प्राप दैवीं परां श्रियम् ॥
</verse>",False
" She was an ascetic in bark robes and deer skin blazing with lustre, restrained in her food. The monkeys got very frightened. ", तां दृष्ट्वा भृशसन्त्रस्ताश्चीरकृष्णाजिनाम्बराम्।।तापसीं नियताहारां ज्वलन्तीमिव तेजसा। ,"<verse>
चीरकृष्णाजिनाच्छादां तापसीं मितभोजनाम् ।
तेजसा दीप्यमानां च दृष्ट्वा भीतास्तु वानराः ॥
</verse>",False
" When Rama had spoken that way to the great sage, Bharadwaja was delighted and with a smiling look replied. ", एवमुक्तस्तुरामेणभरद्वाजोमहामुनिः ।।प्रत्युवाचरघुश्रेष्ठंस्मितपूर्वंप्रहृष्टवत् । ,"<verse>
एवमुक्तस्तु रामेण भरद्वाजो महामुनिः ।
प्रहृष्टः सस्मितं वाक्यं प्रत्युवाच रघूद्वहम् ॥
</verse>",False
 He is equal to a god in prowess. While living in this desolate forest his wife has been carried off by a demon. We both came here searching for her. , अस्य देवप्रभावस्य वसतो विजने वने।रक्षसाऽपहृता पत्नी यामिच्छन्ताविहागतौ।। ,"<verse>
देवतुल्यबलस्यास्य वसतो विजने वने ।
रक्षसापहृता भार्या तामन्वेष्टुमिहागतौ ॥
</verse>",False
"  ""Give food, give, various kinds of clothes"" echoed the organisers. And they in charge of distribution did. ", दीयतां दीयतामन्नं वासांसि विविधानि च।इति सञ्चोदितास्तत्र तथा चक्रुरनेकश:।। ,"<verse>
दीयतां दीयतामन्नं वासांसि विविधानि च ।
इत्यूचुः संविधातारस्तथा चक्रुर्विभागिनः ॥
</verse>",False
" Rama is doing greater service to you than Bharata. Therefore, I do not find any reason for you to have a special love for Bharata. ", रामो हि भरताद्भूयस्तव शुश्रूषते सदा।विशेषं त्वयि तस्मात्तु भरतस्य न लक्षये।। ,"<verse>
भरतादधिकं रामः करोति तव सत्क्रियाम् ।
विशिष्टे भरतस्नेहे तस्माद्धेतुं न लक्षये ॥
</verse>",False
" He looked miserable, his copperred eyes filled with tears. He raised his right hand and said to the villagers who had come to see him  ", ततो रुधिरताम्राक्षो भुजमुद्यम्य दक्षिणम्।अश्रुपूर्णमुखो दीनोऽब्रवीज्जानपदं जनम्।। ,"<verse>
ताम्राक्षः साश्रुनेत्रश्च उद्धृत्य दक्षिणं करम् ।
तं द्रष्टुमागतान् सर्वान् ग्रामीणानाह दुःखितः ॥
</verse>",False
" Mighty and energetic son of Ravana, Indrajith became angry and began to attack the Vanaras. ", इन्द्रजित्तुतदाक्रुद्धोमहातेजामहाबलः ।वानराणांशरीराणिव्यधमद्रावणात्मजः ।। ,"<verse>
महावीर्यो महातेजा रावणिः क्रोधमूर्च्छितः ।
इन्द्रजित् कपिसैन्यानि प्रमथितुं प्रचक्रमे ॥
</verse>",False
"  O Heroic Rama all the asuras along with the rakshasas joined on one side. A violent and a dreadful battle which threw the three worlds in to a great confusion, ensued. ", एकतोऽभ्यागमन् सर्वे ह्यसुरा राक्षसैस्सह।युद्धमासीन्महाघोरं वीर त्रैलोक्यमोहनम्।। ,"<verse>
सम्भूयैकत्र दैत्याश्च राक्षसैः सह राघव ।
त्रैलोक्यमोहकं घोरं सङ्ग्रामस्तुमुलोऽभवत् ॥
</verse>",False
 My husband who was very bold was twentyfive years and I had completed eighteen years since my birth. , मम भर्तामहातेजा वयसा पञ्चविंशकः।।अष्टादश हि वर्षाणि मम जन्मनि गण्यते। ,"<verse>
मम भर्ता महातेजा वयसा पञ्चविंशकः ।
अष्टादश हि वर्षाणि मम जन्मनि गण्यते ॥
</verse>",False
" ""Oh, elder brother of Nikumbha! Your valour, speed of your arrows, compliance, and glory is wonderful like that of Ravanas."" ", निकुम्भाग्रजवीर्यंतेबाणवेगवदद्भुतम् ।।सन्नतिश्चप्रभावश्चतववारावणस्यवा । ,"<verse>
विक्रमो लाघवं शौर्यं प्रभावश्च निकुम्भज ।
शरवेगोऽद्भुतो भाति रावणस्येव दृश्यते ॥
</verse>",False
"  On hearing my banishment her myna would say to her parrot, O parrot, bite the foot of the enemy Kaikeyi. I think  that bird is  a greater source of joy to my mother than I, O Lakshmana ", मन्ये प्रीतिविशिष्टा सा मत्तो लक्ष्मण शारिका।यस्यास्तच्छ्रूयते वाक्यं शुक पादमरेर्दश।। ,"<verse>
अरेः पादं दशेत्याह कैकेय्याः शुक सारिका ।
सा मत्तः सुखदा मातुर्मन्ये लक्ष्मण वर्तते ॥
</verse>",False
" With what weapons he has killed demons like Khara, Dusana and Trisira ?  ", आयुधं किञ्च रामस्य निहता येन राक्षसाः।खरश्च निहतस्संख्ये दूषणस्त्रिशिरास्तथा।। ,"<verse>
खरश्च दूषणश्चैव त्रिशिराश्चापि राक्षसः ।
कैर्हताः सायकैस्तेन संयुगे भीमविक्रमाः ॥
</verse>",False
" Taking out a blade of darbha grass from your mat, you invoked the weapon of Brahma by reciting the mantra. Then you discharged it which blazed like the fire of death and went spearheading towards the crow. ", स दर्भं संस्तराद्गृह्य ब्राह्मेणास्त्रेण योजयत्।।स दीप्त इव कालाग्निर्जज्वालाभिमुखो द्विजम्। ,"<verse>
संस्तराद्दर्भमादाय ब्रह्मास्त्रेणाभिमन्त्र्य च ।
मुक्तः कालाग्निसङ्काशः काकमेवाभ्यधावत ॥
</verse>",False
" The hermitages echoing with  the sounds of Vedic recitations and resembling the very abode of Brahma were adorned with great, holy sages living on regulated diet. ", पुण्यैश्च नियताहारैः शोभितं परमर्षिभिः।तद्ब्रह्मभवनप्रख्यं ब्रह्मघोषनिनादितम्।। ,"<verse>
ब्रह्मघोषनिनादैश्च ब्रह्मलोकसमास्तथा ।
यताहारैर्महाभागैर्मुनिभिः शोभिताश्रमाः ॥
</verse>",False
" ""Lowly Rakshasa! My wife was abducted by you ignorantly when she was helpless. Therefore, you are not valiant."" ", ममभार्याजनस्थानादज्ञानाद्राक्षसाधम ।हृतातेविवशायस्मात्तस्मात्त्वंनासिवीर्यवान् ।। ,"<verse>
विवशा मे हृता भार्या त्वया मोहान्निशाचर ।
अतो नीच न शूरोऽसि न त्वं वीर्यसमन्वितः ॥
</verse>",False
 Ravana expressed his intention in sweet words to the depressed and griefstricken ascetic Sita surrounded by demon guards , स तां परिवृतां दीनां निरानन्दां तपस्विनीम्।साकारैर्मधुरैर्वाक्यैर्न्यदर्शयत रावणः।। ,"<verse>
शोकार्तां तापसीं सीतां राक्षसीगणसंवृताम् ।
सान्त्वपूर्वमुवाचेदं रावणः स्वं मनोरथम् ॥
</verse>",False
" Courageous and exalted Hanuman, the best among vanaras, noted for his speed reached Lanka crossing over the great ocean on his own. ", स तु वीर्यवतां श्रेष्ठः प्लवतामपि चोत्तमः।जगाम वेगवान् लङ्कां लङ्घयित्वा महोदधिम्।। ,"<verse>
तीर्त्वा महार्णवं वेगाल्लङ्कां प्राप कपीश्वरः ।
हनूमान् विक्रमी धीरो महावीर्यो महाकपिः ॥
</verse>",False
" Hanuman, the best among jumpers, even while in air he saw an island adorned with many trees, also gardens adjacent to Malaya mountain. ", ददर्श च पतन्नेव विविधद्रुमभूषितम्।।द्वीपं शाखामृगश्रेष्ठो मलयोपवनानि च। ,"<verse>
खे चरन् प्लवगश्रेष्ठो ददर्श बहुपादपम् ।
द्वीपं मलयपार्श्वे च वनान्युपवनानि च ॥
</verse>",False
" Again, and again looking back in fear, covertly, bewildered, crushing one another, they went into the Lanka city. ", अन्योन्यंप्रममन्थुस्तेविविशुर्नगरंभयात् ।पृष्ठतस्तेतुसम्मूढाःप्रेक्षमाणामुहुर्मुहुः ।। ,"<verse>
भयात्पुनः पुनर्वेक्ष्य निभृता विह्वला भृशम् ।
मथ्नन्तः स्वयमन्योन्यं लङ्कां विविशिरे पुरीम् ॥
</verse>",False
 Then hero Shatrughna and Lakshmana also greeted Rama and then worshipped Sita also. , शत्रुघ्नश्चतदाराममभिवाद्यसलक्ष्मणम् ।।सीतायाश्चरणौवीरोविनयादभ्यवादयत् । ,"<verse>
ततो लक्ष्मणशत्रुघ्नौ वीरौ राममवन्दताम् ।
सीतां चापि ततो देवीं पूजयामासतुस्तदा ॥
</verse>",False
" Ravana, brother of Kubera, shed the gentle figure of a mendicant and assumed the form of the god of death. ", सद्यस्सौम्यं परित्यज्य भिक्षुरूपं स रावणः।स्वं रूपं कालरूपाभं भेजे वैश्रवणानुजः।। ,"<verse>
सौम्यं भिक्षुवपुस्त्यक्त्वा स वैश्रवणसोदरः ।
दधार कालरूपं च तदा रावणराक्षसः ॥
</verse>",False
" The two heroic brothers endowed with great splendour seated beside each other, despatched Sudamana the wisest of ministers to Dasaratha. ", उपविष्टावुभौ तौ तु भ्रातरावतितेजसौ।।प्रेषयामासतुर्वीरौ मन्त्रिश्रेष्ठं सुदामनम्।  ,"<verse>
उपविष्टावुभौ वीरौ भ्रातरौ दीप्ततेजसौ ।
मन्त्रिश्रेष्ठं सुदामानं प्रेषयामासतुस्तदा ॥
</verse>",False
" Exceedingly effulgent Brahma spoke to him, ""You have become a rishi through the selfearned sacred deeds. Fare you well"".   ", अब्रवीत्सुमहातेजा ब्रह्मा सुरुचिरं वच:।ऋषिस्त्वमसि भद्रं ते स्वार्जितै: कर्मभिश्शुभै:।। ,"<verse>
ततोऽब्रवीन्महातेजा ब्रह्मा सर्वसुरैर्वृतः।
ऋषिस्त्वमसि भद्रं ते स्वैः कर्मभिरुपार्जितैः॥
</verse>",False
" Of what use is Rama who has lost his kingdom, who is depressed and leads an ascetic life and who is a shortlived, lacklustre human being. ", राज्यभ्रष्टेन दीनेन तापसेन गतायुषा।किं करिष्यसि रामेण मानुषेणाल्पतेजसा।। ,"<verse>
राज्याद्भ्रष्टेन दीनेन तापसेन गतायुषा।
किं करिष्यसि रामेण मानुषेणाल्पतेजसा॥
</verse>",False
" Tell valiant Rama not to take me back the way Ravana, the demon abducted me out of fear. Which is not right. ", यथाऽहं तस्य वीरस्य वनादुपधिना हृता।रक्षसा तद्भयादेव तथा नार्हति राघवः।। ,"<verse>
यथा मां हरता तेन रावणेन दुरात्मना ।
भयादुत्सृज्य विक्रान्तं न तथा नेतुमर्हति ॥
</verse>",False
" ""Even if I am cut, broken to pieces or burnt in glowing fire, I will not accept Ravana. Why do you shout for so long? ", छिन्ना भिन्ना विभक्ता वा दीप्तेवाग्नौ प्रदीपिता।रावणं नोपतिष्ठेयं किं प्रलापेन वश्चिरम्।। ,"<verse>
छिद्यतां भिद्यतां वापि दह्यतां दीप्तपावके ।
नैवाहं रावणं यास्ये किं प्रलापेन वश्चिरम् ॥
</verse>",False
"  Living with you sans fear, O my sagacious husband, I wish to see the rivers, mountains, lakes and forests here and there. ", इच्छामि सरितश्शैलान्पल्वलानि वनानि च।द्रष्टुं सर्वत्र निर्भीता त्वया नाथेन धीमता।। ,"<verse>
सरितः पर्वतांश्चैव वनानि च सरांसि च।
द्रष्टुमिच्छामि मतिमांस्त्वया सह निराकुला॥
</verse>",False
"  The place was full of apsaras  in their thousands and paragons of beauty adorned with divine ornaments and garlands, and experts in lovesports. ", दिव्याभरणमाल्याभिर्दिव्यरूपाभिरावृतम्।क्रीडारतिविधिज्ञाभिरप्सरोभिस्सहस्रशः।। ,"<verse>
दिव्याभरणमाल्याभिश् चारुरूपाभिरन्वितम् ।
कामकेलिप्रवीणाभिर् अप्सरोभिः सहस्रशः ॥
</verse>",False
" Behold those excellent couches of lovers spread with leaves of kustha, sthagara, punnaga and bhurja and covered with lotus petals. ", कुष्ठस्थगरपुन्नाग भूर्जपत्रोत्तरच्छदान्।कामिनां स्वास्तरान्पश्य कुशेशयदलायुतान्।। ,"<verse>
भूर्जपत्रैः सपुंनागैः कुष्ठस्थगरसंस्तृताः ।
शय्याः पद्मदलैः कीर्णास्ताः पश्य कामिनां शुभाः ॥
</verse>",False
" ""Setting my foot with my valour on the head of the cruelminded Ravana, using my valour,  I came here to see you. ", कृत्वा मूर्ध्नि पदन्यासं रावणस्य दुरात्मनः।त्वां द्रष्टुमुपयातोऽहं समाश्रित्य पराक्रमम्।। ,"<verse>
रावणस्य शिरस्येव न्यस्य पादं स्वविक्रमात् ।
क्रूरबुद्धेर्बलेनाहं द्रष्टुं त्वामिह चागतः ॥
</verse>",False
 Heaps of firewood are seen here and there on the path. There are blades of grass used for sacrificial ceremonies shining like vaidurya gems. , तत्र तत्र च दृश्यन्ते सङ्क्षिप्ताः काष्ठसञ्चयाः।।लूनाश्च पथि दृश्यन्ते दर्भा वैडूर्यवर्चसः। ,"<verse>
पथि चेध्मसमूहाश्च दृश्यन्ते तत्र तत्र वै ।
वैदूर्यसदृशाभासा दर्भा यज्ञोपयोगिनः ॥
</verse>",False
  , मां च दृष्ट्वा वने तस्मिन् समागम्य ततस्ततः।ता स्समभ्यागताः क्षिप्रं रावणायाचचक्षिरे।। ,"<verse>
वागर्थाविव संपृक्तौ वागर्थप्रतिपत्तये ।
जगतः पितरौ वन्दे पार्वतीपरमेश्वरौ ॥
</verse>",False
" Thereafter Indrajith attacked the ruler of Golangulas, and Valis son Angada with many arrows. ", गोलाङ्गूलेश्वरंचैववालिपुत्रमथाङ्गदम् ।।विव्याधबहुभिर्बाणैस्त्वरमाणोऽथरावणिः । ,"<verse>
गोलाङ्गूलपतिं वीरं वालिपुत्रं तथाङ्गदम् ।
विव्याध बहुभिर्बाणैस्ततोऽसाविन्द्रजिद् बली ॥
</verse>",False
" May you be bestowed with the same blessings conferred by Aditi on Indra, the wielder of thunder for the killing of daityas at the time nectar was generated ", अमृतोत्पादने दैत्यान् घ्नतो वज्रधरस्य यत्।अदितिर्मङ्गलं प्रादात्तत्ते भवतु मङ्गलम्।। ,"<verse>
यामादितिः सुवृत्तेन्द्रे दैत्यसंघातवारणे ।
अमृताहरणे काले सा ते भवतु मङ्गला ॥
</verse>",False
" In the past, at the time of the wellknown yagna of king Bali I was very strong. I circumambulated the eternal Vishnu while he was taking three strides in his incarnation of Trivikrama Vamana. ", मया महाबलेश्चैव यज्ञे विष्णुस्सनातनः।प्रदक्षिणीकृतः पूर्वं क्रममाणस्त्रिविक्रमम्।। ,"<verse>
पुरा बलेर्महायज्ञे तदाऽभवं महाबलः ।
त्रिविक्रमं हरिं नित्यमहं चक्रे प्रदक्षिणम् ॥
</verse>",False
" Lucky men will behold Rama return to Ayodhya after the completion of his exile, like the planet Venus moving forward on its orbit. ", निवृत्तवनवासं तमयोध्यां पुनरागतम्।द्रक्ष्यन्ति सुखिनो रामं शुक्रं मार्गगतं यथा।। ,"<verse>
निवृत्तवनवासात्तं प्रविशन्तं पुरीं शुभाम् ।
द्रक्ष्यन्ति च सुभाग्यास्ते चारस्थमिव भार्गवम् ॥
</verse>",False
" "" All resources of mine are exhausted. These children and aged are only left in Lanka city, knowing that you will save the city of Lanka."" ", सर्वक्षपितकोशं च स त्वमभ्यवपद्यमाम् ।त्रायस्वेमांपुरींलङ्कांबालवृद्धावशेषिताम् ।। ,"<verse>
क्षीणाः सर्वे ममोपायाः शिष्टा बालाश्च वृद्धकाः।
ज्ञात्वा लङ्कापुरीत्राता त्वमेनां पालयिष्यसि॥
</verse>",False
" Felled by the vanaras speed, the tall mountain overwhelmed with joy roared in high pitch. ", स तथा पातितस्तेन कपिना पर्वतोत्तमः।।बुद्ध्वा तस्य कपेर्वेगं जहर्ष च ननन्द च। ,"<verse>
पातितः कपिवेगेन महाशैलः समुच्छ्रितः ।
प्रहर्षेण समाविष्टो ननर्द तारमुच्चकैः ॥
</verse>",False
" The selfcontrolled Lakshmana with folded palms replied to Sitas harsh, horripilating words ", इत्युक्तः परुषं वाक्यं सीतया रोमहर्षणम्।।अब्रवील्लक्ष्मणस्सीतां प्राञ्जलिर्विजितेन्द्रियः। ,"<verse>
इत्युक्तः परुषं वाक्यं सीतया रोमहर्षणम् ।
अब्रवील्लक्ष्मणः सीतां प्राञ्जलिः संयतेन्द्रियः ॥
</verse>",False
" Restoring the sacred sandals, the kingdom and this city of Ayodhya held as a trust by me, I shall be cleansed of the sin. ", राघवाय च सन्यासं दत्त्वेमे वरपादुके।राज्यं चेदमयोध्यां च धूतपापो भवामि च।। ,"<verse>
समर्प्य पादुके राज्यमयोध्यां च पुरीमिमाम्।
मया निक्षिप्तमेवेदं पापान्मुच्येय राघव॥
</verse>",False
" Another  bright idea struck the highly sensible Hanuman, who had a clear vision of the task ahead I was firm and singleminded in my direction regarding the task ahead thought he. ", तस्य प्रादुरभूच्चिन्ता पुनरन्या मनस्विनः।।निश्चितैकान्तचित्तस्य कार्यनिश्चयदर्शिनी। ,"<verse>
बुद्धिर्जातापरा दीप्ता धीमतो मारुतेस्तदा ।
कार्यतत्त्वार्थदर्शी स दृढनिश्चयवानिति ॥
</verse>",False
  White foams of water were scattered in a thousand ways. It appeared as if the sky was  spread over with autumnal clouds flocks of swans.  , पाण्डरैस्सलिलोत्पीडै: कीर्यमाणैस्सहस्रधा।।शारदाभ्रैरिवाकीर्णं गगनं हंससम्प्लवै:। ,"<verse>
सिताः फेना जलस्यैते विकीर्णाश्च सहस्रधा ।
शरन्मेघैश्च हंसैश्च व्योमाभूदिव संवृतम् ॥
</verse>",False
" Then Viradha with his voice filling the forest said, Instead of asking about me you both should speak out who  you are and where you are going ", अथोवाच पुनर्वाक्यं विराधः पूरयन्वनम्।पृच्छतो मम हि ब्रूतं कौ युवां क्व गमिष्यथः।। ,"<verse>
ततो वनं विनाद्योच्चैर्विराधो वाक्यमब्रवीत् ।
मां न पृष्ट्वा तु वक्तव्यं कौ युवां क्व गमिष्यथः ॥
</verse>",False
" Seeing her husband lying in the palanquin, Tara, full of grief placed Valis head on her lap and cried. ", ततस्तारा पतिं दृष्ट्वा शिबिकातलशायिन।।आरोप्याङ्के शिरस्तस्य विललाप सुदुःखिता। ,"<verse>
शिबिकास्थं पतिं वीक्ष्य तारा शोकसमन्विता ।
वालिनस्तु शिरः क्रोडे निधाय प्ररुरोद सा ॥
</verse>",False
" ""The tennecked Ravana was seen this time riding on a boar, Indrajit on a crocodile and Kumbhakarna on a camel all set towards the southerly direction. ", वराहेण दशग्रीवश्शिंशुमारेण चेन्द्रजित्।।उष्ट्रेण कुम्भकर्णश्च प्रयाता दक्षिणां दिशम्। ,"<verse>
वराहेण दशग्रीवः शिशुमारेण चेन्द्रजित् ।
उष्ट्रेण कुम्भकर्णोऽपि प्रयाता दक्षिणां दिशम् ॥
</verse>",False
" When the tail was burning, the vanara wondered how the fire ablaze on every side was not burning him ", दह्यमाने च लाङ्गूले चिन्तयामास वानरः।।प्रदीप्तोऽग्निरयं कस्मान्न मां दहति सर्वतः। ,"<verse>
दीप्यमाने तु लाङ्गूले चिन्तयामास वानरः ।
प्रदीप्तोऽग्निरयं कस्मान्न मां दहति सर्वतः ॥
</verse>",False
" ""O eminent vanara no doubt my lord will soon reach this place. My pure conscience tells me that Rama has many virtues.  ", असंशयं हरिश्रेष्ठ क्षिप्रं मां प्राप्स्यते पतिः।अन्तरात्मा च मे शुद्धस्तस्मिंश्च बहवो गुणाः।। ,"<verse>
असंशयं हरिश्रेष्ठ क्षिप्रमेष्यति मे पतिः ।
विशुद्धं मे मनो ब्रूते रामे हि बहवो गुणाः ॥
</verse>",False
 Like some one who is deluded by palasa trees I too did not realise the consequences of shooting the target following the direction of the sound. , यथान्यः पुरुषः कश्चित्पलाशैर्मोहितो भवेत्।एवं ममाऽप्यविज्ञातं शब्दवेध्यमयं फलम्।। ,"<verse>
यथा कश्चिदबुद्ध्वा तु पलाशैर्मोहमास्थितः ।
अहं च शब्दवेधेन मोहादेतदुपस्थितम् ॥
</verse>",False
 Kampana struck Angada challenging himin anticipation. He swiftly hurled a mace in anger and hurt him grievously and Angada reeled. , आहूयसोङ्गदंकोपात्ताडयामासवेगितः ।गदयाकम्पनःपूर्वं स चचालभृशाहतः ।। ,"<verse>
आहूय कम्पनः क्रुद्धो गदां चिक्षेप वेगवान् ।
तया भिन्नो भृशं चापि चचाल व्यथितोऽङ्गदः ॥
</verse>",False
" ""He Kesari is said to be my father by the divine sages. He retrieved a piece of land in a holy spot of that sea shore and killed Sambasadana, a demon who was oppressing righteous people.  ", स च देवर्षिभिर्दिष्टः पिता मम महाकपिः।तीर्थे नदीपतेः पुण्ये शम्बसादनमुद्धरत्।। ,"<verse>
देवर्षिकीर्तितः श्रीमान् केसरी मे पिता भुवि ।
समुद्रे पावने तीर्थे जघान शम्बसादनम् ॥
</verse>",False
" O Blessed Rama in kritayuga, the sons of Diti were very strong and those of Aditi were spirited and righteous. ", पूर्वं कृतयुगे राम दिते: पुत्रा महाबला:।अदितेश्च महाभाग वीर्यवन्तस्सुधार्मिका:।। ,"<verse>
पूर्वं कृतयुगे राम दितेः पुत्रा महाबलाः ।
अदितेश्च महाभागा वीर्यवन्तः सुधार्मिकाः ॥
</verse>",False
" An enemy who comes for protection against another enemy should be protected, even giving up ones own life whoever he may be, even if he is afflicted or arrogant. ", आर्तोवायदिवादृप्तःपरेषांशरणांगतः ।अरिःप्राणान्परित्यज्यरक्षितव्यःकृतात्मना ।। ,"<verse>
दीनो वा यदि वा दृप्तः परेषां शरणं गतः ।
अरिः प्राणप्रदानेन रक्षितव्यः कृतात्मना ॥
</verse>",False
 The monkeys who can kill ogre Ravana and his relatives in battle and bring back Maithili will be arriving shortly. , ते त्वामभिगमिष्यन्ति राक्षसं ये सबान्धवम्।निहत्य रावणं सख्ये ह्यानयिष्यन्ति मैथिलीम्।। ,"<verse>
निहत्य रावणं संख्ये सबान्धवं निशाचरम् ।
आनीय मैथिलीं शीघ्रमायास्यन्ति प्लवङ्गमाः ॥
</verse>",False
" ""You need not be told about the service to your husband. Nevertheless, I am giving instruction. This Rama is supreme god for you."" ", न त्वंकामंसमाधेयाभर्तृशुश्रूषणंप्रति ।अवश्यंतुमयावाच्यमेषतेदैवतंपरम् ।। ,"<verse>
भर्तृशुश्रूषणे नास्ति वक्तव्यं ते कदाचन।
तथापि त्वां प्रवक्ष्यामि रामस्ते दैवतं परम्॥
</verse>",False
" This  monkey  king, Sugriva has confidence in Hanuman that he will by all means accomplish the task. ", सर्वथा निश्चितार्थोऽयं हनूमति हरीश्वरः।निश्चितार्थकरश्चापि हनूमान्कार्यसाधने।। ,"<verse>
स हि तस्मिन् हरिश्रेष्ठे हनूमति परन्तपः ।
व्यवस्यति महत्कार्यं सुग्रीवः प्लवगेश्वरः ॥
</verse>",False
"  At this juncture Visnu the lord of the world, highly effulgent and bearing conch, discus and mace in his hands and in yellow apparel arrived. ", एतस्मिन्नन्तरे विष्णुरुपयातो महाद्युति:।शङ्खचक्रगदापाणि: पीतवासा जगत्पति:।।  ,"<verse>
तस्मिन् काले जगन्नाथः पीतवासा महाद्युतिः ।
शङ्खचक्रगदापाणिर्विष्णुस्तत्र समाययौ ॥
</verse>",False
" ""I am gratified by your valour, strength and enthusiasm which has been exhibited by you in the battle. However, I wish to kill Rama alone."" ", यत्तुवीर्यबलोत्साहैस्तोषितोऽहंरणेत्वया ।राममेवैकमिच्छामिहन्तुंयस्मिन् हतेहतम् ।। ,"<verse>
युद्धे दर्शितवीर्येण बलोत्साहेन तोषितः ।
किन्तु रामं जिघांसामि एकमेव महाहवे ॥
</verse>",False
" How is it that you both, dressed in the robes of ascetics, live  with a woman? Leading an unrighteous and sinful life, who are you who have brought disgrace to the ascetic discipline ? ", कथं तापसयोर्वां च वासः प्रमदया सह।अधर्मचारिणौ पापौ कौ युवां मुनिदूषकौ।। ,"<verse>
कौ युवां तापसाकारौ प्रमदासंयुतौ कथम् ।
अधर्मचारिणौ पापौ तापसाचारदूषकौ ॥
</verse>",False
" As the son of the Windgod was flying through the sky, his coiled up tail looked splendid like the banner installed at the festival in honour of Indra on the fifteenth day of the month of Bhadrapada. ", लाङ्गूलं च समाविद्धं प्लवमानस्य शोभते।।अम्बरे वायुपुत्रस्य शक्रध्वज इवोच्छ्रितम्। ,"<verse>
लाङ्गूलं च समाविद्धं प्लवमानस्य शोभते ।
अम्बरे वायुपुत्रस्य शक्रध्वज इवोच्छ्रितम् ॥
</verse>",False
" Indeed, in the world people meet with death when the time comes. Hiding yourself from me you have achieved it. Is it proper for you? You may think over and give your reply. ", काममेवं विधो लोकः कालेन विनियुज्यते।क्षमं चेद्भवता प्राप्तमुत्तरं साधु चिन्त्यता।। ,"<verse>
कालेन हि नरो लोके मृत्युं प्राप्नोति कालतः।
मां प्रच्छाद्य त्वया प्राप्तं युक्तं किं तद्विमृश्यताम्॥
</verse>",False
" There is only the ocean, the lord of rivers, and the shore is beyond this. We cannot cross the ocean without any mode. ", अतः परमतीरोऽयं सागर स्सरितां पतिः ।न चायमनुपायेन शक्यस्तरितुमर्णवः ।।  ,"<verse>
अयमेव नदीनाथः पारं चास्य सुदूरतः ।
उपायेन विना चास्य तरणं नैव शक्यते ॥
</verse>",False
" Whose foamy, red blood will the earth drink while I strike his vital organs with my arrows in the fight ? ", निहतस्य मया सङ्ख्ये शरसंकृत्तमर्मणः।सफेनं रुधिरं रक्तं मेदिनी कस्य पास्यति।। ,"<verse>
कस्य मे सायकैः सङ्ख्ये मर्मस्वभिहतस्य च ।
सफेनं रुधिरं रक्तं पास्यति क्षितिरद्य वै ॥
</verse>",False
" There he strewed into the fire, lances as leaves, dark coloured live go at clasped by its neck and consigned. ", सतत्राग्निंसमास्तीर्यशरपत्रैस्सतोमरैः ।।छागस्यकृष्णवर्णस्यगळंजग्राहजीवतः । ,"<verse>
स तत्राग्निं समास्तीर्य शरैः पत्रैरिवोद्गतैः ।
छागस्य कृष्णवर्णस्य गलं जग्राह जीवतः ॥
</verse>",False
 It was clear that the grace and lustre of those women looked brilliant like the lustre and grace of brilliant stars releasing an auspicious glow. , ताराणामिव सुव्यक्तं महतीनां शुभार्चिषाम्।प्रभावर्णप्रसादाश्च विरेजुस्तत्र योषिताम्।। ,"<verse>
ताराणामिव सुभ्राजां दीप्तानां च शुभा प्रभा ।
व्यक्तं कान्त्या च रूपेण तासां रूपमशोभत ॥
</verse>",False
  Time passed. When the sixth day arrived Rama cautioned Lakshmana to be vigilant. , अथ काले गते तस्मिन् षष्ठेऽहनि समागते।सौमित्रिमब्रवीद्रामो यत्तो भव समाहित:।। ,"<verse>
अथ काले व्यतीते तु षष्ठेऽहनि समागते ।
सौमित्रिं राघवो धीमान् सावधानं समादिशत् ॥
</verse>",False
"  O auspiciouslooking Rama, we will stay here tonight at the confluence of both these sacred rivers Sarayu and Ganga and cross over Ganga tomorrow. ", इहाद्य रजनीं राम वसेम शुभदर्शन।पुण्ययोस्सरितोर्मध्ये श्वस्तरिष्यामहे वयम्।। ,"<verse>
इहाद्य रजनीं राम वसेम शुभदर्शन ।
तयोः सङ्गमजे पुण्ये तरिष्यामः परेऽहनि ॥
</verse>",False
" ""O Lion among kings, receive this payasam prepared by gods, conferring progeny, bestowing affluence and improving health.  ", इदं तु नृपशार्दूल पायसं देवनिर्मितम्।प्रजाकरं गृहाण त्वं धन्यमारोग्यवर्धनम्।। ,"<verse>
इदं तु नृपशार्दूल पायसं देवनिर्मितम् ।
प्रजाकरं गृहाण त्वं धन्यमारोग्यवर्धनम् ॥
</verse>",False
